query_origin,query_destination,route_code,route_long_name,agency_name,agency_url,agency_id_vat,from_stop,from_stop_code,to_stop,to_stop_code,departure_time,arrival_time,duration_min,distance_km,ticket_price,weekdays,service_date_example,planned_seats,free_seats,taken_seats,can_board,itinerary_transfers
Bajram Curri,Durrës,KU7,"B. Curri - Koman - Tiranë - B. Curri (ky itinerar realizohet pjeserisht me anije mbi liqenin e ""Fierzes"")",RILINDI,https://www.dpshtrr.al/operatoret/rilindi-shpk,K49326636A,Bajram Curri,BC-1,Tiranë Veri-Jug,TR-2,06:00,06:00,,168.2,1,"1,2,3,4,5,6,7",8/3/2026,60,0,0,True,1
Bajram Curri,Durrës,TR12,Tiranë – Durrës – Tiranë,EL ALBA - 1,https://www.dpshtrr.al/operatoret/elalba-1-shpk,K12202003J,Tiranë Veri-Jug,TR-2,Durrës Stacioni i Trenit,DR-1,06:00,06:42,42.4,35.3,1,"1,2,3,4,5,6,7",8/3/2026,60,0,0,True,1
Bajram Curri,Durrës,KU8,B. Curri -Tiranë - B. Curri (Qafa e Malit),RILINDI,https://www.dpshtrr.al/operatoret/rilindi-shpk,K49326636A,Bajram Curri,BC-1,Tiranë Veri-Jug,TR-2,07:00,11:21,261.2,217.6,1,"1,2,3,4,5,6,7",8/3/2026,60,0,0,True,1
Bajram Curri,Durrës,DR6,Durrës – Tiranë – Durrës,DEMOKRACIA 95,https://www.dpshtrr.al/operatoret/demokracia-95-shpk,K31601531F,Tiranë Veri-Jug,TR-2,Durrës Stacioni i Trenit,DR-1,11:30,12:12,42.4,35.3,1,"1,2,3,4,5,6,7",8/3/2026,60,0,0,True,1
Bajram Curri,Durrës,KU10,B. Curri - Krumë - Kukës -Tiranë- B. Curri,ABADONI,https://www.dpshtrr.al/operatoret/abadoni-shpk,L01320013P,Bajram Curri,BC-1,Tiranë Veri-Jug,TR-2,07:00,11:35,275.6,229.6,1,"1,2,3,4,5,6,7",8/3/2026,60,0,0,True,1
Bajram Curri,Durrës,DR6,Durrës – Tiranë – Durrës,DEMOKRACIA 95,https://www.dpshtrr.al/operatoret/demokracia-95-shpk,K31601531F,Tiranë Veri-Jug,TR-2,Durrës Stacioni i Trenit,DR-1,11:50,12:32,42.4,35.3,1,"1,2,3,4,5,6,7",8/3/2026,60,0,0,True,1
Bajram Curri,Durrës,TR4,"Tiranë – Koman – B. Curri – Tiranë(ky itinerar realizohet pjeserisht me anije mbi liqenin e ""Fierzes"")",DRIAGONA,https://www.dpshtrr.al/operatoret/driagona-shpk,K22006002Q,Bajram Curri,BC-1,Tiranë Veri-Jug,TR-2,09:00,12:22,202.0,168.3,1,"1,2,3,4,5,6,7",8/3/2026,60,0,0,True,1
Bajram Curri,Durrës,DR6,Durrës – Tiranë – Durrës,DEMOKRACIA 95,https://www.dpshtrr.al/operatoret/demokracia-95-shpk,K31601531F,Tiranë Veri-Jug,TR-2,Durrës Stacioni i Trenit,DR-1,12:30,13:12,42.4,35.3,1,"1,2,3,4,5,6,7",8/3/2026,60,0,0,True,1
Bajram Curri,Durrës,TR29,Tiranë – B. Curri – Tiranë (me kalim nga Qafa e Malit),SIGAL BUSINESS CENTER,http://dpshtrr.al,L32202049T,Bajram Curri,BC-1,Tiranë Veri-Jug,TR-2,08:00,12:21,261.2,217.6,1,"1,2,3,4,5,6,7",8/3/2026,60,0,0,True,1
Bajram Curri,Durrës,TR12,Tiranë – Durrës – Tiranë,EL ALBA - 1,https://www.dpshtrr.al/operatoret/elalba-1-shpk,K12202003J,Tiranë Veri-Jug,TR-2,Durrës Stacioni i Trenit,DR-1,13:00,13:42,42.4,35.3,1,"1,2,3,4,5,6,7",8/3/2026,60,0,0,True,1
Bajram Curri,Durrës,KU9,B. Curri - Durrës - B. Curri,RILINDI,https://www.dpshtrr.al/operatoret/rilindi-shpk,K49326636A,Bajram Curri,BC-1,Durrës Stacioni i Trenit,DR-1,11:00,15:54,294.4,245.3,1,"1,2,3,4,5,6,7",8/3/2026,60,0,0,True,0
Bajram Curri,Durrës,TR65,"Tiranë – Durrës – Tiranë (me kalim nga Plepat, Ndroq)",RIKI TRANS,https://www.dpshtrr.al/operatoret/riki-trans-shpk,L71309505G,Tiranë Veri-Jug,TR-2,Durrës (Plepa),DR-3,06:00,06:44,44.4,37.0,1,"1,2,3,4,5,6,7",8/3/2026,60,0,0,True,1
Bajram Curri,Durrës,TR65,"Tiranë – Durrës – Tiranë (me kalim nga Plepat, Ndroq)",RIKI TRANS,https://www.dpshtrr.al/operatoret/riki-trans-shpk,L71309505G,Tiranë Veri-Jug,TR-2,Durrës (Plepa),DR-3,12:00,12:44,44.4,37.0,1,"1,2,3,4,5,6,7",8/3/2026,60,0,0,True,1
Bajram Curri,Durrës,TR65,"Tiranë – Durrës – Tiranë (me kalim nga Plepat, Ndroq)",RIKI TRANS,https://www.dpshtrr.al/operatoret/riki-trans-shpk,L71309505G,Tiranë Veri-Jug,TR-2,Durrës (Plepa),DR-3,13:00,13:44,44.4,37.0,1,"1,2,3,4,5,6,7",8/3/2026,60,0,0,True,1
Bajram Curri,Durrës,TR65,"Tiranë – Durrës – Tiranë (me kalim nga Plepat, Ndroq)",RIKI TRANS,https://www.dpshtrr.al/operatoret/riki-trans-shpk,L71309505G,Tiranë Veri-Jug,TR-2,Durrës (Plepa),DR-3,14:00,14:44,44.4,37.0,1,"1,2,3,4,5,6,7",8/3/2026,60,0,0,True,1
Bajram Curri,Durrës,FR23,Lushnjë – Tiranë – Lushnjë,KOHA EKSPRES,https://www.dpshtrr.al/operatoret/koha-ekspres-shpk,K34017402I,Tiranë Veri-Jug,TR-2,Lushnjë,LU-1,12:30,14:08,98.1,81.7,1,"1,2,3,4,5,6,7",8/3/2026,60,0,0,True,2
Bajram Curri,Durrës,DR28,Durrës – Lushnje – Durrës,XHESI TURIST,https://www.dpshtrr.al,M32407505V,Lushnjë,LU-1,Durrës (Plepa),DR-3,14:15,15:08,53.2,44.3,1,"1,2,3,4,5,6,7",8/3/2026,60,0,0,True,2
Bajram Curri,Krumë,TR27,Tiranë – Krumë – Tiranë,SHPRESA - AL,https://www.dpshtrr.al/operatoret/shpresa-al-shpk,K31321021N,Tiranë Veri-Jug,TR-2,Krumë,KRU-4,06:00,09:25,205.1,170.8,1,"1,2,3,4,5,6,7",8/3/2026,60,0,0,True,1
Bajram Curri,Krumë,KU4,Kukës - Tiranë - Kukës,LACI KOMPANI,https://www.dpshtrr.al/operatoret/laci-kompani-shpk,L27917201V,Tiranë Veri-Jug,TR-2,Kukës,KU-1,12:00,14:41,161.1,134.2,1,"1,2,3,4,5,6,7",8/3/2026,60,0,0,True,2
Bajram Curri,Krumë,KU14,Krumë - Kukës - Krumë,NELI TOURS,https://www.dpshtrr.al/operatoret/neli-tours,L47027901T,Kukës,KU-1,Krumë,KRU-4,15:00,15:34,34.7,28.9,1,"1,2,3,4,5,6,7",8/3/2026,60,0,0,True,2
Bajram Curri,Krumë,KU12,Krumë - Tiranë - Krumë,SEIDI TOURS,https://www.dpshtrr.al/operatoret/seidi-tours-shpk,K97116901R,Tiranë Veri-Jug,TR-2,Krumë,KRU-4,13:30,16:44,194.1,161.7,1,"1,2,3,4,5,6,7",8/3/2026,60,0,0,True,1
Bajram Curri,Krumë,KU12,Krumë - Tiranë - Krumë,SEIDI TOURS,https://www.dpshtrr.al/operatoret/seidi-tours-shpk,K97116901R,Tiranë Veri-Jug,TR-2,Krumë,KRU-4,17:30,20:44,194.1,161.7,1,"1,2,3,4,5,6,7",8/3/2026,60,0,0,True,1
Bajram Curri,Krumë,KU16,B. Curri – Krumë – B. Curri,eTransport,https://www.dpshtrr.al/operatoret-etransport,1,Bajram Curri,BC-1,Krumë,KRU-4,00:00,01:20,80.7,67.2,1,"1,2,3,4,5,6,7",8/3/2026,60,0,0,True,0
Bajram Curri,Krumë,KU18,Krumë – B. Curri – Krumë,eTransport,https://www.dpshtrr.al/operatoret-etransport,1,Bajram Curri,BC-1,Krumë,KRU-4,00:00,01:20,80.7,67.2,1,"1,2,3,4,5,6,7",8/3/2026,60,0,0,True,0
Bajram Curri,Kukës,TR7,Tiranë – Kukës – Tiranë,BIT + D 2010,https://www.dpshtrr.al/operatoret/bit-d-2010-shpk,L01908016U,Tiranë Veri-Jug,TR-2,Kukës,KU-1,06:00,08:50,170.4,142.0,1,"1,2,3,4,5,6,7",8/3/2026,60,0,0,True,1
Bajram Curri,Kukës,KU4,Kukës - Tiranë - Kukës,LACI KOMPANI,https://www.dpshtrr.al/operatoret/laci-kompani-shpk,L27917201V,Tiranë Veri-Jug,TR-2,Kukës,KU-1,13:00,15:41,161.1,134.2,1,"1,2,3,4,5,6,7",8/3/2026,60,0,0,True,1
Bajram Curri,Kukës,DI1,Peshkopi – Tiranë – Peshkopi,ARIU ARIU,https://www.dpshtrr.al/operatoret/ariu-ariu-shpk,L27418702D,Tiranë Veri-Jug,TR-2,Peshkopi,DI-3,12:00,14:05,125.8,104.8,1,"1,2,3,4,5,6,7",8/3/2026,60,0,0,True,2
Bajram Curri,Kukës,KU19,Kukës – Peshkopi – Kukës,FAT - 5,https://www.dpshtrr.al/operatoret/fat-5-shpk,K37509289U,Peshkopi,DI-3,Kukës,KU-1,15:00,16:28,88.6,73.8,1,"1,2,3,4,5,6,7",8/3/2026,60,0,0,True,2
Bajram Curri,Kukës,KU15,Kukës – Bajram Curri – Kukës,eTransport,https://www.dpshtrr.al/operatoret-etransport,1,Bajram Curri,BC-1,Kukës,KU-1,00:00,01:55,115.2,96.0,1,"1,2,3,4,5,6,7",8/3/2026,60,0,0,True,0
Bajram Curri,Kukës,KU17,B. Curri – Kukës – B. Curri,eTransport,https://www.dpshtrr.al/operatoret-etransport,1,Bajram Curri,BC-1,Kukës,KU-1,00:00,01:55,115.2,96.0,1,"1,2,3,4,5,6,7",8/3/2026,60,0,0,True,0
Bajram Curri,Tiranë,DR42,Durrës – Rinas (Aeroport) – Durrës,ADIS,https://www.dpshtrr.al/operatoret/adis-shpk,K31412511R,Durrës Stacioni i Trenit,DR-1,Rinas Aeroport,TR-4,08:00,08:41,41.0,34.2,1,"1,2,3,4,5,6,7",8/3/2026,60,0,0,True,3
Bajram Curri,Tiranë,TR33,Tiranë – Rinas (Aeroport) – Tiranë,Luna,https://www.dpshtrr.al/operatoret/lu-na-shpk,K31412087P,Rinas Aeroport,TR-4,Tirane Qendër Aeroport,TR-14,09:00,09:22,22.5,18.7,1,"1,2,3,4,5,6,7",8/3/2026,60,0,0,True,3
Bajram Curri,Tiranë,DR42,Durrës – Rinas (Aeroport) – Durrës,ADIS,https://www.dpshtrr.al/operatoret/adis-shpk,K31412511R,Durrës Stacioni i Trenit,DR-1,Rinas Aeroport,TR-4,13:00,13:41,41.0,34.2,1,"1,2,3,4,5,6,7",8/3/2026,60,0,0,True,3
Bajram Curri,Tiranë,TR33,Tiranë – Rinas (Aeroport) – Tiranë,Luna,https://www.dpshtrr.al/operatoret/lu-na-shpk,K31412087P,Rinas Aeroport,TR-4,Tirane Qendër Aeroport,TR-14,14:00,14:22,22.5,18.7,1,"1,2,3,4,5,6,7",8/3/2026,60,0,0,True,3
Bajram Curri,Tiranë,FR1,Fier – Tiranë – Fier,KOMPAKT,https://www.dpshtrr.al/operatoret/kompakt-shpk,K23407401F,Tiranë Veri-Jug,TR-2,Fier,FR-8,12:30,14:41,131.5,109.6,1,"1,2,3,4,5,6,7",8/3/2026,60,0,0,True,3
Bajram Curri,Tiranë,FR12,"Fier – Rinas – Fier (nga Ura e Dajlanit, Vorë)",EURO - ALBANIA TRAVEL,https://www.dpshtrr.al/operatoret/euro-albania-travel-shpk,L33609403Q,Fier,FR-8,Rinas Aeroport,TR-4,15:00,15:00,,105.9,1,"1,2,3,4,5,6,7",8/3/2026,60,0,0,True,3
Bajram Curri,Tiranë,TR33,Tiranë – Rinas (Aeroport) – Tiranë,Luna,https://www.dpshtrr.al/operatoret/lu-na-shpk,K31412087P,Rinas Aeroport,TR-4,Tirane Qendër Aeroport,TR-14,15:00,15:22,22.5,18.7,1,"1,2,3,4,5,6,7",8/3/2026,60,0,0,True,3
Bajram Curri,Tiranë,DR42,Durrës – Rinas (Aeroport) – Durrës,ADIS,https://www.dpshtrr.al/operatoret/adis-shpk,K31412511R,Durrës Stacioni i Trenit,DR-1,Rinas Aeroport,TR-4,15:00,15:41,41.0,34.2,1,"1,2,3,4,5,6,7",8/3/2026,60,0,0,True,3
Bajram Curri,Tiranë,TR33,Tiranë – Rinas (Aeroport) – Tiranë,Luna,https://www.dpshtrr.al/operatoret/lu-na-shpk,K31412087P,Rinas Aeroport,TR-4,Tirane Qendër Aeroport,TR-14,18:00,18:22,22.5,18.7,1,"1,2,3,4,5,6,7",8/3/2026,60,0,0,True,3
Bajram Curri,Tiranë,ShK1,Shkodër - Tiranë - Shkodër,ROZAFA ORTAKËT,https://www.dpshtrr.al/operatoret/rozafa-ortaket-shpk,K26702001R,Tiranë Veri-Jug,TR-2,Shkodër,SH-15,12:30,14:18,108.2,90.2,1,"1,2,3,4,5,6,7",8/3/2026,60,0,0,True,3
Bajram Curri,Tiranë,ShK4,Shkodër - Rinas - Shkodër,HERMES AEROPORT,https://www.dpshtrr.al/operatoret/hermes-aeroport-shpk,L67324202E,Shkodër,SH-15,Rinas Aeroport,TR-4,16:00,17:39,99.7,83.1,1,"1,2,3,4,5,6,7",8/3/2026,60,0,0,True,3
Bajram Curri,Tiranë,TR33,Tiranë – Rinas (Aeroport) – Tiranë,Luna,https://www.dpshtrr.al/operatoret/lu-na-shpk,K31412087P,Rinas Aeroport,TR-4,Tirane Qendër Aeroport,TR-14,19:00,19:22,22.5,18.7,1,"1,2,3,4,5,6,7",8/3/2026,60,0,0,True,3
Bajram Curri,Tiranë,DR43,Durrës – Shijak – Durrës,ANDROMEDA GROUP,https://www.dpshtrr.al/operatoret/andromeda-group-shpk,L61307527C,Durrës Stacioni i Trenit,DR-1,Shijak,DR-16,07:00,07:16,16.1,13.4,1,"1,2,3,4,5,6,7",8/3/2026,60,0,0,True,4
Bajram Curri,Tiranë,DR55,Shijak – Elbasan – Shijak,PALI TRANS 2013,http://dpshtrr.al,L32112504F,Shijak,DR-16,"Elbasan ""Kryqezimi i Cerrikut""",EL-4,07:20,08:39,79.7,66.4,1,"1,2,3,4,5,6,7",8/3/2026,60,0,0,True,4
Bajram Curri,Tiranë,TR43,Tiranë – Elbasan – Tiranë,EL ALBA 2,https://www.dpshtrr.al/operatoret/elalba-2-shpk,K21402001V,"Elbasan ""Kryqezimi i Cerrikut""",EL-4,Tiranë Jug-Lindje,TR-1,09:15,09:54,39.1,33.1,1,"1,2,3,4,5,6,7",8/3/2026,60,0,0,True,4
Bajram Curri,Tiranë,EL36,Librazhd – Durrës – Librazhd,PRODANI,https://www.dpshtrr.al/operatoret/prodani,K27713621J,Durrës (Plepa),DR-3,Librazhd,LB-3,13:20,15:17,117.2,97.6,1,"1,2,3,4,5,6,7",8/3/2026,60,0,0,True,3
Bajram Curri,Tiranë,TR46,Tiranë – Librazhd – Tiranë,GREEN BUS,https://www.dpshtrr.al/operatoret/green-bus-travel,L81523015O,Librazhd,LB-3,Tiranë Jug-Lindje,TR-1,15:30,16:38,68.3,56.9,1,"1,2,3,4,5,6,7",8/3/2026,60,0,0,True,3
Bajram Curri,Tiranë,DR54,Shijak – Tiranë – Shijak,ERZENI TRANS,https://www.dpshtrr.al/operatoret/erzeni-trans-shpk,K31527595W,Tiranë Veri-Jug,TR-2,Shijak,DR-16,12:45,13:16,31.2,26.0,1,"1,2,3,4,5,6,7",8/3/2026,60,0,0,True,3
Bajram Curri,Tiranë,EL10,Elbasan – Shijak – Elbasan (pa të drejtë hyrje në Durrës),SKAMPA TRANS,https://www.dpshtrr.al/operatoret/skampa-trans-shpk,L82914203S,Shijak,DR-16,"Elbasan ""Kryqezimi i Cerrikut""",EL-4,13:30,15:18,108.0,90.0,1,"1,2,3,4,5,6,7",8/3/2026,60,0,0,True,3
Bajram Curri,Tiranë,TR43,Tiranë – Elbasan – Tiranë,EL ALBA 2,https://www.dpshtrr.al/operatoret/elalba-2-shpk,K21402001V,"Elbasan ""Kryqezimi i Cerrikut""",EL-4,Tiranë Jug-Lindje,TR-1,16:15,16:54,39.1,33.1,1,"1,2,3,4,5,6,7",8/3/2026,60,0,0,True,3
Bajram Curri,Tiranë,EL1,Elbasan – Durrës – Elbasan,TRANSEL,https://www.dpshtrr.al/operatoret/transel-shpk,K63320202V,Durrës (Plepa),DR-3,"Elbasan ""Kryqezimi i Cerrikut""",EL-4,14:00,15:28,88.6,73.8,1,"1,2,3,4,5,6,7",8/3/2026,60,0,0,True,3
Bajram Curri,Tiranë,TR43,Tiranë – Elbasan – Tiranë,EL ALBA 2,https://www.dpshtrr.al/operatoret/elalba-2-shpk,K21402001V,"Elbasan ""Kryqezimi i Cerrikut""",EL-4,Tiranë Jug-Lindje,TR-1,16:30,17:09,39.1,33.1,1,"1,2,3,4,5,6,7",8/3/2026,60,0,0,True,3
Bajram Curri,Tiranë,EL8,Elbasan – Lushnje – Elbasan (me kalim nga Rrogozhina),LLIXHA 2001,https://www.dpshtrr.al/operatoret/llixha-2001-shpk,K13127201O,Lushnjë,LU-1,"Elbasan ""Kryqezimi i Cerrikut""",EL-4,14:15,15:28,73.8,61.5,1,"1,2,3,4,5,6,7",8/3/2026,60,0,0,True,3
Bajram Curri,Tiranë,TR43,Tiranë – Elbasan – Tiranë,EL ALBA 2,https://www.dpshtrr.al/operatoret/elalba-2-shpk,K21402001V,"Elbasan ""Kryqezimi i Cerrikut""",EL-4,Tiranë Jug-Lindje,TR-1,17:00,17:39,39.1,33.1,1,"1,2,3,4,5,6,7",8/3/2026,60,0,0,True,3
Bajram Curri,Tiranë,TR3,Tiranë – Shkodër – Tiranë,EL ALBA - 1,https://www.dpshtrr.al/operatoret/elalba-1-shpk,K12202003J,Tiranë Veri-Jug,TR-2,Shkodër,SH-15,06:00,07:48,108.2,90.2,1,"1,2,3,4,5,6,7",8/3/2026,60,0,0,True,2
Bajram Curri,Tiranë,TR70,Kamëz – Shkodër – Kamëz,SHPRESA - AL,https://www.dpshtrr.al/operatoret/shpresa-al-shpk,K31321021N,Shkodër,SH-15,Kamez 2,TR-00097,09:00,10:46,106.6,88.8,1,"1,2,3,4,5,6,7",8/3/2026,60,0,0,True,2
Bajram Curri,Tiranë,TR70,Kamëz – Shkodër – Kamëz,SHPRESA - AL,https://www.dpshtrr.al/operatoret/shpresa-al-shpk,K31321021N,Shkodër,SH-15,Kamez 2,TR-00097,16:00,17:46,106.6,88.8,1,"1,2,3,4,5,6,7",8/3/2026,60,0,0,True,2
Bajram Curri,Tiranë,TR3,Tiranë – Shkodër – Tiranë,EL ALBA - 1,https://www.dpshtrr.al/operatoret/elalba-1-shpk,K12202003J,Tiranë Veri-Jug,TR-2,Shkodër,SH-15,11:30,13:18,108.2,90.2,1,"1,2,3,4,5,6,7",8/3/2026,60,0,0,True,2
Bajram Curri,Tiranë,TR70,Kamëz – Shkodër – Kamëz,SHPRESA - AL,https://www.dpshtrr.al/operatoret/shpresa-al-shpk,K31321021N,Shkodër,SH-15,Kamez 2,TR-00097,10:00,11:46,106.6,88.8,1,"1,2,3,4,5,6,7",8/4/2026,60,0,0,True,2
Ballsh,Berat,FR19,Ballsh – Fier – Ballsh,SHAMETAJ,https://www.dpshtrr.al/operatoret/shametaj-transport-shpk,K88128801D,Ballsh,FR-11,Fier,FR-8,06:00,06:31,31.9,26.6,1,"1,2,3,4,5,6,7",8/3/2026,60,0,0,True,1
Ballsh,Berat,FR2,Fier – Berat – Fier,ÇUKO,https://www.dpshtrr.al/operatoret/cuko-shpk,J62903571K,Fier,FR-8,Berat,BR-1,07:30,08:22,52.1,43.4,1,"1,2,3,4,5,6,7",8/3/2026,60,0,0,True,1
Ballsh,Berat,FR19,Ballsh – Fier – Ballsh,SHAMETAJ,https://www.dpshtrr.al/operatoret/shametaj-transport-shpk,K88128801D,Ballsh,FR-11,Fier,FR-8,06:45,07:16,31.9,26.6,1,"1,2,3,4,5,6,7",8/3/2026,60,0,0,True,1
Ballsh,Berat,FR2,Fier – Berat – Fier,ÇUKO,https://www.dpshtrr.al/operatoret/cuko-shpk,J62903571K,Fier,FR-8,Berat,BR-1,08:00,08:52,52.1,43.4,1,"1,2,3,4,5,6,7",8/3/2026,60,0,0,True,1
Ballsh,Berat,FR18,Ballsh – Vlorë – Ballsh,SHAMETAJ,https://www.dpshtrr.al/operatoret/shametaj-transport-shpk,K88128801D,Ballsh,FR-11,Vlorë,VL-28,06:15,07:25,70.5,58.7,1,"1,2,3,4,5,6,7",8/3/2026,60,0,0,True,1
Ballsh,Berat,VL6,Vlorë - Berat - Vlorë (me kalim nga Roskoveci),HODAJ TRANSPORT,https://www.dpshtrr.al/operatoret/sal-eri-shpk,L47306201T,Vlorë,VL-28,Berat,BR-1,07:30,09:05,95.1,79.2,1,"1,2,3,4,5,6,7",8/3/2026,60,0,0,True,1
Ballsh,Berat,FR13,Fier – Ballsh – Fier,ZAHAJ 2013,https://www.dpshtrr.al/operatoret/zahaj-2013-shpk,L32725402U,Ballsh,FR-11,Fier,FR-8,08:00,08:31,31.9,26.6,1,"1,2,3,4,5,6,7",8/3/2026,60,0,0,True,1
Ballsh,Berat,FR2,Fier – Berat – Fier,ÇUKO,https://www.dpshtrr.al/operatoret/cuko-shpk,J62903571K,Fier,FR-8,Berat,BR-1,09:00,09:52,52.1,43.4,1,"1,2,3,4,5,6,7",8/3/2026,60,0,0,True,1
Ballsh,Berat,FR19,Ballsh – Fier – Ballsh,SHAMETAJ,https://www.dpshtrr.al/operatoret/shametaj-transport-shpk,K88128801D,Ballsh,FR-11,Fier,FR-8,09:00,09:31,31.9,26.6,1,"1,2,3,4,5,6,7",8/3/2026,60,0,0,True,1
Ballsh,Berat,BR29,Berat - Fier - Berat,AIDA - TRANS 02,https://www.dpshtrr.al/operatoret/aida-trans-02-shpk,K32515186K,Fier,FR-8,Berat,BR-1,09:40,10:32,52.1,43.4,1,"1,2,3,4,5,6,7",8/3/2026,60,0,0,True,1
Ballsh,Berat,FR18,Ballsh – Vlorë – Ballsh,SHAMETAJ,https://www.dpshtrr.al/operatoret/shametaj-transport-shpk,K88128801D,Ballsh,FR-11,Vlorë,VL-28,07:00,08:10,70.5,58.7,1,"1,2,3,4,5,6,7",8/3/2026,60,0,0,True,1
Ballsh,Berat,VL6,Vlorë - Berat - Vlorë (me kalim nga Roskoveci),HODAJ TRANSPORT,https://www.dpshtrr.al/operatoret/sal-eri-shpk,L47306201T,Vlorë,VL-28,Berat,BR-1,09:00,10:35,95.1,79.2,1,"1,2,3,4,5,6,7",8/3/2026,60,0,0,True,1
Ballsh,Berat,FR13,Fier – Ballsh – Fier,ZAHAJ 2013,https://www.dpshtrr.al/operatoret/zahaj-2013-shpk,L32725402U,Ballsh,FR-11,Fier,FR-8,10:00,10:31,31.9,26.6,1,"1,2,3,4,5,6,7",8/3/2026,60,0,0,True,1
Ballsh,Berat,BR29,Berat - Fier - Berat,AIDA - TRANS 02,https://www.dpshtrr.al/operatoret/aida-trans-02-shpk,K32515186K,Fier,FR-8,Berat,BR-1,10:40,11:32,52.1,43.4,1,"1,2,3,4,5,6,7",8/3/2026,60,0,0,True,1
Ballsh,Berat,FR19,Ballsh – Fier – Ballsh,SHAMETAJ,https://www.dpshtrr.al/operatoret/shametaj-transport-shpk,K88128801D,Ballsh,FR-11,Fier,FR-8,11:00,11:31,31.9,26.6,1,"1,2,3,4,5,6,7",8/3/2026,60,0,0,True,1
Ballsh,Berat,FR2,Fier – Berat – Fier,ÇUKO,https://www.dpshtrr.al/operatoret/cuko-shpk,J62903571K,Fier,FR-8,Berat,BR-1,12:00,12:52,52.1,43.4,1,"1,2,3,4,5,6,7",8/3/2026,60,0,0,True,1
Ballsh,Fier,VL4,Vlorë - Fier - Vlorë,INTERBUZ VLORA,https://www.dpshtrr.al/operatoret/interbuz-vlora-shpk,K37004203O,Vlorë,VL-28,Fier,FR-8,08:00,08:44,44.5,37.1,1,"1,2,3,4,5,6,7",8/3/2026,60,0,0,True,1
Ballsh,Fier,FR13,Fier – Ballsh – Fier,ZAHAJ 2013,https://www.dpshtrr.al/operatoret/zahaj-2013-shpk,L32725402U,Ballsh,FR-11,Fier,FR-8,12:30,13:01,31.9,26.6,1,"1,2,3,4,5,6,7",8/3/2026,60,0,0,True,0
Ballsh,Gjirokastër,FR9,Fier – Gjirokastër – Fier,KOMPAKT,https://www.dpshtrr.al/operatoret/kompakt-shpk,K23407401F,Fier,FR-8,Gjirokastër,GJ-1,07:00,09:06,127.0,105.8,1,"1,2,3,4,5,6,7",8/3/2026,60,0,0,True,1
Ballsh,Gjirokastër,FR9,Fier – Gjirokastër – Fier,KOMPAKT,https://www.dpshtrr.al/operatoret/kompakt-shpk,K23407401F,Fier,FR-8,Gjirokastër,GJ-1,08:30,10:36,127.0,105.8,1,"1,2,3,4,5,6,7",8/3/2026,60,0,0,True,1
Ballsh,Gjirokastër,PE18,TEPELENE – VLORË – TEPELENË,eTransport,https://www.dpshtrr.al/operatoret-etransport,1,Vlorë,VL-28,Tepelenë,GJ-12,08:00,09:50,110.6,92.2,1,"1,2,3,4,5,6,7",8/3/2026,60,0,0,True,2
Ballsh,Gjirokastër,GJ24,Gjirokastër – Tepelenë – Gjirokastër,eTransport,https://www.dpshtrr.al/operatoret-etransport,1,Tepelenë,GJ-12,Gjirokastër,GJ-1,10:30,11:03,33.4,27.9,1,"1,2,3,4,5,6,7",8/3/2026,60,0,0,True,2
Ballsh,Gjirokastër,VL8,Vlorë - Përmet - Vlorë,CIPINI,https://www.dpshtrr.al/operatoret/cipini-shpk,K36405207P,Vlorë,VL-28,Përmet,PR-1,08:30,11:10,160.4,133.6,1,"1,2,3,4,5,6,7",8/3/2026,60,0,0,True,2
Ballsh,Gjirokastër,GJ34,Gjirokastër – Përmet – Gjirokastër,SKENDI - 2014,https://www.dpshtrr.al/operatoret/skendi-2014-shpk,L53428602T,Përmet,PR-1,Gjirokastër,GJ-1,12:00,13:10,70.8,59.0,1,"1,2,3,4,5,6,7",8/3/2026,60,0,0,True,2
Ballsh,Gjirokastër,FR16,Ballsh – Tiranë – Ballsh (me kalim nga Patosi),EN-SILV BUS,https://www.dpshtrr.al/operatoret/ensilv-bus-shpk,L18308801S,Ballsh,FR-11,Tiranë Veri-Jug,TR-2,05:30,08:08,158.0,131.7,1,"1,2,3,4,5,6,7",8/3/2026,60,0,0,True,1
Ballsh,Gjirokastër,TR15,Tiranë – Gjirokastër – Tiranë,TIRKA 2000,https://www.dpshtrr.al/operatoret/tirka-2000-shpk,J72027001C,Tiranë Veri-Jug,TR-2,Gjirokastër,GJ-1,09:00,13:31,271.1,225.8,1,"1,2,3,4,5,6,7",8/3/2026,60,0,0,True,1
Ballsh,Gjirokastër,FR16,Ballsh – Tiranë – Ballsh (me kalim nga Patosi),EN-SILV BUS,https://www.dpshtrr.al/operatoret/ensilv-bus-shpk,L18308801S,Ballsh,FR-11,Tiranë Veri-Jug,TR-2,06:30,09:08,158.0,131.7,1,"1,2,3,4,5,6,7",8/3/2026,60,0,0,True,1
Ballsh,Gjirokastër,TR15,Tiranë – Gjirokastër – Tiranë,TIRKA 2000,https://www.dpshtrr.al/operatoret/tirka-2000-shpk,J72027001C,Tiranë Veri-Jug,TR-2,Gjirokastër,GJ-1,10:00,14:31,271.1,225.8,1,"1,2,3,4,5,6,7",8/3/2026,60,0,0,True,1
Ballsh,Gjirokastër,FR16,Ballsh – Tiranë – Ballsh (me kalim nga Patosi),EN-SILV BUS,https://www.dpshtrr.al/operatoret/ensilv-bus-shpk,L18308801S,Ballsh,FR-11,Tiranë Veri-Jug,TR-2,07:30,10:08,158.0,131.7,1,"1,2,3,4,5,6,7",8/3/2026,60,0,0,True,1
Ballsh,Gjirokastër,GJ6,Gjirokastër - Tiranë - Gjirokastër,ARGJIRO,https://www.dpshtrr.al/operatoret/argjiro-shpk,J93316647D,Tiranë Veri-Jug,TR-2,Gjirokastër,GJ-1,11:00,15:31,271.8,226.4,1,"1,2,3,4,5,6,7",8/3/2026,60,0,0,True,1
Ballsh,Gjirokastër,FR39,Ballsh – Gjirokastër – Ballsh,eTransport,https://www.dpshtrr.al/operatoret-etransport,1,Ballsh,FR-11,Gjirokastër,GJ-1,00:00,01:38,98.7,82.2,1,"1,2,3,4,5,6,7",8/3/2026,60,0,0,True,0
Ballsh,Patos,FR36,Patos – Berat – Patos,BESJERI,http://dpshtrr.al,K72811401R,Berat,BR-1,Patos,FR-12,08:25,09:11,46.3,38.6,1,"1,2,3,4,5,6,7",8/3/2026,60,0,0,True,2
Ballsh,Patos,FR37,Patos – Vlorë – Patos (pa të drejtë qëndrimi në Fier),ADEL,https://www.dpshtrr.al/operatoret/adel-shpk,K23610401D,Vlorë,VL-28,Patos,FR-12,10:10,11:02,52.3,43.6,1,"1,2,3,4,5,6,7",8/3/2026,60,0,0,True,1
Ballsh,Patos,FR1,Fier – Tiranë – Fier,KOMPAKT,https://www.dpshtrr.al/operatoret/kompakt-shpk,K23407401F,Fier,FR-8,Tiranë Veri-Jug,TR-2,07:20,07:20,,107.5,1,"1,2,3,4,5,6,7",8/3/2026,60,0,0,True,2
Ballsh,Patos,FR35,Patos – Tiranë – Patos,ADEL,https://www.dpshtrr.al/operatoret/adel-shpk,K23610401D,Tiranë Veri-Jug,TR-2,Patos,FR-12,10:40,13:05,145.5,121.2,1,"1,2,3,4,5,6,7",8/3/2026,60,0,0,True,2
Ballsh,Patos,TR56,Tiranë – Patos – Tiranë,ARJANI,https://www.dpshtrr.al/operatoret/arjani-shpk,J63208424W,Tiranë Veri-Jug,TR-2,Patos,FR-12,11:00,13:22,142.1,118.4,1,"1,2,3,4,5,6,7",8/3/2026,60,0,0,True,1
Ballsh,Patos,FR37,Patos – Vlorë – Patos (pa të drejtë qëndrimi në Fier),ADEL,https://www.dpshtrr.al/operatoret/adel-shpk,K23610401D,Vlorë,VL-28,Patos,FR-12,13:15,14:07,52.3,43.6,1,"1,2,3,4,5,6,7",8/3/2026,60,0,0,True,1
Ballsh,Patos,VL4,Vlorë - Fier - Vlorë,INTERBUZ VLORA,https://www.dpshtrr.al/operatoret/interbuz-vlora-shpk,K37004203O,Fier,FR-8,Vlorë,VL-28,09:00,09:45,45.6,38.0,1,"1,2,3,4,5,6,7",8/3/2026,60,0,0,True,2
Ballsh,Patos,FR37,Patos – Vlorë – Patos (pa të drejtë qëndrimi në Fier),ADEL,https://www.dpshtrr.al/operatoret/adel-shpk,K23610401D,Vlorë,VL-28,Patos,FR-12,15:15,16:07,52.3,43.6,1,"1,2,3,4,5,6,7",8/3/2026,60,0,0,True,2
Ballsh,Patos,FR48,Patos – Ballsh – Patos,eTransport,https://www.dpshtrr.al/operatoret-etransport,1,Ballsh,FR-11,Patos,FR-12,00:00,00:18,18.6,15.5,1,"1,2,3,4,5,6,7",8/3/2026,60,0,0,True,0
Ballsh,Patos,FR41,Ballsh – Patos – Ballsh,eTransport,https://www.dpshtrr.al/operatoret-etransport,1,Ballsh,FR-11,Patos,FR-12,00:00,00:18,18.6,15.5,1,"1,2,3,4,5,6,7",8/3/2026,60,0,0,True,0
Ballsh,Sarandë,VL17,Vlorë - Sarandë - Vlorë (me kalim nga Bregu),BORAKU,https://www.dpshtrr.al/operatoret/boraku-shpk,K36406218M,Vlorë,VL-28,Sarandë,SR-7,07:45,10:19,154.9,129.0,1,"1,2,3,4,5,6,7",8/3/2026,60,0,0,True,1
Ballsh,Sarandë,FR5,Fier – Sarandë – Fier,KOMPAKT,https://www.dpshtrr.al/operatoret/kompakt-shpk,K23407401F,Fier,FR-8,Sarandë,SR-7,08:00,10:48,168.7,140.6,1,"1,2,3,4,5,6,7",8/3/2026,60,0,0,True,1
Ballsh,Sarandë,VL17,Vlorë - Sarandë - Vlorë (me kalim nga Bregu),BORAKU,https://www.dpshtrr.al/operatoret/boraku-shpk,K36406218M,Vlorë,VL-28,Sarandë,SR-7,08:30,11:04,154.9,129.0,1,"1,2,3,4,5,6,7",8/3/2026,60,0,0,True,1
Ballsh,Sarandë,TR18,Tiranë – Sarandë – Tiranë (me kalim nga Muzina),TISA,https://www.dpshtrr.al/operatoret/tisa-shpk,K31520093K,Tiranë Veri-Jug,TR-2,Sarandë,SR-7,07:30,12:19,289.8,280.0,1,"1,2,3,4,5,6,7",8/3/2026,60,0,0,True,2
Ballsh,Sarandë,TR18,Tiranë – Sarandë – Tiranë (me kalim nga Muzina),TISA,https://www.dpshtrr.al/operatoret/tisa-shpk,K31520093K,Tiranë Veri-Jug,TR-2,Sarandë,SR-7,08:30,13:19,289.8,280.0,1,"1,2,3,4,5,6,7",8/3/2026,60,0,0,True,1
Ballsh,Sarandë,VL35,Sarandë- Vlorë - Sarandë ( me kalim nga bregu ),TRANS-BUS SARANDA,https://www.dpshtrr.al/operatoret/transbus-saranda-shpk,K83725804U,Vlorë,VL-28,Sarandë,SR-7,11:30,14:04,154.9,129.0,1,"1,2,3,4,5,6,7",8/3/2026,60,0,0,True,2
Ballsh,Sarandë,FR1,Fier – Tiranë – Fier,KOMPAKT,https://www.dpshtrr.al/operatoret/kompakt-shpk,K23407401F,Fier,FR-8,Tiranë Veri-Jug,TR-2,10:00,10:00,,107.5,1,"1,2,3,4,5,6,7",8/3/2026,60,0,0,True,2
Ballsh,Sarandë,TR17,Tiranë – Sarandë – Tiranë ( me kalim nga Bregu ),OLGENO,https://www.dpshtrr.al/operatoret/olgeno-shpk,K31825016M,Tiranë Veri-Jug,TR-2,Sarandë,SR-7,10:30,16:11,341.0,284.1,1,"1,2,3,4,5,6,7",8/3/2026,60,0,0,True,2
Ballsh,Sarandë,FR1,Fier – Tiranë – Fier,KOMPAKT,https://www.dpshtrr.al/operatoret/kompakt-shpk,K23407401F,Fier,FR-8,Tiranë Veri-Jug,TR-2,10:40,10:40,,107.5,1,"1,2,3,4,5,6,7",8/3/2026,60,0,0,True,3
Ballsh,Sarandë,GJ20,Tepelenë - Tiranë - Tepelenë,TEPELENA TRANSPORT,https://www.dpshtrr.al/operatoret/tepelena-transport-shpk,L68815501J,Tiranë Veri-Jug,TR-2,Tepelenë,GJ-12,11:00,14:58,238.5,198.7,1,"1,2,3,4,5,6,7",8/3/2026,60,0,0,True,3
Ballsh,Sarandë,VL29,Sarandë - Tepelenë - Sarandë,TRANS - BUTRINTI,https://www.dpshtrr.al/operatoret/trans-butrinti-shpk,K04814854U,Tepelenë,GJ-12,Sarandë,SR-7,15:00,16:15,75.2,62.7,1,"1,2,3,4,5,6,7",8/3/2026,60,0,0,True,3
Ballsh,Tiranë,FR1,Fier – Tiranë – Fier,KOMPAKT,https://www.dpshtrr.al/operatoret/kompakt-shpk,K23407401F,Fier,FR-8,Tiranë Veri-Jug,TR-2,06:40,06:40,,107.5,1,"1,2,3,4,5,6,7",8/3/2026,60,0,0,True,4
Ballsh,Tiranë,TR12,Tiranë – Durrës – Tiranë,EL ALBA - 1,https://www.dpshtrr.al/operatoret/elalba-1-shpk,K12202003J,Tiranë Veri-Jug,TR-2,Durrës Stacioni i Trenit,DR-1,07:00,07:42,42.4,35.3,1,"1,2,3,4,5,6,7",8/3/2026,60,0,0,True,4
Ballsh,Tiranë,TR12,Tiranë – Durrës – Tiranë,EL ALBA - 1,https://www.dpshtrr.al/operatoret/elalba-1-shpk,K12202003J,Tiranë Veri-Jug,TR-2,Durrës Stacioni i Trenit,DR-1,07:30,08:12,42.4,35.3,1,"1,2,3,4,5,6,7",8/3/2026,60,0,0,True,4
Ballsh,Tiranë,DR42,Durrës – Rinas (Aeroport) – Durrës,ADIS,https://www.dpshtrr.al/operatoret/adis-shpk,K31412511R,Durrës Stacioni i Trenit,DR-1,Rinas Aeroport,TR-4,09:30,10:11,41.0,34.2,1,"1,2,3,4,5,6,7",8/3/2026,60,0,0,True,4
Ballsh,Tiranë,TR33,Tiranë – Rinas (Aeroport) – Tiranë,Luna,https://www.dpshtrr.al/operatoret/lu-na-shpk,K31412087P,Rinas Aeroport,TR-4,Tirane Qendër Aeroport,TR-14,11:00,11:22,22.5,18.7,1,"1,2,3,4,5,6,7",8/3/2026,60,0,0,True,4
Ballsh,Tiranë,FR12,"Fier – Rinas – Fier (nga Ura e Dajlanit, Vorë)",EURO - ALBANIA TRAVEL,https://www.dpshtrr.al/operatoret/euro-albania-travel-shpk,L33609403Q,Fier,FR-8,Rinas Aeroport,TR-4,09:30,11:37,127.2,105.9,1,"1,2,3,4,5,6,7",8/3/2026,60,0,0,True,2
Ballsh,Tiranë,TR33,Tiranë – Rinas (Aeroport) – Tiranë,Luna,https://www.dpshtrr.al/operatoret/lu-na-shpk,K31412087P,Rinas Aeroport,TR-4,Tirane Qendër Aeroport,TR-14,12:00,12:22,22.5,18.7,1,"1,2,3,4,5,6,7",8/3/2026,60,0,0,True,2
Ballsh,Tiranë,DR6,Durrës – Tiranë – Durrës,DEMOKRACIA 95,https://www.dpshtrr.al/operatoret/demokracia-95-shpk,K31601531F,Tiranë Veri-Jug,TR-2,Durrës Stacioni i Trenit,DR-1,10:10,10:52,42.4,35.3,1,"1,2,3,4,5,6,7",8/3/2026,60,0,0,True,4
Ballsh,Tiranë,DR42,Durrës – Rinas (Aeroport) – Durrës,ADIS,https://www.dpshtrr.al/operatoret/adis-shpk,K31412511R,Durrës Stacioni i Trenit,DR-1,Rinas Aeroport,TR-4,11:00,11:41,41.0,34.2,1,"1,2,3,4,5,6,7",8/3/2026,60,0,0,True,4
Ballsh,Tiranë,TR33,Tiranë – Rinas (Aeroport) – Tiranë,Luna,https://www.dpshtrr.al/operatoret/lu-na-shpk,K31412087P,Rinas Aeroport,TR-4,Tirane Qendër Aeroport,TR-14,13:00,13:22,22.5,18.7,1,"1,2,3,4,5,6,7",8/3/2026,60,0,0,True,4
Ballsh,Tiranë,DR6,Durrës – Tiranë – Durrës,DEMOKRACIA 95,https://www.dpshtrr.al/operatoret/demokracia-95-shpk,K31601531F,Tiranë Veri-Jug,TR-2,Durrës Stacioni i Trenit,DR-1,10:50,11:32,42.4,35.3,1,"1,2,3,4,5,6,7",8/3/2026,60,0,0,True,4
Ballsh,Tiranë,FR12,"Fier – Rinas – Fier (nga Ura e Dajlanit, Vorë)",EURO - ALBANIA TRAVEL,https://www.dpshtrr.al/operatoret/euro-albania-travel-shpk,L33609403Q,Fier,FR-8,Rinas Aeroport,TR-4,12:00,14:07,127.2,105.9,1,"1,2,3,4,5,6,7",8/3/2026,60,0,0,True,2
Ballsh,Tiranë,VL12,Vlorë - Rinas(Aeroport) - Vlorë,HERMES AEROPORT,https://www.dpshtrr.al/operatoret/hermes-aeroport-shpk,L67324202E,Vlorë,VL-28,Rinas Aeroport,TR-4,09:00,11:57,177.9,148.2,1,"1,2,3,4,5,6,7",8/3/2026,60,0,0,True,2
Ballsh,Tiranë,TR33,Tiranë – Rinas (Aeroport) – Tiranë,Luna,https://www.dpshtrr.al/operatoret/lu-na-shpk,K31412087P,Rinas Aeroport,TR-4,Tirane Qendër Aeroport,TR-14,16:00,16:22,22.5,18.7,1,"1,2,3,4,5,6,7",8/3/2026,60,0,0,True,2
Ballsh,Tiranë,FR12,"Fier – Rinas – Fier (nga Ura e Dajlanit, Vorë)",EURO - ALBANIA TRAVEL,https://www.dpshtrr.al/operatoret/euro-albania-travel-shpk,L33609403Q,Fier,FR-8,Rinas Aeroport,TR-4,13:30,13:30,,105.9,1,"1,2,3,4,5,6,7",8/3/2026,60,0,0,True,2
Ballsh,Tiranë,TR33,Tiranë – Rinas (Aeroport) – Tiranë,Luna,https://www.dpshtrr.al/operatoret/lu-na-shpk,K31412087P,Rinas Aeroport,TR-4,Tirane Qendër Aeroport,TR-14,17:00,17:22,22.5,18.7,1,"1,2,3,4,5,6,7",8/3/2026,60,0,0,True,2
Ballsh,Tiranë,FR8,Fier – Elbasan – Fier,ÇUKO,https://www.dpshtrr.al/operatoret/cuko-shpk,J62903571K,Fier,FR-8,"Elbasan ""Kryqezimi i Cerrikut""",EL-4,07:15,08:54,99.8,83.1,1,"1,2,3,4,5,6,7",8/3/2026,60,0,0,True,2
Ballsh,Tiranë,FR8,Fier – Elbasan – Fier,ÇUKO,https://www.dpshtrr.al/operatoret/cuko-shpk,J62903571K,Fier,FR-8,"Elbasan ""Kryqezimi i Cerrikut""",EL-4,08:15,09:54,99.8,83.1,1,"1,2,3,4,5,6,7",8/3/2026,60,0,0,True,2
Ballsh,Tiranë,TR43,Tiranë – Elbasan – Tiranë,EL ALBA 2,https://www.dpshtrr.al/operatoret/elalba-2-shpk,K21402001V,"Elbasan ""Kryqezimi i Cerrikut""",EL-4,Tiranë Jug-Lindje,TR-1,10:00,10:39,39.1,33.1,1,"1,2,3,4,5,6,7",8/3/2026,60,0,0,True,2
Ballsh,Tiranë,FR8,Fier – Elbasan – Fier,ÇUKO,https://www.dpshtrr.al/operatoret/cuko-shpk,J62903571K,Fier,FR-8,"Elbasan ""Kryqezimi i Cerrikut""",EL-4,09:15,10:54,99.8,83.1,1,"1,2,3,4,5,6,7",8/3/2026,60,0,0,True,2
Ballsh,Tiranë,TR43,Tiranë – Elbasan – Tiranë,EL ALBA 2,https://www.dpshtrr.al/operatoret/elalba-2-shpk,K21402001V,"Elbasan ""Kryqezimi i Cerrikut""",EL-4,Tiranë Jug-Lindje,TR-1,11:00,11:39,39.1,33.1,1,"1,2,3,4,5,6,7",8/3/2026,60,0,0,True,2
Ballsh,Tiranë,VL2,Vlorë - Elbasan - Vlorë (me kalim nga Rrogozhina),INTERBUZ VLORA,https://www.dpshtrr.al/operatoret/interbuz-vlora-shpk,K37004203O,Vlorë,VL-28,"Elbasan ""Kryqezimi i Cerrikut""",EL-4,08:00,10:37,157.9,131.5,1,"1,2,3,4,5,6,7",8/3/2026,60,0,0,True,2
Ballsh,Tiranë,TR43,Tiranë – Elbasan – Tiranë,EL ALBA 2,https://www.dpshtrr.al/operatoret/elalba-2-shpk,K21402001V,"Elbasan ""Kryqezimi i Cerrikut""",EL-4,Tiranë Jug-Lindje,TR-1,11:30,12:09,39.1,33.1,1,"1,2,3,4,5,6,7",8/3/2026,60,0,0,True,2
Ballsh,Tiranë,FR8,Fier – Elbasan – Fier,ÇUKO,https://www.dpshtrr.al/operatoret/cuko-shpk,J62903571K,Fier,FR-8,"Elbasan ""Kryqezimi i Cerrikut""",EL-4,10:15,11:54,99.8,83.1,1,"1,2,3,4,5,6,7",8/3/2026,60,0,0,True,2
Ballsh,Tiranë,TR43,Tiranë – Elbasan – Tiranë,EL ALBA 2,https://www.dpshtrr.al/operatoret/elalba-2-shpk,K21402001V,"Elbasan ""Kryqezimi i Cerrikut""",EL-4,Tiranë Jug-Lindje,TR-1,12:00,12:39,39.1,33.1,1,"1,2,3,4,5,6,7",8/3/2026,60,0,0,True,2
Ballsh,Tiranë,VL2,Vlorë - Elbasan - Vlorë (me kalim nga Rrogozhina),INTERBUZ VLORA,https://www.dpshtrr.al/operatoret/interbuz-vlora-shpk,K37004203O,Vlorë,VL-28,"Elbasan ""Kryqezimi i Cerrikut""",EL-4,09:30,12:07,157.9,131.5,1,"1,2,3,4,5,6,7",8/3/2026,60,0,0,True,2
Ballsh,Tiranë,TR43,Tiranë – Elbasan – Tiranë,EL ALBA 2,https://www.dpshtrr.al/operatoret/elalba-2-shpk,K21402001V,"Elbasan ""Kryqezimi i Cerrikut""",EL-4,Tiranë Jug-Lindje,TR-1,12:30,13:09,39.1,33.1,1,"1,2,3,4,5,6,7",8/3/2026,60,0,0,True,2
Ballsh,Tiranë,FR4,Fier – Kuçovë – Fier,ÇUKO,https://www.dpshtrr.al/operatoret/cuko-shpk,J62903571K,Fier,FR-8,Kucove,BR-46,10:45,11:31,46.8,39.0,1,"1,2,3,4,5,6,7",8/3/2026,60,0,0,True,3
Ballsh,Tiranë,EL56,Elbasan – Kuçovë – Elbasan (me kalim nga Cërriku),SKAMPA TRANS,https://www.dpshtrr.al/operatoret/skampa-trans-shpk,L82914203S,Kucove,BR-46,Elbasan Pallati i Sportit,EL-3,13:30,14:26,56.9,47.4,1,"1,2,3,4,5,6,7",8/3/2026,60,0,0,True,3
Ballsh,Tiranë,EL16,Elbasan – Tiranë – Elbasan,ERA TRAVEL 2013,https://www.dpshtrr.al/operatoret/era-travel-2013-shpk,L33122201P,Elbasan Pallati i Sportit,EL-3,Tiranë Jug-Lindje,TR-1,14:30,15:08,38.5,32.1,1,"1,2,3,4,5,6,7",8/3/2026,60,0,0,True,3
Ballsh,Tiranë,EL9,Elbasan – Fier – Elbasan,ARBESA,https://www.dpshtrr.al/operatoret/arbesa-el-shpk,K73417202K,Fier,FR-8,"Elbasan ""Kryqezimi i Cerrikut""",EL-4,12:00,13:47,107.1,89.2,1,"1,2,3,4,5,6,7",8/3/2026,60,0,0,True,3
Ballsh,Tiranë,EL39,Librazhd – Elbasan – Librazhd,PRODANI,https://www.dpshtrr.al/operatoret/prodani,K27713621J,"Elbasan ""Kryqezimi i Cerrikut""",EL-4,Librazhd,LB-3,14:00,14:29,29.9,25.0,1,"1,2,3,4,5,6,7",8/3/2026,60,0,0,True,3
Ballsh,Tiranë,FR1,Fier – Tiranë – Fier,KOMPAKT,https://www.dpshtrr.al/operatoret/kompakt-shpk,K23407401F,Fier,FR-8,Tiranë Veri-Jug,TR-2,08:40,10:49,129.0,107.5,1,"1,2,3,4,5,6,7",8/3/2026,60,0,0,True,1
Ballsh,Tiranë,FR16,Ballsh – Tiranë – Ballsh (me kalim nga Patosi),EN-SILV BUS,https://www.dpshtrr.al/operatoret/ensilv-bus-shpk,L18308801S,Ballsh,FR-11,Tiranë Veri-Jug,TR-2,08:30,11:08,158.0,131.7,1,"1,2,3,4,5,6,7",8/3/2026,60,0,0,True,0
Ballsh,Tiranë,TR3,Tiranë – Shkodër – Tiranë,EL ALBA - 1,https://www.dpshtrr.al/operatoret/elalba-1-shpk,K12202003J,Tiranë Veri-Jug,TR-2,Shkodër,SH-15,07:00,08:48,108.2,90.2,1,"1,2,3,4,5,6,7",8/3/2026,60,0,0,True,3
Ballsh,Tiranë,TR3,Tiranë – Shkodër – Tiranë,EL ALBA - 1,https://www.dpshtrr.al/operatoret/elalba-1-shpk,K12202003J,Tiranë Veri-Jug,TR-2,Shkodër,SH-15,07:30,09:18,108.2,90.2,1,"1,2,3,4,5,6,7",8/3/2026,60,0,0,True,3
Ballsh,Tiranë,TR3,Tiranë – Shkodër – Tiranë,EL ALBA - 1,https://www.dpshtrr.al/operatoret/elalba-1-shpk,K12202003J,Tiranë Veri-Jug,TR-2,Shkodër,SH-15,08:30,10:18,108.2,90.2,1,"1,2,3,4,5,6,7",8/3/2026,60,0,0,True,2
Ballsh,Tiranë,TR70,Kamëz – Shkodër – Kamëz,SHPRESA - AL,https://www.dpshtrr.al/operatoret/shpresa-al-shpk,K31321021N,Shkodër,SH-15,Kamez 2,TR-00097,11:00,12:46,106.6,88.8,1,"1,2,3,4,5,6,7",8/3/2026,60,0,0,True,2
Ballsh,Tiranë,TR3,Tiranë – Shkodër – Tiranë,EL ALBA - 1,https://www.dpshtrr.al/operatoret/elalba-1-shpk,K12202003J,Tiranë Veri-Jug,TR-2,Shkodër,SH-15,09:30,11:18,108.2,90.2,1,"1,2,3,4,5,6,7",8/3/2026,60,0,0,True,2
Ballsh,Tiranë,TR70,Kamëz – Shkodër – Kamëz,SHPRESA - AL,https://www.dpshtrr.al/operatoret/shpresa-al-shpk,K31321021N,Shkodër,SH-15,Kamez 2,TR-00097,13:00,14:46,106.6,88.8,1,"1,2,3,4,5,6,7",8/3/2026,60,0,0,True,2
Ballsh,Tiranë,TR3,Tiranë – Shkodër – Tiranë,EL ALBA - 1,https://www.dpshtrr.al/operatoret/elalba-1-shpk,K12202003J,Tiranë Veri-Jug,TR-2,Shkodër,SH-15,10:30,12:18,108.2,90.2,1,"1,2,3,4,5,6,7",8/3/2026,60,0,0,True,2
Ballsh,Vlorë,FR3,Fier – Vlorë  – Fier,ARJANI,https://www.dpshtrr.al/operatoret/arjani-shpk,J63208424W,Fier,FR-8,Vlorë,VL-28,07:30,08:15,45.6,38.0,1,"1,2,3,4,5,6,7",8/3/2026,60,0,0,True,1
Ballsh,Vlorë,FR3,Fier – Vlorë  – Fier,ARJANI,https://www.dpshtrr.al/operatoret/arjani-shpk,J63208424W,Fier,FR-8,Vlorë,VL-28,08:30,09:15,45.6,38.0,1,"1,2,3,4,5,6,7",8/3/2026,60,0,0,True,1
Ballsh,Vlorë,VL4,Vlorë - Fier - Vlorë,INTERBUZ VLORA,https://www.dpshtrr.al/operatoret/interbuz-vlora-shpk,K37004203O,Fier,FR-8,Vlorë,VL-28,10:00,10:45,45.6,38.0,1,"1,2,3,4,5,6,7",8/3/2026,60,0,0,True,1
Ballsh,Vlorë,VL4,Vlorë - Fier - Vlorë,INTERBUZ VLORA,https://www.dpshtrr.al/operatoret/interbuz-vlora-shpk,K37004203O,Fier,FR-8,Vlorë,VL-28,11:00,11:45,45.6,38.0,1,"1,2,3,4,5,6,7",8/3/2026,60,0,0,True,1
Ballsh,Vlorë,VL4,Vlorë - Fier - Vlorë,INTERBUZ VLORA,https://www.dpshtrr.al/operatoret/interbuz-vlora-shpk,K37004203O,Fier,FR-8,Vlorë,VL-28,12:00,12:45,45.6,38.0,1,"1,2,3,4,5,6,7",8/3/2026,60,0,0,True,1
Ballsh,Vlorë,VL36,Sarandë - Finiq - Sarandë,TRANS DEA,https://www.dpshtrr.al/operatoret/trans-dea-shpk,K83826802M,Sarandë,SR-7,Finiq,SR-6,11:15,11:27,12.6,10.5,1,"1,2,3,4,5,6,7",8/3/2026,60,0,0,True,2
Ballsh,Vlorë,VL36,Sarandë - Finiq - Sarandë,TRANS DEA,https://www.dpshtrr.al/operatoret/trans-dea-shpk,K83826802M,Sarandë,SR-7,Finiq,SR-6,13:15,13:27,12.6,10.5,1,"1,2,3,4,5,6,7",8/3/2026,60,0,0,True,2
Ballsh,Vlorë,VL36,Sarandë - Finiq - Sarandë,TRANS DEA,https://www.dpshtrr.al/operatoret/trans-dea-shpk,K83826802M,Sarandë,SR-7,Finiq,SR-6,15:15,15:27,12.6,10.5,1,"1,2,3,4,5,6,7",8/3/2026,60,0,0,True,2
Ballsh,Vlorë,VL51,Finiq – Sarandë – Finiq,eTransport,https://www.dpshtrr.al/operatoret-etransport,1,Sarandë,SR-7,Finiq,SR-6,00:00,00:12,12.6,10.5,1,"1,2,3,4,5,6,7",8/3/2026,60,0,0,True,3
Ballsh,Vlorë,VL36,Sarandë - Finiq - Sarandë,TRANS DEA,https://www.dpshtrr.al/operatoret/trans-dea-shpk,K83826802M,Sarandë,SR-7,Finiq,SR-6,07:15,07:27,12.6,10.5,1,"1,2,3,4,5,6,7",8/4/2026,60,0,0,True,3
Belsh,Cerrik,EL31,Belsh – Elbasan – Belsh,LIQENI EXPRES SHPK,https://www.dpshtrr.al/operatoret/liqeni-express-shpk,L63622202S,Belsh,El-23,"Elbasan ""Kryqezimi i Cerrikut""",EL-4,06:00,06:36,36.4,30.3,1,"1,2,3,4,5,6,7",8/3/2026,60,0,0,True,1
Belsh,Cerrik,EL18,Elbasan – Cërrik – Elbasan,UDHËTARI 2001,https://www.dpshtrr.al/operatoret/udhetari-2001-shpk,K23425201O,"Elbasan ""Kryqezimi i Cerrikut""",EL-4,Cerrik,EL-12,07:00,07:18,18.9,15.8,1,"1,2,3,4,5,6,7",8/3/2026,60,0,0,True,1
Belsh,Cerrik,EL31,Belsh – Elbasan – Belsh,LIQENI EXPRES SHPK,https://www.dpshtrr.al/operatoret/liqeni-express-shpk,L63622202S,Belsh,El-23,"Elbasan ""Kryqezimi i Cerrikut""",EL-4,06:45,07:21,36.4,30.3,1,"1,2,3,4,5,6,7",8/3/2026,60,0,0,True,1
Belsh,Cerrik,EL53,Cërrik – Elbasan – Cërrik,GOSTIMA,https://www.dpshtrr.al/operatoret/gostima-2003-shpk,K33128202G,"Elbasan ""Kryqezimi i Cerrikut""",EL-4,Cerrik,EL-12,07:30,07:48,18.9,15.8,1,"1,2,3,4,5,6,7",8/3/2026,60,0,0,True,1
Belsh,Cerrik,EL17,Elbasan – Belsh – Elbasan,LADI TRANS,https://www.dpshtrr.al/operatoret/ladi-trans-shpk,L33102203A,Belsh,El-23,"Elbasan ""Kryqezimi i Cerrikut""",EL-4,07:15,07:51,36.4,30.3,1,"1,2,3,4,5,6,7",8/3/2026,60,0,0,True,1
Belsh,Cerrik,EL18,Elbasan – Cërrik – Elbasan,UDHËTARI 2001,https://www.dpshtrr.al/operatoret/udhetari-2001-shpk,K23425201O,"Elbasan ""Kryqezimi i Cerrikut""",EL-4,Cerrik,EL-12,08:00,08:18,18.9,15.8,1,"1,2,3,4,5,6,7",8/3/2026,60,0,0,True,1
Belsh,Cerrik,EL54,Cërrik – Belsh – Cërrik,ERENER-TRANS,https://www.dpshtrr.al/operatoret/erener-trans-shpk,K42727207M,Belsh,El-23,Cerrik,EL-12,08:20,08:31,12.0,10.0,1,"1,2,3,4,5,6,7",8/3/2026,60,0,0,True,0
Belsh,Cerrik,EL31,Belsh – Elbasan – Belsh,LIQENI EXPRES SHPK,https://www.dpshtrr.al/operatoret/liqeni-express-shpk,L63622202S,Belsh,El-23,"Elbasan ""Kryqezimi i Cerrikut""",EL-4,07:45,08:21,36.4,30.3,1,"1,2,3,4,5,6,7",8/3/2026,60,0,0,True,1
Belsh,Cerrik,EL53,Cërrik – Elbasan – Cërrik,GOSTIMA,https://www.dpshtrr.al/operatoret/gostima-2003-shpk,K33128202G,"Elbasan ""Kryqezimi i Cerrikut""",EL-4,Cerrik,EL-12,08:30,08:48,18.9,15.8,1,"1,2,3,4,5,6,7",8/3/2026,60,0,0,True,1
Belsh,Cerrik,EL17,Elbasan – Belsh – Elbasan,LADI TRANS,https://www.dpshtrr.al/operatoret/ladi-trans-shpk,L33102203A,Belsh,El-23,"Elbasan ""Kryqezimi i Cerrikut""",EL-4,08:15,08:51,36.4,30.3,1,"1,2,3,4,5,6,7",8/3/2026,60,0,0,True,1
Belsh,Cerrik,EL18,Elbasan – Cërrik – Elbasan,UDHËTARI 2001,https://www.dpshtrr.al/operatoret/udhetari-2001-shpk,K23425201O,"Elbasan ""Kryqezimi i Cerrikut""",EL-4,Cerrik,EL-12,09:00,09:18,18.9,15.8,1,"1,2,3,4,5,6,7",8/3/2026,60,0,0,True,1
Belsh,Cerrik,EL54,Cërrik – Belsh – Cërrik,ERENER-TRANS,https://www.dpshtrr.al/operatoret/erener-trans-shpk,K42727207M,Belsh,El-23,Cerrik,EL-12,09:20,09:31,12.0,10.0,1,"1,2,3,4,5,6,7",8/3/2026,60,0,0,True,0
Belsh,Cerrik,EL54,Cërrik – Belsh – Cërrik,ERENER-TRANS,https://www.dpshtrr.al/operatoret/erener-trans-shpk,K42727207M,Belsh,El-23,Cerrik,EL-12,10:20,10:31,12.0,10.0,1,"1,2,3,4,5,6,7",8/3/2026,60,0,0,True,0
Belsh,Durrës,EL7,Elbasan – Kavajë – Elbasan,SKAMPA TRANS,https://www.dpshtrr.al/operatoret/skampa-trans-shpk,L82914203S,"Elbasan ""Kryqezimi i Cerrikut""",EL-4,Kavaje (ish Agjencia),KJ-5,07:15,08:31,76.0,63.4,1,"1,2,3,4,5,6,7",8/3/2026,60,0,0,True,2
Belsh,Durrës,TR73,Kavajë – Durrës – Kavajë,ALDO TOURS,https://www.dpshtrr.al/operatoret/aldo-tours-2013-shpk,L33129802C,Kavaje (ish Agjencia),KJ-5,Durrës Stacioni i Trenit,DR-1,09:00,09:25,25.2,21.0,1,"1,2,3,4,5,6,7",8/3/2026,60,0,0,True,2
Belsh,Durrës,EL30,Belsh – Lushnje – Belsh,LIQENI EXPRES SHPK,https://www.dpshtrr.al/operatoret/liqeni-express-shpk,L63622202S,Belsh,El-23,Lushnjë,LU-1,07:00,07:29,29.9,24.9,1,"1,2,3,4,5,6,7",8/3/2026,60,0,0,True,2
Belsh,Durrës,FR23,Lushnjë – Tiranë – Lushnjë,KOHA EKSPRES,https://www.dpshtrr.al/operatoret/koha-ekspres-shpk,K34017402I,Lushnjë,LU-1,Tiranë Veri-Jug,TR-2,07:30,09:05,95.8,79.8,1,"1,2,3,4,5,6,7",8/3/2026,60,0,0,True,2
Belsh,Durrës,DR6,Durrës – Tiranë – Durrës,DEMOKRACIA 95,https://www.dpshtrr.al/operatoret/demokracia-95-shpk,K31601531F,Tiranë Veri-Jug,TR-2,Durrës Stacioni i Trenit,DR-1,09:20,10:02,42.4,35.3,1,"1,2,3,4,5,6,7",8/3/2026,60,0,0,True,2
Belsh,Durrës,EL30,Belsh – Lushnje – Belsh,LIQENI EXPRES SHPK,https://www.dpshtrr.al/operatoret/liqeni-express-shpk,L63622202S,Belsh,El-23,Lushnjë,LU-1,07:30,07:59,29.9,24.9,1,"1,2,3,4,5,6,7",8/3/2026,60,0,0,True,2
Belsh,Durrës,FR23,Lushnjë – Tiranë – Lushnjë,KOHA EKSPRES,https://www.dpshtrr.al/operatoret/koha-ekspres-shpk,K34017402I,Lushnjë,LU-1,Tiranë Veri-Jug,TR-2,08:00,09:35,95.8,79.8,1,"1,2,3,4,5,6,7",8/3/2026,60,0,0,True,2
Belsh,Durrës,DR6,Durrës – Tiranë – Durrës,DEMOKRACIA 95,https://www.dpshtrr.al/operatoret/demokracia-95-shpk,K31601531F,Tiranë Veri-Jug,TR-2,Durrës Stacioni i Trenit,DR-1,09:40,10:22,42.4,35.3,1,"1,2,3,4,5,6,7",8/3/2026,60,0,0,True,2
Belsh,Durrës,EL9,Elbasan – Fier – Elbasan,ARBESA,https://www.dpshtrr.al/operatoret/arbesa-el-shpk,K73417202K,"Elbasan ""Kryqezimi i Cerrikut""",EL-4,Fier,FR-8,07:30,09:17,107.6,89.6,1,"1,2,3,4,5,6,7",8/3/2026,60,0,0,True,4
Belsh,Durrës,FR1,Fier – Tiranë – Fier,KOMPAKT,https://www.dpshtrr.al/operatoret/kompakt-shpk,K23407401F,Fier,FR-8,Tiranë Veri-Jug,TR-2,09:20,09:20,,107.5,1,"1,2,3,4,5,6,7",8/3/2026,60,0,0,True,4
Belsh,Durrës,DR48,Fushë Krujë – Tiranë – Fushë Krujë (me kalim nga Kamza),MAGIC GLOBE,https://www.dpshtrr.al/operatoret/magic-globe-shpk,L41427021C,Tiranë Veri-Jug,TR-2,Fushë-Krujë,KR-10,09:30,09:49,19.9,16.6,1,"1,2,3,4,5,6,7",8/3/2026,60,0,0,True,4
Belsh,Durrës,DR41,Durrës – Fushë Krujë – Durrës,LONDON EYE,https://www.dpshtrr.al/operatoret/london-eye-shpk,L81326031F,Fushë-Krujë,KR-10,Durrës Stacioni i Trenit,DR-1,10:00,10:40,40.0,33.4,1,"1,2,3,4,5,6,7",8/3/2026,60,0,0,True,4
Belsh,Durrës,EL28,Belsh – Durrës – Belsh (me kalim Rrogozhinë),LIQENI EXPRES SHPK,https://www.dpshtrr.al/operatoret/liqeni-express-shpk,L63622202S,Belsh,El-23,Durrës (Plepa),DR-3,08:00,09:26,86.2,71.8,1,"1,2,3,4,5,6,7",8/3/2026,60,0,0,True,2
Belsh,Durrës,TR65,"Tiranë – Durrës – Tiranë (me kalim nga Plepat, Ndroq)",RIKI TRANS,https://www.dpshtrr.al/operatoret/riki-trans-shpk,L71309505G,Durrës (Plepa),DR-3,Tiranë Veri-Jug,TR-2,09:30,10:11,41.6,34.7,1,"1,2,3,4,5,6,7",8/3/2026,60,0,0,True,2
Belsh,Durrës,DR6,Durrës – Tiranë – Durrës,DEMOKRACIA 95,https://www.dpshtrr.al/operatoret/demokracia-95-shpk,K31601531F,Tiranë Veri-Jug,TR-2,Durrës Stacioni i Trenit,DR-1,10:30,11:12,42.4,35.3,1,"1,2,3,4,5,6,7",8/3/2026,60,0,0,True,2
Belsh,Durrës,TR79,Rrogozhinë - Elbasan - Rrogozhinë,KELI TRAVEL,https://www.dpshtrr.al/operatoret/keli-travel-shpk,L72919802B,"Elbasan ""Kryqezimi i Cerrikut""",EL-4,Rrogozhine,KJ-4,09:00,09:52,52.2,43.5,1,"1,2,3,4,5,6,7",8/3/2026,60,0,0,True,3
Belsh,Durrës,TR81,Rrogozhinë - Kavajë - Rrogozhinë,LU&SE TRANS,https://www.dpshtrr.al/operatoret/luse-trans,L52817801B,Rrogozhine,KJ-4,Kavaje (ish Agjencia),KJ-5,10:30,10:50,20.8,17.3,1,"1,2,3,4,5,6,7",8/3/2026,60,0,0,True,3
Belsh,Durrës,DR4,Durrës – Kavajë – Durrës,SHQIPONJA,https://www.dpshtrr.al/operatoret/shqiponja-shpk,K23206026B,Kavaje (ish Agjencia),KJ-5,Durrës Stacioni i Trenit,DR-1,11:00,11:25,25.2,21.0,1,"1,2,3,4,5,6,7",8/3/2026,60,0,0,True,3
Belsh,Durrës,EL11,Elbasan – Kuçovë – Elbasan (me kalim nga Cërriku),SKAMPA TRANS,https://www.dpshtrr.al/operatoret/skampa-trans-shpk,L82914203S,"Elbasan ""Kryqezimi i Cerrikut""",EL-4,Kucove,BR-46,08:30,09:33,63.6,53.0,1,"1,2,3,4,5,6,7",8/3/2026,60,0,0,True,2
Belsh,Durrës,BR14,Kucove – Durres – Kucove,KUCOVA,https://www.dpshtrr.al/operatoret/kucova-shpk,K17621107D,Kucove,BR-46,Durrës Stacioni i Trenit,DR-1,11:00,11:39,39.6,83.0,1,"1,2,3,4,5,6,7",8/3/2026,60,0,0,True,2
Belsh,Durrës,TR79,Rrogozhinë - Elbasan - Rrogozhinë,KELI TRAVEL,https://www.dpshtrr.al/operatoret/keli-travel-shpk,L72919802B,"Elbasan ""Kryqezimi i Cerrikut""",EL-4,Rrogozhine,KJ-4,10:00,10:52,52.2,43.5,1,"1,2,3,4,5,6,7",8/3/2026,60,0,0,True,3
Belsh,Durrës,TR76,Kavajë – Rrogozhinë – Kavajë,LOSHI TOURS,https://www.dpshtrr.al/operatoret/loshi-tours-shpk,L52907801A,Rrogozhine,KJ-4,Kavaje (ish Agjencia),KJ-5,11:00,11:20,20.8,17.3,1,"1,2,3,4,5,6,7",8/3/2026,60,0,0,True,3
Belsh,Durrës,DR4,Durrës – Kavajë – Durrës,SHQIPONJA,https://www.dpshtrr.al/operatoret/shqiponja-shpk,K23206026B,Kavaje (ish Agjencia),KJ-5,Durrës Stacioni i Trenit,DR-1,11:30,11:55,25.2,21.0,1,"1,2,3,4,5,6,7",8/3/2026,60,0,0,True,3
Belsh,Durrës,EL1,Elbasan – Durrës – Elbasan,TRANSEL,https://www.dpshtrr.al/operatoret/transel-shpk,K63320202V,"Elbasan ""Kryqezimi i Cerrikut""",EL-4,Durrës (Plepa),DR-3,07:30,08:58,88.5,73.8,1,"1,2,3,4,5,6,7",8/3/2026,60,0,0,True,1
Belsh,Durrës,FR14,Fier – Lushnje – Fier,JURVIS,https://www.dpshtrr.al/operatoret/jurvis-shpk,K92626401T,Lushnjë,LU-1,Fier,FR-8,07:30,08:03,33.6,28.0,1,"1,2,3,4,5,6,7",8/3/2026,60,0,0,True,2
Belsh,Durrës,FR11,Fier – Durrës – Fier,KOMPAKT,https://www.dpshtrr.al/operatoret/kompakt-shpk,K23407401F,Fier,FR-8,Durrës (Plepa),DR-3,08:15,09:41,86.5,72.0,1,"1,2,3,4,5,6,7",8/3/2026,60,0,0,True,2
Belsh,Durrës,EL1,Elbasan – Durrës – Elbasan,TRANSEL,https://www.dpshtrr.al/operatoret/transel-shpk,K63320202V,"Elbasan ""Kryqezimi i Cerrikut""",EL-4,Durrës (Plepa),DR-3,08:30,09:58,88.5,73.8,1,"1,2,3,4,5,6,7",8/3/2026,60,0,0,True,1
Belsh,Durrës,EL19,Elbasan – Peqin – Elbasan,D.D-Transport 2022,https://www.dpshtrr.al,M23217202B,"Elbasan ""Kryqezimi i Cerrikut""",EL-4,Peqin,EL-7,08:30,09:11,41.4,34.5,1,"1,2,3,4,5,6,7",8/3/2026,60,0,0,True,2
Belsh,Durrës,DR35,Durrës – Peqin – Durrës,SE-AL,https://www.dpshtrr.al/operatoret/se-al-shpk,L01811504Q,Peqin,EL-7,Durrës (Plepa),DR-3,09:30,10:16,46.2,38.5,1,"1,2,3,4,5,6,7",8/3/2026,60,0,0,True,2
Belsh,Durrës,TR65,"Tiranë – Durrës – Tiranë (me kalim nga Plepat, Ndroq)",RIKI TRANS,https://www.dpshtrr.al/operatoret/riki-trans-shpk,L71309505G,Tiranë Veri-Jug,TR-2,Durrës (Plepa),DR-3,10:00,10:44,44.4,37.0,1,"1,2,3,4,5,6,7",8/3/2026,60,0,0,True,2
Belsh,Durrës,EL1,Elbasan – Durrës – Elbasan,TRANSEL,https://www.dpshtrr.al/operatoret/transel-shpk,K63320202V,"Elbasan ""Kryqezimi i Cerrikut""",EL-4,Durrës (Plepa),DR-3,09:30,10:58,88.5,73.8,1,"1,2,3,4,5,6,7",8/3/2026,60,0,0,True,1
Belsh,Durrës,EL1,Elbasan – Durrës – Elbasan,TRANSEL,https://www.dpshtrr.al/operatoret/transel-shpk,K63320202V,"Elbasan ""Kryqezimi i Cerrikut""",EL-4,Durrës (Plepa),DR-3,10:00,11:28,88.5,73.8,1,"1,2,3,4,5,6,7",8/3/2026,60,0,0,True,1
Belsh,Elbasan,EL53,Cërrik – Elbasan – Cërrik,GOSTIMA,https://www.dpshtrr.al/operatoret/gostima-2003-shpk,K33128202G,Cerrik,EL-12,"Elbasan ""Kryqezimi i Cerrikut""",EL-4,09:00,09:18,18.9,15.8,1,"1,2,3,4,5,6,7",8/3/2026,60,0,0,True,1
Belsh,Elbasan,EL31,Belsh – Elbasan – Belsh,LIQENI EXPRES SHPK,https://www.dpshtrr.al/operatoret/liqeni-express-shpk,L63622202S,Belsh,El-23,"Elbasan ""Kryqezimi i Cerrikut""",EL-4,08:45,09:21,36.4,30.3,1,"1,2,3,4,5,6,7",8/3/2026,60,0,0,True,0
Belsh,Elbasan,EL17,Elbasan – Belsh – Elbasan,LADI TRANS,https://www.dpshtrr.al/operatoret/ladi-trans-shpk,L33102203A,Belsh,El-23,"Elbasan ""Kryqezimi i Cerrikut""",EL-4,09:15,09:51,36.4,30.3,1,"1,2,3,4,5,6,7",8/3/2026,60,0,0,True,0
Belsh,Elbasan,EL29,Belsh – Tiranë – Belsh (pa të drejtë qëndrimi në Elbasan),LIQENI EXPRES SHPK,https://www.dpshtrr.al/operatoret/liqeni-express-shpk,L63622202S,Belsh,El-23,Tiranë Jug-Lindje,TR-1,06:30,07:32,62.6,52.5,1,"1,2,3,4,5,6,7",8/3/2026,60,0,0,True,1
Belsh,Elbasan,TR64,Tiranë – Elbasan – Tiranë (me kalim nga Tuneli),TIRANA - BUS,https://www.dpshtrr.al/operatoret/tirana-bus-shpk,L41511008N,Tiranë Jug-Lindje,TR-1,Elbasan Pallati i Sportit,EL-3,08:00,08:49,49.0,33.1,1,"1,2,3,4,5,6,7",8/3/2026,60,0,0,True,1
Belsh,Elbasan,FR24,Lushnjë – Elbasan – Lushnjë,ENSU VIAGGIO,https://www.dpshtrr.al,L94001402E,Lushnjë,LU-1,Elbasan Pallati i Sportit,EL-3,08:00,09:13,73.1,60.9,1,"1,2,3,4,5,6,7",8/3/2026,60,0,0,True,1
Belsh,Elbasan,EL29,Belsh – Tiranë – Belsh (pa të drejtë qëndrimi në Elbasan),LIQENI EXPRES SHPK,https://www.dpshtrr.al/operatoret/liqeni-express-shpk,L63622202S,Belsh,El-23,Tiranë Jug-Lindje,TR-1,07:30,08:32,62.6,52.5,1,"1,2,3,4,5,6,7",8/3/2026,60,0,0,True,1
Belsh,Elbasan,TR64,Tiranë – Elbasan – Tiranë (me kalim nga Tuneli),TIRANA - BUS,https://www.dpshtrr.al/operatoret/tirana-bus-shpk,L41511008N,Tiranë Jug-Lindje,TR-1,Elbasan Pallati i Sportit,EL-3,09:00,09:49,49.0,33.1,1,"1,2,3,4,5,6,7",8/3/2026,60,0,0,True,1
Belsh,Elbasan,FR24,Lushnjë – Elbasan – Lushnjë,ENSU VIAGGIO,https://www.dpshtrr.al,L94001402E,Lushnjë,LU-1,Elbasan Pallati i Sportit,EL-3,08:45,09:58,73.1,60.9,1,"1,2,3,4,5,6,7",8/3/2026,60,0,0,True,1
Belsh,Elbasan,EL21,Elbasan – Librazhd – Elbasan,NE-ER,https://www.dpshtrr.al/operatoret/ne-er-shpk,L52519213M,"Elbasan ""Kryqezimi i Cerrikut""",EL-4,Librazhd,LB-3,07:00,07:29,29.9,25.0,1,"1,2,3,4,5,6,7",8/3/2026,60,0,0,True,3
Belsh,Elbasan,EL35,Librazhd – Tiranë – Librazhd,MEGI 2001,https://www.dpshtrr.al/operatoret/megi-2001-shpk,K37510651K,Librazhd,LB-3,Tiranë Jug-Lindje,TR-1,08:00,09:08,68.3,56.9,1,"1,2,3,4,5,6,7",8/3/2026,60,0,0,True,3
Belsh,Elbasan,EL16,Elbasan – Tiranë – Elbasan,ERA TRAVEL 2013,https://www.dpshtrr.al/operatoret/era-travel-2013-shpk,L33122201P,Tiranë Jug-Lindje,TR-1,Elbasan Pallati i Sportit,EL-3,09:30,10:19,49.0,32.7,1,"1,2,3,4,5,6,7",8/3/2026,60,0,0,True,3
Belsh,Elbasan,EL12,Elbasan – Lushnje – Elbasan (me kalim nga Belshi),DUMREJA-2 SHPK,https://www.dpshtrr.al/operatoret/dumreja-2-shpk,L13521202F,"Elbasan ""Kryqezimi i Cerrikut""",EL-4,Lushnjë,LU-1,07:30,08:36,66.6,55.5,1,"1,2,3,4,5,6,7",8/3/2026,60,0,0,True,2
Belsh,Elbasan,FR24,Lushnjë – Elbasan – Lushnjë,ENSU VIAGGIO,https://www.dpshtrr.al,L94001402E,Lushnjë,LU-1,Elbasan Pallati i Sportit,EL-3,09:30,10:43,73.1,60.9,1,"1,2,3,4,5,6,7",8/3/2026,60,0,0,True,2
Belsh,Elbasan,TR64,Tiranë – Elbasan – Tiranë (me kalim nga Tuneli),TIRANA - BUS,https://www.dpshtrr.al/operatoret/tirana-bus-shpk,L41511008N,Tiranë Jug-Lindje,TR-1,Elbasan Pallati i Sportit,EL-3,10:00,10:49,49.0,33.1,1,"1,2,3,4,5,6,7",8/3/2026,60,0,0,True,2
Belsh,Elbasan,TR43,Tiranë – Elbasan – Tiranë,EL ALBA 2,https://www.dpshtrr.al/operatoret/elalba-2-shpk,K21402001V,"Elbasan ""Kryqezimi i Cerrikut""",EL-4,Tiranë Jug-Lindje,TR-1,09:30,10:09,39.1,33.1,1,"1,2,3,4,5,6,7",8/3/2026,60,0,0,True,2
Belsh,Elbasan,EL16,Elbasan – Tiranë – Elbasan,ERA TRAVEL 2013,https://www.dpshtrr.al/operatoret/era-travel-2013-shpk,L33122201P,Tiranë Jug-Lindje,TR-1,Elbasan Pallati i Sportit,EL-3,10:30,11:19,49.0,32.7,1,"1,2,3,4,5,6,7",8/3/2026,60,0,0,True,2
Belsh,Gramsh,EL20,Elbasan – Gramsh – Elbasan,EGNATIA TRANS,https://www.dpshtrr.al/operatoret/egnatia-trans-shpk,K83019209T,"Elbasan ""Kryqezimi i Cerrikut""",EL-4,Gramsh,EL-6,07:00,07:48,48.6,40.5,1,"1,2,3,4,5,6,7",8/3/2026,60,0,0,True,1
Belsh,Gramsh,EL20,Elbasan – Gramsh – Elbasan,EGNATIA TRANS,https://www.dpshtrr.al/operatoret/egnatia-trans-shpk,K83019209T,"Elbasan ""Kryqezimi i Cerrikut""",EL-4,Gramsh,EL-6,09:00,09:48,48.6,40.5,1,"1,2,3,4,5,6,7",8/3/2026,60,0,0,True,1
Belsh,Gramsh,TR24,Tiranë – Gramsh – Tiranë,KESIDA,https://www.dpshtrr.al/operatoret/kesida-shpk,K41619021N,Tiranë Jug-Lindje,TR-1,Gramsh,EL-6,09:00,10:34,94.6,71.0,1,"1,2,3,4,5,6,7",8/3/2026,60,0,0,True,1
Belsh,Gramsh,EL20,Elbasan – Gramsh – Elbasan,EGNATIA TRANS,https://www.dpshtrr.al/operatoret/egnatia-trans-shpk,K83019209T,"Elbasan ""Kryqezimi i Cerrikut""",EL-4,Gramsh,EL-6,10:00,10:48,48.6,40.5,1,"1,2,3,4,5,6,7",8/3/2026,60,0,0,True,1
Belsh,Gramsh,EL20,Elbasan – Gramsh – Elbasan,EGNATIA TRANS,https://www.dpshtrr.al/operatoret/egnatia-trans-shpk,K83019209T,"Elbasan ""Kryqezimi i Cerrikut""",EL-4,Gramsh,EL-6,12:00,12:48,48.6,40.5,1,"1,2,3,4,5,6,7",8/3/2026,60,0,0,True,1
Belsh,Gramsh,EL45,Gramsh – Elbasan – Gramsh,AURORA 2,https://www.dpshtrr.al/operatoret/aurora-2-shpk,K16410809V,"Elbasan ""Kryqezimi i Cerrikut""",EL-4,Gramsh,EL-6,13:00,13:48,48.6,40.5,1,"1,2,3,4,5,6,7",8/3/2026,60,0,0,True,1
Belsh,Gramsh,EL45,Gramsh – Elbasan – Gramsh,AURORA 2,https://www.dpshtrr.al/operatoret/aurora-2-shpk,K16410809V,"Elbasan ""Kryqezimi i Cerrikut""",EL-4,Gramsh,EL-6,14:00,14:48,48.6,40.5,1,"1,2,3,4,5,6,7",8/3/2026,60,0,0,True,1
Belsh,Gramsh,EL65,Gramsh – Belsh – Gramsh,eTransport,https://www.dpshtrr.al/operatoret-etransport,1,Belsh,El-23,Gramsh,EL-6,00:00,00:42,42.1,35.1,1,"1,2,3,4,5,6,7",8/3/2026,60,0,0,True,0
Belsh,Kucove,EL13,Elbasan – Kuçovë – Elbasan (me kalim nga Dragoti),SKAMPA TRANS,https://www.dpshtrr.al/operatoret/skampa-trans-shpk,L82914203S,"Elbasan ""Kryqezimi i Cerrikut""",EL-4,Kucove,BR-46,06:45,07:48,63.6,53.0,1,"1,2,3,4,5,6,7",8/3/2026,60,0,0,True,1
Belsh,Kucove,BR12,Kuçove – Fier  – Kuçove,INTERBAN K,https://www.dpshtrr.al/operatoret/interban-k-shpk,L57508102P,Fier,FR-8,Kucove,BR-46,08:30,09:16,46.8,39.0,1,"1,2,3,4,5,6,7",8/3/2026,60,0,0,True,2
Belsh,Kucove,EL13,Elbasan – Kuçovë – Elbasan (me kalim nga Dragoti),SKAMPA TRANS,https://www.dpshtrr.al/operatoret/skampa-trans-shpk,L82914203S,"Elbasan ""Kryqezimi i Cerrikut""",EL-4,Kucove,BR-46,08:45,09:48,63.6,53.0,1,"1,2,3,4,5,6,7",8/3/2026,60,0,0,True,1
Belsh,Kucove,BR9,Kuçovë – Elbasan – Kuçovë (me kalim nga Cërriku),AMADA,https://www.dpshtrr.al/operatoret/amada-shpk,K88603102U,"Elbasan ""Kryqezimi i Cerrikut""",EL-4,Kucove,BR-46,09:00,09:55,55.3,46.1,1,"1,2,3,4,5,6,7",8/3/2026,60,0,0,True,1
Belsh,Kucove,FR25,Lushnjë – Berat – Lushnjë,KOHA EKSPRES,https://www.dpshtrr.al/operatoret/koha-ekspres-shpk,K34017402I,Lushnjë,LU-1,Berat,BR-1,08:00,08:41,41.8,34.8,1,"1,2,3,4,5,6,7",8/3/2026,60,0,0,True,2
Belsh,Kucove,BR38,Berat – Kuçovë - Berat,SHQIPONJA,https://www.dpshtrr.al/operatoret/shqiponja-shpk,K23206026B,Berat,BR-1,Kucove,BR-46,10:00,10:15,15.1,12.6,1,"1,2,3,4,5,6,7",8/3/2026,60,0,0,True,2
Belsh,Kucove,EL56,Elbasan – Kuçovë – Elbasan (me kalim nga Cërriku),SKAMPA TRANS,https://www.dpshtrr.al/operatoret/skampa-trans-shpk,L82914203S,Elbasan Pallati i Sportit,EL-3,Kucove,BR-46,10:15,11:11,56.9,47.4,1,"1,2,3,4,5,6,7",8/3/2026,60,0,0,True,2
Belsh,Kucove,BR9,Kuçovë – Elbasan – Kuçovë (me kalim nga Cërriku),AMADA,https://www.dpshtrr.al/operatoret/amada-shpk,K88603102U,"Elbasan ""Kryqezimi i Cerrikut""",EL-4,Kucove,BR-46,11:00,11:55,55.3,46.1,1,"1,2,3,4,5,6,7",8/3/2026,60,0,0,True,1
Belsh,Librazhd,EL21,Elbasan – Librazhd – Elbasan,NE-ER,https://www.dpshtrr.al/operatoret/ne-er-shpk,L52519213M,"Elbasan ""Kryqezimi i Cerrikut""",EL-4,Librazhd,LB-3,07:30,07:59,29.9,25.0,1,"1,2,3,4,5,6,7",8/3/2026,60,0,0,True,1
Belsh,Librazhd,EL39,Librazhd – Elbasan – Librazhd,PRODANI,https://www.dpshtrr.al/operatoret/prodani,K27713621J,"Elbasan ""Kryqezimi i Cerrikut""",EL-4,Librazhd,LB-3,08:00,08:29,29.9,25.0,1,"1,2,3,4,5,6,7",8/3/2026,60,0,0,True,1
Belsh,Librazhd,EL39,Librazhd – Elbasan – Librazhd,PRODANI,https://www.dpshtrr.al/operatoret/prodani,K27713621J,"Elbasan ""Kryqezimi i Cerrikut""",EL-4,Librazhd,LB-3,08:30,08:59,29.9,25.0,1,"1,2,3,4,5,6,7",8/3/2026,60,0,0,True,1
Belsh,Librazhd,TR46,Tiranë – Librazhd – Tiranë,GREEN BUS,https://www.dpshtrr.al/operatoret/green-bus-travel,L81523015O,Tiranë Jug-Lindje,TR-1,Librazhd,LB-3,08:00,09:09,69.1,57.6,1,"1,2,3,4,5,6,7",8/3/2026,60,0,0,True,1
Belsh,Librazhd,EL21,Elbasan – Librazhd – Elbasan,NE-ER,https://www.dpshtrr.al/operatoret/ne-er-shpk,L52519213M,"Elbasan ""Kryqezimi i Cerrikut""",EL-4,Librazhd,LB-3,09:00,09:29,29.9,25.0,1,"1,2,3,4,5,6,7",8/3/2026,60,0,0,True,1
Belsh,Librazhd,EL21,Elbasan – Librazhd – Elbasan,NE-ER,https://www.dpshtrr.al/operatoret/ne-er-shpk,L52519213M,"Elbasan ""Kryqezimi i Cerrikut""",EL-4,Librazhd,LB-3,09:30,09:59,29.9,25.0,1,"1,2,3,4,5,6,7",8/3/2026,60,0,0,True,1
Belsh,Librazhd,EL39,Librazhd – Elbasan – Librazhd,PRODANI,https://www.dpshtrr.al/operatoret/prodani,K27713621J,"Elbasan ""Kryqezimi i Cerrikut""",EL-4,Librazhd,LB-3,10:00,10:29,29.9,25.0,1,"1,2,3,4,5,6,7",8/3/2026,60,0,0,True,1
Belsh,Lushnjë,EL8,Elbasan – Lushnje – Elbasan (me kalim nga Rrogozhina),LLIXHA 2001,https://www.dpshtrr.al/operatoret/llixha-2001-shpk,K13127201O,"Elbasan ""Kryqezimi i Cerrikut""",EL-4,Lushnjë,LU-1,07:15,08:29,74.2,61.8,1,"1,2,3,4,5,6,7",8/3/2026,60,0,0,True,1
Belsh,Lushnjë,EL8,Elbasan – Lushnje – Elbasan (me kalim nga Rrogozhina),LLIXHA 2001,https://www.dpshtrr.al/operatoret/llixha-2001-shpk,K13127201O,"Elbasan ""Kryqezimi i Cerrikut""",EL-4,Lushnjë,LU-1,09:15,10:29,74.2,61.8,1,"1,2,3,4,5,6,7",8/3/2026,60,0,0,True,1
Belsh,Lushnjë,FR4,Fier – Kuçovë – Fier,ÇUKO,https://www.dpshtrr.al/operatoret/cuko-shpk,J62903571K,Kucove,BR-46,Fier,FR-8,09:45,10:31,46.8,39.0,1,"1,2,3,4,5,6,7",8/3/2026,60,0,0,True,3
Belsh,Lushnjë,FR14,Fier – Lushnje – Fier,JURVIS,https://www.dpshtrr.al/operatoret/jurvis-shpk,K92626401T,Fier,FR-8,Lushnjë,LU-1,11:00,11:33,33.5,28.0,1,"1,2,3,4,5,6,7",8/3/2026,60,0,0,True,3
Belsh,Lushnjë,FR27,Lushnjë – Durrës  – Lushnjë,KOHA EKSPRES,https://www.dpshtrr.al/operatoret/koha-ekspres-shpk,K34017402I,Durrës (Plepa),DR-3,Lushnjë,LU-1,11:00,11:53,53.4,44.5,1,"1,2,3,4,5,6,7",8/3/2026,60,0,0,True,1
Belsh,Lushnjë,EL8,Elbasan – Lushnje – Elbasan (me kalim nga Rrogozhina),LLIXHA 2001,https://www.dpshtrr.al/operatoret/llixha-2001-shpk,K13127201O,"Elbasan ""Kryqezimi i Cerrikut""",EL-4,Lushnjë,LU-1,10:45,11:59,74.2,61.8,1,"1,2,3,4,5,6,7",8/3/2026,60,0,0,True,1
Belsh,Tiranë,FR12,"Fier – Rinas – Fier (nga Ura e Dajlanit, Vorë)",EURO - ALBANIA TRAVEL,https://www.dpshtrr.al/operatoret/euro-albania-travel-shpk,L33609403Q,Fier,FR-8,Rinas Aeroport,TR-4,08:30,10:37,127.2,105.9,1,"1,2,3,4,5,6,7",8/3/2026,60,0,0,True,3
Belsh,Tiranë,FR32,Lushnjë – Fier – Lushnjë,TRANSUDHËTARE,https://www.dpshtrr.al/operatoret/transudhetare-shpk,J64103414M,Lushnjë,LU-1,Fier,FR-8,08:00,08:33,33.6,28.0,1,"1,2,3,4,5,6,7",8/3/2026,60,0,0,True,3
Belsh,Tiranë,FR12,"Fier – Rinas – Fier (nga Ura e Dajlanit, Vorë)",EURO - ALBANIA TRAVEL,https://www.dpshtrr.al/operatoret/euro-albania-travel-shpk,L33609403Q,Fier,FR-8,Rinas Aeroport,TR-4,10:30,12:37,127.2,105.9,1,"1,2,3,4,5,6,7",8/3/2026,60,0,0,True,3
Belsh,Tiranë,BR12,Kuçove – Fier  – Kuçove,INTERBAN K,https://www.dpshtrr.al/operatoret/interban-k-shpk,L57508102P,Kucove,BR-46,Fier,FR-8,10:00,10:46,46.8,39.0,1,"1,2,3,4,5,6,7",8/3/2026,60,0,0,True,4
Belsh,Tiranë,EL3,Elbasan – Vlorë – Elbasan,TRANSEL,https://www.dpshtrr.al/operatoret/transel-shpk,K63320202V,"Elbasan ""Kryqezimi i Cerrikut""",EL-4,Vlorë,VL-28,09:00,11:38,158.8,132.3,1,"1,2,3,4,5,6,7",8/3/2026,60,0,0,True,3
Belsh,Tiranë,VL12,Vlorë - Rinas(Aeroport) - Vlorë,HERMES AEROPORT,https://www.dpshtrr.al/operatoret/hermes-aeroport-shpk,L67324202E,Vlorë,VL-28,Rinas Aeroport,TR-4,13:00,15:57,177.9,148.2,1,"1,2,3,4,5,6,7",8/3/2026,60,0,0,True,3
Belsh,Tiranë,EL35,Librazhd – Tiranë – Librazhd,MEGI 2001,https://www.dpshtrr.al/operatoret/megi-2001-shpk,K37510651K,Librazhd,LB-3,Tiranë Jug-Lindje,TR-1,09:00,10:08,68.3,56.9,1,"1,2,3,4,5,6,7",8/3/2026,60,0,0,True,2
Belsh,Tiranë,TR43,Tiranë – Elbasan – Tiranë,EL ALBA 2,https://www.dpshtrr.al/operatoret/elalba-2-shpk,K21402001V,"Elbasan ""Kryqezimi i Cerrikut""",EL-4,Tiranë Jug-Lindje,TR-1,10:30,11:09,39.1,33.1,1,"1,2,3,4,5,6,7",8/3/2026,60,0,0,True,1
Belsh,Tiranë,TR65,"Tiranë – Durrës – Tiranë (me kalim nga Plepat, Ndroq)",RIKI TRANS,https://www.dpshtrr.al/operatoret/riki-trans-shpk,L71309505G,Durrës (Plepa),DR-3,Tiranë Veri-Jug,TR-2,09:00,09:41,41.6,34.7,1,"1,2,3,4,5,6,7",8/3/2026,60,0,0,True,2
Belsh,Tiranë,TR65,"Tiranë – Durrës – Tiranë (me kalim nga Plepat, Ndroq)",RIKI TRANS,https://www.dpshtrr.al/operatoret/riki-trans-shpk,L71309505G,Durrës (Plepa),DR-3,Tiranë Veri-Jug,TR-2,10:00,10:41,41.6,34.7,1,"1,2,3,4,5,6,7",8/3/2026,60,0,0,True,2
Belsh,Tiranë,FR1,Fier – Tiranë – Fier,KOMPAKT,https://www.dpshtrr.al/operatoret/kompakt-shpk,K23407401F,Fier,FR-8,Tiranë Veri-Jug,TR-2,11:20,11:20,,107.5,1,"1,2,3,4,5,6,7",8/3/2026,60,0,0,True,3
Belsh,Tiranë,TR3,Tiranë – Shkodër – Tiranë,EL ALBA - 1,https://www.dpshtrr.al/operatoret/elalba-1-shpk,K12202003J,Tiranë Veri-Jug,TR-2,Shkodër,SH-15,10:00,11:48,108.2,90.2,1,"1,2,3,4,5,6,7",8/3/2026,60,0,0,True,3
Belsh,Tiranë,DR3,Durrës – Shkodër – Durrës,NORD,https://www.dpshtrr.al/operatoret/nord-shpk,K31526521F,Durrës Stacioni i Trenit,DR-1,Shkodër,SH-15,10:00,12:08,128.4,107.0,1,"1,2,3,4,5,6,7",8/3/2026,60,0,0,True,4
Belsh,Tiranë,TR3,Tiranë – Shkodër – Tiranë,EL ALBA - 1,https://www.dpshtrr.al/operatoret/elalba-1-shpk,K12202003J,Tiranë Veri-Jug,TR-2,Shkodër,SH-15,11:00,12:48,108.2,90.2,1,"1,2,3,4,5,6,7",8/3/2026,60,0,0,True,4
Berat,Corovode,BR41,Berat - Ura Vajgurore – Berat,TIBE,https://www.dpshtrr.al/operatoret/tibe-shpk,K31327069U,Berat,BR-1,Ura Vajgurore,FR-19,06:00,06:10,10.3,8.6,1,"1,2,3,4,5,6,7",8/3/2026,60,0,0,True,1
Berat,Corovode,BR23,Ura Vajgurore - Corovodë - Ura Vajgurore,STAR TRANS OR,https://www.dpshtrr.al/operatoret/star-trans-or-shpk,L63204002T,Ura Vajgurore,FR-19,Corovode,BR-11,07:00,08:14,74.3,61.9,1,"1,2,3,4,5,6,7",8/3/2026,60,0,0,True,1
Berat,Corovode,BR38,Berat – Kuçovë - Berat,SHQIPONJA,https://www.dpshtrr.al/operatoret/shqiponja-shpk,K23206026B,Berat,BR-1,Kucove,BR-46,06:00,06:15,15.1,12.6,1,"1,2,3,4,5,6,7",8/3/2026,60,0,0,True,1
Berat,Corovode,BR19,Kuçovë – Corovodë – Kuçovë,ALBENIO,http://dpshtrr.al,L27910101D,Kucove,BR-46,Corovode,BR-11,07:40,08:59,79.1,65.9,1,"1,2,3,4,5,6,7",8/3/2026,60,0,0,True,1
Berat,Corovode,BR37,Berat – Poliçan – Berat,OSUMI,https://www.dpshtrr.al/operatoret/osumi-shpk,K32515123N,Berat,BR-1,Polican,SK-1,07:30,08:03,33.6,28.0,1,"1,2,3,4,5,6,7",8/3/2026,60,0,0,True,1
Berat,Corovode,BR3,Çorovodë – Poliçan - Corovodë,ARTJOL DULELLARI TRANS,https://www.dpshtrr.al/operatoret/artjol-dulellari-trans-shpk,L69814401A,Polican,SK-1,Corovode,BR-11,08:30,09:01,31.8,26.5,1,"1,2,3,4,5,6,7",8/3/2026,60,0,0,True,1
Berat,Corovode,BR36,Berat – Corovodë – Berat,OSUMI,https://www.dpshtrr.al/operatoret/osumi-shpk,K32515123N,Berat,BR-1,Corovode,BR-11,08:30,09:35,65.4,54.5,1,"1,2,3,4,5,6,7",8/3/2026,60,0,0,True,0
Berat,Corovode,BR36,Berat – Corovodë – Berat,OSUMI,https://www.dpshtrr.al/operatoret/osumi-shpk,K32515123N,Berat,BR-1,Corovode,BR-11,09:10,10:15,65.4,54.5,1,"1,2,3,4,5,6,7",8/3/2026,60,0,0,True,0
Berat,Corovode,BR36,Berat – Corovodë – Berat,OSUMI,https://www.dpshtrr.al/operatoret/osumi-shpk,K32515123N,Berat,BR-1,Corovode,BR-11,11:00,12:05,65.4,54.5,1,"1,2,3,4,5,6,7",8/3/2026,60,0,0,True,0
Berat,Corovode,BR41,Berat - Ura Vajgurore – Berat,TIBE,https://www.dpshtrr.al/operatoret/tibe-shpk,K31327069U,Berat,BR-1,Ura Vajgurore,FR-19,07:00,07:10,10.3,8.6,1,"1,2,3,4,5,6,7",8/3/2026,60,0,0,True,2
Berat,Corovode,BR24,Ura Vajgurore - Poliçan - Ura Vajgurore,STAR TRANS OR,https://www.dpshtrr.al/operatoret/star-trans-or-shpk,L63204002T,Ura Vajgurore,FR-19,Polican,SK-1,07:30,08:12,42.5,35.4,1,"1,2,3,4,5,6,7",8/3/2026,60,0,0,True,2
Berat,Corovode,BR3,Çorovodë – Poliçan - Corovodë,ARTJOL DULELLARI TRANS,https://www.dpshtrr.al/operatoret/artjol-dulellari-trans-shpk,L69814401A,Polican,SK-1,Corovode,BR-11,13:15,13:46,31.8,26.5,1,"1,2,3,4,5,6,7",8/3/2026,60,0,0,True,2
Berat,Corovode,BR32,Berat – Vlorë – Berat,LEKSI,https://www.dpshtrr.al/operatoret/leksi-or-shpk,J62904105U,Berat,BR-1,Vlorë,VL-28,06:00,08:01,121.5,91.2,1,"1,2,3,4,5,6,7",8/3/2026,60,0,0,True,1
Berat,Corovode,BR2,Çorovodë – Vlorë – Corovodë,STAR TRANS OR,https://www.dpshtrr.al/operatoret/star-trans-or-shpk,L63204002T,Vlorë,VL-28,Corovode,BR-11,11:00,14:04,184.5,153.7,1,"1,2,3,4,5,6,7",8/3/2026,60,0,0,True,1
Berat,Durrës,BR33,Berat – Tiranë – Berat,MANGALEMI,https://www.dpshtrr.al/operatoret/mangalemi-shpk,K23206025Q,Berat,BR-1,Tiranë Veri-Jug,TR-2,05:00,07:18,138.2,115.1,1,"1,2,3,4,5,6,7",8/3/2026,60,0,0,True,1
Berat,Durrës,BR33,Berat – Tiranë – Berat,MANGALEMI,https://www.dpshtrr.al/operatoret/mangalemi-shpk,K23206025Q,Berat,BR-1,Tiranë Veri-Jug,TR-2,05:30,07:48,138.2,115.1,1,"1,2,3,4,5,6,7",8/3/2026,60,0,0,True,1
Berat,Durrës,TR12,Tiranë – Durrës – Tiranë,EL ALBA - 1,https://www.dpshtrr.al/operatoret/elalba-1-shpk,K12202003J,Tiranë Veri-Jug,TR-2,Durrës Stacioni i Trenit,DR-1,08:00,08:42,42.4,35.3,1,"1,2,3,4,5,6,7",8/3/2026,60,0,0,True,1
Berat,Durrës,BR33,Berat – Tiranë – Berat,MANGALEMI,https://www.dpshtrr.al/operatoret/mangalemi-shpk,K23206025Q,Berat,BR-1,Tiranë Veri-Jug,TR-2,06:00,08:18,138.2,115.1,1,"1,2,3,4,5,6,7",8/3/2026,60,0,0,True,1
Berat,Durrës,TR12,Tiranë – Durrës – Tiranë,EL ALBA - 1,https://www.dpshtrr.al/operatoret/elalba-1-shpk,K12202003J,Tiranë Veri-Jug,TR-2,Durrës Stacioni i Trenit,DR-1,08:30,09:12,42.4,35.3,1,"1,2,3,4,5,6,7",8/3/2026,60,0,0,True,1
Berat,Durrës,BR33,Berat – Tiranë – Berat,MANGALEMI,https://www.dpshtrr.al/operatoret/mangalemi-shpk,K23206025Q,Berat,BR-1,Tiranë Veri-Jug,TR-2,06:30,08:48,138.2,115.1,1,"1,2,3,4,5,6,7",8/3/2026,60,0,0,True,1
Berat,Durrës,TR12,Tiranë – Durrës – Tiranë,EL ALBA - 1,https://www.dpshtrr.al/operatoret/elalba-1-shpk,K12202003J,Tiranë Veri-Jug,TR-2,Durrës Stacioni i Trenit,DR-1,09:00,09:42,42.4,35.3,1,"1,2,3,4,5,6,7",8/3/2026,60,0,0,True,1
Berat,Durrës,BR33,Berat – Tiranë – Berat,MANGALEMI,https://www.dpshtrr.al/operatoret/mangalemi-shpk,K23206025Q,Berat,BR-1,Tiranë Veri-Jug,TR-2,07:00,09:18,138.2,115.1,1,"1,2,3,4,5,6,7",8/3/2026,60,0,0,True,1
Berat,Durrës,BR25,Berat – Durrës – Berat,NIAGARA - KR,https://www.dpshtrr.al/operatoret/niagara-kr-shpk,K32515125G,Berat,BR-1,Durrës (Plepa),DR-3,06:25,08:00,95.6,79.6,1,"1,2,3,4,5,6,7",8/3/2026,60,0,0,True,2
Berat,Durrës,TR65,"Tiranë – Durrës – Tiranë (me kalim nga Plepat, Ndroq)",RIKI TRANS,https://www.dpshtrr.al/operatoret/riki-trans-shpk,L71309505G,Durrës (Plepa),DR-3,Tiranë Veri-Jug,TR-2,08:30,09:11,41.6,34.7,1,"1,2,3,4,5,6,7",8/3/2026,60,0,0,True,2
Berat,Durrës,BR33,Berat – Tiranë – Berat,MANGALEMI,https://www.dpshtrr.al/operatoret/mangalemi-shpk,K23206025Q,Berat,BR-1,Tiranë Veri-Jug,TR-2,07:30,09:48,138.2,115.1,1,"1,2,3,4,5,6,7",8/3/2026,60,0,0,True,1
Berat,Durrës,BR33,Berat – Tiranë – Berat,MANGALEMI,https://www.dpshtrr.al/operatoret/mangalemi-shpk,K23206025Q,Berat,BR-1,Tiranë Veri-Jug,TR-2,08:00,10:18,138.2,115.1,1,"1,2,3,4,5,6,7",8/3/2026,60,0,0,True,1
Berat,Durrës,BR12,Kuçove – Fier  – Kuçove,INTERBAN K,https://www.dpshtrr.al/operatoret/interban-k-shpk,L57508102P,Kucove,BR-46,Fier,FR-8,06:25,07:11,46.8,39.0,1,"1,2,3,4,5,6,7",8/3/2026,60,0,0,True,3
Berat,Durrës,TR65,"Tiranë – Durrës – Tiranë (me kalim nga Plepat, Ndroq)",RIKI TRANS,https://www.dpshtrr.al/operatoret/riki-trans-shpk,L71309505G,Tiranë Veri-Jug,TR-2,Durrës (Plepa),DR-3,08:00,08:44,44.4,37.0,1,"1,2,3,4,5,6,7",8/3/2026,60,0,0,True,3
Berat,Durrës,BR25,Berat – Durrës – Berat,NIAGARA - KR,https://www.dpshtrr.al/operatoret/niagara-kr-shpk,K32515125G,Berat,BR-1,Durrës (Plepa),DR-3,07:25,09:00,95.6,79.6,1,"1,2,3,4,5,6,7",8/3/2026,60,0,0,True,0
Berat,Durrës,BR29,Berat - Fier - Berat,AIDA - TRANS 02,https://www.dpshtrr.al/operatoret/aida-trans-02-shpk,K32515186K,Berat,BR-1,Fier,FR-8,07:10,08:01,51.8,43.1,1,"1,2,3,4,5,6,7",8/3/2026,60,0,0,True,1
Berat,Durrës,BR26,Berat – Elbasan - Berat,TROKA,https://www.dpshtrr.al/operatoret/troka-shpk,K32923030T,Berat,BR-1,"Elbasan ""Kryqezimi i Cerrikut""",EL-4,06:30,07:46,76.3,63.6,1,"1,2,3,4,5,6,7",8/3/2026,60,0,0,True,1
Berat,Durrës,BR25,Berat – Durrës – Berat,NIAGARA - KR,https://www.dpshtrr.al/operatoret/niagara-kr-shpk,K32515125G,Berat,BR-1,Durrës (Plepa),DR-3,08:25,10:00,95.6,79.6,1,"1,2,3,4,5,6,7",8/3/2026,60,0,0,True,0
Berat,Durrës,BR25,Berat – Durrës – Berat,NIAGARA - KR,https://www.dpshtrr.al/operatoret/niagara-kr-shpk,K32515125G,Berat,BR-1,Durrës (Plepa),DR-3,10:20,11:55,95.6,79.6,1,"1,2,3,4,5,6,7",8/3/2026,60,0,0,True,0
Berat,Durrës,DR12,Durrës – Berat – Durrës,LEDJAN,https://www.dpshtrr.al/operatoret/ledjan-shpk,K31529517P,Berat,BR-1,Durrës (Plepa),DR-3,11:40,13:15,95.6,79.6,1,"1,2,3,4,5,6,7",8/3/2026,60,0,0,True,0
Berat,Elbasan,BR15,Kucove – Elbasan – Kucove,AMADA,https://www.dpshtrr.al/operatoret/amada-shpk,K88603102U,Kucove,BR-46,"Elbasan ""Kryqezimi i Cerrikut""",EL-4,07:00,08:03,63.6,53.0,1,"1,2,3,4,5,6,7",8/3/2026,60,0,0,True,1
Berat,Elbasan,BR26,Berat – Elbasan - Berat,TROKA,https://www.dpshtrr.al/operatoret/troka-shpk,K32923030T,Berat,BR-1,"Elbasan ""Kryqezimi i Cerrikut""",EL-4,07:20,08:36,76.3,63.6,1,"1,2,3,4,5,6,7",8/3/2026,60,0,0,True,0
Berat,Elbasan,BR35,Berat – Gramsh – Berat,ERVISI,https://www.dpshtrr.al/operatoret/ervisi-shpk,K32506011I,Berat,BR-1,Gramsh,EL-6,06:10,07:37,87.8,73.1,1,"1,2,3,4,5,6,7",8/3/2026,60,0,0,True,1
Berat,Elbasan,EL45,Gramsh – Elbasan – Gramsh,AURORA 2,https://www.dpshtrr.al/operatoret/aurora-2-shpk,K16410809V,Gramsh,EL-6,"Elbasan ""Kryqezimi i Cerrikut""",EL-4,09:00,09:48,48.6,40.5,1,"1,2,3,4,5,6,7",8/3/2026,60,0,0,True,1
Berat,Elbasan,BR38,Berat – Kuçovë - Berat,SHQIPONJA,https://www.dpshtrr.al/operatoret/shqiponja-shpk,K23206026B,Berat,BR-1,Kucove,BR-46,08:00,08:15,15.1,12.6,1,"1,2,3,4,5,6,7",8/3/2026,60,0,0,True,1
Berat,Elbasan,BR9,Kuçovë – Elbasan – Kuçovë (me kalim nga Cërriku),AMADA,https://www.dpshtrr.al/operatoret/amada-shpk,K88603102U,Kucove,BR-46,"Elbasan ""Kryqezimi i Cerrikut""",EL-4,09:00,09:55,55.4,46.1,1,"1,2,3,4,5,6,7",8/3/2026,60,0,0,True,1
Berat,Elbasan,BR26,Berat – Elbasan - Berat,TROKA,https://www.dpshtrr.al/operatoret/troka-shpk,K32923030T,Berat,BR-1,"Elbasan ""Kryqezimi i Cerrikut""",EL-4,08:45,10:01,76.3,63.6,1,"1,2,3,4,5,6,7",8/3/2026,60,0,0,True,0
Berat,Elbasan,BR26,Berat – Elbasan - Berat,TROKA,https://www.dpshtrr.al/operatoret/troka-shpk,K32923030T,Berat,BR-1,"Elbasan ""Kryqezimi i Cerrikut""",EL-4,10:45,12:01,76.3,63.6,1,"1,2,3,4,5,6,7",8/3/2026,60,0,0,True,0
Berat,Elbasan,BR28,Berat – Lushnje - Berat,STAR TRANS OR,https://www.dpshtrr.al/operatoret/star-trans-or-shpk,L63204002T,Berat,BR-1,Lushnjë,LU-1,07:00,07:41,41.4,34.5,1,"1,2,3,4,5,6,7",8/3/2026,60,0,0,True,1
Berat,Elbasan,BR28,Berat – Lushnje - Berat,STAR TRANS OR,https://www.dpshtrr.al/operatoret/star-trans-or-shpk,L63204002T,Berat,BR-1,Lushnjë,LU-1,08:00,08:41,41.4,34.5,1,"1,2,3,4,5,6,7",8/3/2026,60,0,0,True,1
Berat,Elbasan,FR25,Lushnjë – Berat – Lushnjë,KOHA EKSPRES,https://www.dpshtrr.al/operatoret/koha-ekspres-shpk,K34017402I,Berat,BR-1,Lushnjë,LU-1,08:30,09:11,41.4,34.5,1,"1,2,3,4,5,6,7",8/3/2026,60,0,0,True,1
Berat,Elbasan,EL41,Gramsh – Tiranë – Gramsh,TOMKLEDE,https://www.dpshtrr.al/operatoret/tomklede-shpk,K47103803D,Gramsh,EL-6,Tiranë Jug-Lindje,TR-1,09:00,10:24,84.0,70.3,1,"1,2,3,4,5,6,7",8/3/2026,60,0,0,True,2
Berat,Elbasan,TR64,Tiranë – Elbasan – Tiranë (me kalim nga Tuneli),TIRANA - BUS,https://www.dpshtrr.al/operatoret/tirana-bus-shpk,L41511008N,Tiranë Jug-Lindje,TR-1,Elbasan Pallati i Sportit,EL-3,11:00,11:49,49.0,33.1,1,"1,2,3,4,5,6,7",8/3/2026,60,0,0,True,2
Berat,Elbasan,EL16,Elbasan – Tiranë – Elbasan,ERA TRAVEL 2013,https://www.dpshtrr.al/operatoret/era-travel-2013-shpk,L33122201P,Tiranë Jug-Lindje,TR-1,Elbasan Pallati i Sportit,EL-3,11:30,12:19,49.0,32.7,1,"1,2,3,4,5,6,7",8/3/2026,60,0,0,True,2
Berat,Elbasan,EL56,Elbasan – Kuçovë – Elbasan (me kalim nga Cërriku),SKAMPA TRANS,https://www.dpshtrr.al/operatoret/skampa-trans-shpk,L82914203S,Kucove,BR-46,Elbasan Pallati i Sportit,EL-3,11:30,12:26,56.9,47.4,1,"1,2,3,4,5,6,7",8/3/2026,60,0,0,True,1
Berat,Fier,BR22,Ura Vajgurore - Fier - Ura Vajgurore,STAR TRANS OR,https://www.dpshtrr.al/operatoret/star-trans-or-shpk,L63204002T,Ura Vajgurore,FR-19,Fier,FR-8,07:00,07:41,41.4,34.5,1,"1,2,3,4,5,6,7",8/3/2026,60,0,0,True,1
Berat,Fier,BR29,Berat - Fier - Berat,AIDA - TRANS 02,https://www.dpshtrr.al/operatoret/aida-trans-02-shpk,K32515186K,Berat,BR-1,Fier,FR-8,08:00,08:51,51.8,43.1,1,"1,2,3,4,5,6,7",8/3/2026,60,0,0,True,0
Berat,Fier,BR29,Berat - Fier - Berat,AIDA - TRANS 02,https://www.dpshtrr.al/operatoret/aida-trans-02-shpk,K32515186K,Berat,BR-1,Fier,FR-8,08:20,09:11,51.8,43.1,1,"1,2,3,4,5,6,7",8/3/2026,60,0,0,True,0
Berat,Fier,BR12,Kuçove – Fier  – Kuçove,INTERBAN K,https://www.dpshtrr.al/operatoret/interban-k-shpk,L57508102P,Kucove,BR-46,Fier,FR-8,08:25,09:11,46.8,39.0,1,"1,2,3,4,5,6,7",8/3/2026,60,0,0,True,1
Berat,Fier,BR29,Berat - Fier - Berat,AIDA - TRANS 02,https://www.dpshtrr.al/operatoret/aida-trans-02-shpk,K32515186K,Berat,BR-1,Fier,FR-8,09:00,09:51,51.8,43.1,1,"1,2,3,4,5,6,7",8/3/2026,60,0,0,True,0
Berat,Gjirokastër,BR10,Kuçove – Gjirokaster  – Kuçove,FLORINDI,https://www.dpshtrr.al/operatoret/florindi-shpk,K78612101K,Kucove,BR-46,Gjirokastër,GJ-1,07:00,10:12,192.6,160.4,1,"1,2,3,4,5,6,7",8/3/2026,60,0,0,True,1
Berat,Gjirokastër,BR34,Berat – Gjirokastër - Berat,NIKJORG,https://www.dpshtrr.al/operatoret/nikjorg-shpk,K32513074R,Berat,BR-1,Gjirokastër,GJ-1,07:00,10:30,210.3,175.2,1,"1,2,3,4,5,6,7",8/3/2026,60,0,0,True,0
Berat,Gjirokastër,TR15,Tiranë – Gjirokastër – Tiranë,TIRKA 2000,https://www.dpshtrr.al/operatoret/tirka-2000-shpk,J72027001C,Tiranë Veri-Jug,TR-2,Gjirokastër,GJ-1,08:00,12:31,271.1,225.8,1,"1,2,3,4,5,6,7",8/3/2026,60,0,0,True,1
Berat,Gjirokastër,BR30,Berat – Përmet – Berat,STAR TRANS OR,https://www.dpshtrr.al/operatoret/star-trans-or-shpk,L63204002T,Berat,BR-1,Përmet,PR-1,07:15,11:01,226.6,188.8,1,"1,2,3,4,5,6,7",8/3/2026,60,0,0,True,1
Berat,Gjirokastër,BR34,Berat – Gjirokastër - Berat,NIKJORG,https://www.dpshtrr.al/operatoret/nikjorg-shpk,K32513074R,Berat,BR-1,Gjirokastër,GJ-1,09:45,13:15,210.3,175.2,1,"1,2,3,4,5,6,7",8/3/2026,60,0,0,True,0
Berat,Gjirokastër,BR27,Berat – Sarandë – Berat,NIKJORG,https://www.dpshtrr.al/operatoret/nikjorg-shpk,K32513074R,Berat,BR-1,Sarandë,SR-7,08:00,12:12,252.1,210.0,1,"1,2,3,4,5,6,7",8/3/2026,60,0,0,True,1
Berat,Gjirokastër,GJ3,Gjirokastër - Sarandë - Gjirokastër,ARGJIRO,https://www.dpshtrr.al/operatoret/argjiro-shpk,J93316647D,Sarandë,SR-7,Gjirokastër,GJ-1,13:00,14:01,61.8,51.5,1,"1,2,3,4,5,6,7",8/3/2026,60,0,0,True,1
Berat,Gjirokastër,GJ4,Gjirokastër - Berat - Gjirokastër,ARGJIRO,https://www.dpshtrr.al/operatoret/argjiro-shpk,J93316647D,Berat,BR-1,Gjirokastër,GJ-1,14:00,17:30,210.3,175.2,1,"1,2,3,4,5,6,7",8/3/2026,60,0,0,True,0
Berat,Gramsh,BR35,Berat – Gramsh – Berat,ERVISI,https://www.dpshtrr.al/operatoret/ervisi-shpk,K32506011I,Berat,BR-1,Gramsh,EL-6,07:10,08:37,87.8,73.1,1,"1,2,3,4,5,6,7",8/3/2026,60,0,0,True,0
Berat,Gramsh,DR11,Durrës – Gramsh – Durrës,ALFA TRANS,https://www.dpshtrr.al/operatoret/alfa-trans-shpk,K31528554O,Durrës (Plepa),DR-3,Gramsh,EL-6,09:15,11:02,107.7,89.7,1,"1,2,3,4,5,6,7",8/3/2026,60,0,0,True,1
Berat,Gramsh,DR17,Durrës – Kamëz – Durrës,AUTO DUKA TRANS,https://www.dpshtrr.al/operatoret/auto-duka-trans-shpk,L62415504J,Durrës Stacioni i Trenit,DR-1,Kamëz,TR-00096,08:15,09:01,46.3,38.6,1,"1,2,3,4,5,6,7",8/3/2026,60,0,0,True,3
Berat,Gramsh,TR71,Kamëz – Gramsh - Kamëz,VALAMRJA - 07,https://www.dpshtrr.al/operatoret/valamarja-07-shpk,K72029014V,Kamëz,TR-00096,Gramsh,EL-6,10:00,11:46,106.2,88.5,1,"1,2,3,4,5,6,7",8/3/2026,60,0,0,True,3
Berat,Korçë,BR31,Berat – Korçë – Berat,BITRI,https://www.dpshtrr.al/operatoret/bitri-shpk,K23206017C,Berat,BR-1,Korçë,KO-2,04:30,08:15,225.6,188.0,1,"1,2,3,4,5,6,7",8/3/2026,60,0,0,True,0
Berat,Korçë,BR31,Berat – Korçë – Berat,BITRI,https://www.dpshtrr.al/operatoret/bitri-shpk,K23206017C,Berat,BR-1,Korçë,KO-2,05:00,08:45,225.6,188.0,1,"1,2,3,4,5,6,7",8/3/2026,60,0,0,True,0
Berat,Korçë,EL42,Gramsh – Korçë – Gramsh,TOMKLEDE,https://www.dpshtrr.al/operatoret/tomklede-shpk,K47103803D,Gramsh,EL-6,Korçë,KO-2,08:20,10:06,106.7,88.9,1,"1,2,3,4,5,6,7",8/3/2026,60,0,0,True,1
Berat,Korçë,EL22,Elbasan – Prrenjas – Elbasan,NE-ER,https://www.dpshtrr.al/operatoret/ne-er-shpk,L52519213M,"Elbasan ""Kryqezimi i Cerrikut""",EL-4,Prrenjas,LB-5,09:00,09:47,47.0,53.2,1,"1,2,3,4,5,6,7",8/3/2026,60,0,0,True,3
Berat,Korçë,KO15,Pogradec - Prrenjas - Pogradec,MUSKA TRANS,https://www.dpshtrr.al/operatoret/muska-trans-shpk,L54621605Q,Prrenjas,LB-5,Pogradec,PG-5,10:00,10:37,37.8,31.5,1,"1,2,3,4,5,6,7",8/3/2026,60,0,0,True,3
Berat,Korçë,KO16,Pogradec - Korçë - Pogradec,SHQIPONJA TRANS,https://www.dpshtrr.al/operatoret/shqiponja-trans-shpk,K53807603C,Pogradec,PG-5,Korçë,KO-2,11:00,11:45,45.8,38.1,1,"1,2,3,4,5,6,7",8/3/2026,60,0,0,True,3
Berat,Korçë,EL5,Elbasan – Korçë – Elbasan,TRANS KELA,https://www.dpshtrr.al/operatoret/trans-kela-shpk,L12704203B,"Elbasan ""Kryqezimi i Cerrikut""",EL-4,Korçë,KO-2,09:30,11:59,149.2,124.3,1,"1,2,3,4,5,6,7",8/3/2026,60,0,0,True,1
Berat,Korçë,BR16,Kucove – Librazhd – Kucove,DONI TRAVEL,https://www.dpshtrr.al/operatoret/doni-travel-shpk,L72911202R,Kucove,BR-46,Librazhd,LB-3,06:45,08:18,93.6,78.0,1,"1,2,3,4,5,6,7",8/3/2026,60,0,0,True,4
Berat,Korçë,EL40,Librazhd – Prrenjas – Librazhd,SEFA TRANS,https://www.dpshtrr.al/operatoret/sefa-trans-shpk,L47707602A,Librazhd,LB-3,Prrenjas,LB-5,08:30,08:59,29.7,28.5,1,"1,2,3,4,5,6,7",8/3/2026,60,0,0,True,4
Berat,Korçë,EL25,Prrenjas – Pogradec – Prrenjas,FLOADER,https://www.dpshtrr.al/operatoret/floader-shpk,L48512601M,Prrenjas,LB-5,Pogradec,PG-5,10:30,11:07,37.8,31.5,1,"1,2,3,4,5,6,7",8/3/2026,60,0,0,True,4
Berat,Korçë,KO17,Pogradec - Maliq - Korçë - Pogradec,XHAFA TRAVEL,https://www.dpshtrr.al/operatoret/xhafatravel-shpk,L74222001M,Pogradec,PG-5,Korçë,KO-2,11:15,12:02,47.6,39.6,1,"1,2,3,4,5,6,7",8/3/2026,60,0,0,True,4
Berat,Korçë,DR2,Durrës – Korçë – Durrës,DEMOKRACIA 95,https://www.dpshtrr.al/operatoret/demokracia-95-shpk,K31601531F,Durrës (Plepa),DR-3,Korçë,KO-2,09:00,12:34,214.3,178.6,1,"1,2,3,4,5,6,7",8/3/2026,60,0,0,True,1
Berat,Korçë,KO6,Korçë - Lozhan - Gramsh - Korçë,RIKI TRANS,https://www.dpshtrr.al/operatoret/riki-trans-shpk,L71309505G,Gramsh,EL-6,Korçë,KO-2,11:00,12:46,106.7,88.9,1,"1,2,3,4,5,6,7",8/3/2026,60,0,0,True,1
Berat,Kucove,BR38,Berat – Kuçovë - Berat,SHQIPONJA,https://www.dpshtrr.al/operatoret/shqiponja-shpk,K23206026B,Berat,BR-1,Kucove,BR-46,12:00,12:15,15.1,12.6,1,"1,2,3,4,5,6,7",8/3/2026,60,0,0,True,0
Berat,Kucove,BR20,Kuçovë – Berat – Kuçovë,DOLESE,https://www.dpshtrr.al/operatoret/dolese-shpk,K17621102J,Berat,BR-1,Kucove,BR-46,12:30,12:45,15.1,12.6,1,"1,2,3,4,5,6,7",8/3/2026,60,0,0,True,0
Berat,Kucove,BR20,Kuçovë – Berat – Kuçovë,DOLESE,https://www.dpshtrr.al/operatoret/dolese-shpk,K17621102J,Berat,BR-1,Kucove,BR-46,13:10,13:25,15.1,12.6,1,"1,2,3,4,5,6,7",8/3/2026,60,0,0,True,0
Berat,Kucove,BR20,Kuçovë – Berat – Kuçovë,DOLESE,https://www.dpshtrr.al/operatoret/dolese-shpk,K17621102J,Berat,BR-1,Kucove,BR-46,13:50,14:05,15.1,12.6,1,"1,2,3,4,5,6,7",8/3/2026,60,0,0,True,0
Berat,Lushnjë,FR32,Lushnjë – Fier – Lushnjë,TRANSUDHËTARE,https://www.dpshtrr.al/operatoret/transudhetare-shpk,J64103414M,Fier,FR-8,Lushnjë,LU-1,07:30,08:03,33.5,28.0,1,"1,2,3,4,5,6,7",8/3/2026,60,0,0,True,2
Berat,Lushnjë,FR32,Lushnjë – Fier – Lushnjë,TRANSUDHËTARE,https://www.dpshtrr.al/operatoret/transudhetare-shpk,J64103414M,Fier,FR-8,Lushnjë,LU-1,09:00,09:33,33.5,28.0,1,"1,2,3,4,5,6,7",8/3/2026,60,0,0,True,1
Berat,Lushnjë,FR14,Fier – Lushnje – Fier,JURVIS,https://www.dpshtrr.al/operatoret/jurvis-shpk,K92626401T,Fier,FR-8,Lushnjë,LU-1,09:30,10:03,33.5,28.0,1,"1,2,3,4,5,6,7",8/3/2026,60,0,0,True,1
Berat,Lushnjë,FR25,Lushnjë – Berat – Lushnjë,KOHA EKSPRES,https://www.dpshtrr.al/operatoret/koha-ekspres-shpk,K34017402I,Berat,BR-1,Lushnjë,LU-1,09:30,10:11,41.4,34.5,1,"1,2,3,4,5,6,7",8/3/2026,60,0,0,True,0
Berat,Lushnjë,BR28,Berat – Lushnje - Berat,STAR TRANS OR,https://www.dpshtrr.al/operatoret/star-trans-or-shpk,L63204002T,Berat,BR-1,Lushnjë,LU-1,11:00,11:41,41.4,34.5,1,"1,2,3,4,5,6,7",8/3/2026,60,0,0,True,0
Berat,Patos,BR39,Berat - Patos - Berat,STAR TRANS OR,https://www.dpshtrr.al/operatoret/star-trans-or-shpk,L63204002T,Berat,BR-1,Patos,FR-12,08:15,09:01,46.3,38.6,1,"1,2,3,4,5,6,7",8/3/2026,60,0,0,True,0
Berat,Patos,BR32,Berat – Vlorë – Berat,LEKSI,https://www.dpshtrr.al/operatoret/leksi-or-shpk,J62904105U,Berat,BR-1,Vlorë,VL-28,06:30,08:31,121.5,91.2,1,"1,2,3,4,5,6,7",8/3/2026,60,0,0,True,1
Berat,Patos,BR32,Berat – Vlorë – Berat,LEKSI,https://www.dpshtrr.al/operatoret/leksi-or-shpk,J62904105U,Berat,BR-1,Vlorë,VL-28,07:30,09:31,121.5,91.2,1,"1,2,3,4,5,6,7",8/3/2026,60,0,0,True,1
Berat,Patos,FR44,Patos – Berat – Patos,eTransport,https://www.dpshtrr.al/operatoret-etransport,1,Berat,BR-1,Patos,FR-12,00:00,00:46,46.3,38.6,1,"1,2,3,4,5,6,7",8/3/2026,60,0,0,True,0
Berat,Polican,BR18,Kuçovë – Poliçan – Kuçovë,ALBENIO,http://dpshtrr.al,L27910101D,Kucove,BR-46,Polican,SK-1,07:20,08:07,47.3,39.4,1,"1,2,3,4,5,6,7",8/3/2026,60,0,0,True,1
Berat,Polican,BR37,Berat – Poliçan – Berat,OSUMI,https://www.dpshtrr.al/operatoret/osumi-shpk,K32515123N,Berat,BR-1,Polican,SK-1,10:00,10:33,33.6,28.0,1,"1,2,3,4,5,6,7",8/3/2026,60,0,0,True,0
Berat,Polican,BR3,Çorovodë – Poliçan - Corovodë,ARTJOL DULELLARI TRANS,https://www.dpshtrr.al/operatoret/artjol-dulellari-trans-shpk,L69814401A,Corovode,BR-11,Polican,SK-1,10:35,11:06,31.8,26.5,1,"1,2,3,4,5,6,7",8/3/2026,60,0,0,True,1
Berat,Polican,BR37,Berat – Poliçan – Berat,OSUMI,https://www.dpshtrr.al/operatoret/osumi-shpk,K32515123N,Berat,BR-1,Polican,SK-1,11:50,12:23,33.6,28.0,1,"1,2,3,4,5,6,7",8/3/2026,60,0,0,True,0
Berat,Polican,BR7,Poliçan – Berat – Poliçan,POLICANI TRANS,https://www.dpshtrr.al/operatoret/policani-trans-shpk,K99502401C,Berat,BR-1,Polican,SK-1,12:25,12:58,33.6,28.0,1,"1,2,3,4,5,6,7",8/3/2026,60,0,0,True,0
Berat,Polican,BR7,Poliçan – Berat – Poliçan,POLICANI TRANS,https://www.dpshtrr.al/operatoret/policani-trans-shpk,K99502401C,Berat,BR-1,Polican,SK-1,13:20,13:53,33.6,28.0,1,"1,2,3,4,5,6,7",8/3/2026,60,0,0,True,0
Berat,Përmet,FR6,Fier – Përmet – Fier,KOMPAKT,https://www.dpshtrr.al/operatoret/kompakt-shpk,K23407401F,Fier,FR-8,Përmet,PR-1,07:15,09:38,143.2,119.3,1,"1,2,3,4,5,6,7",8/3/2026,60,0,0,True,2
Berat,Përmet,TR21,Tiranë – Përmet – Tiranë,DHEMBELI,https://www.dpshtrr.al/operatoret/dhembeli-shpk,K11609007R,Tiranë Veri-Jug,TR-2,Përmet,PR-1,07:30,12:17,287.4,239.4,1,"1,2,3,4,5,6,7",8/3/2026,60,0,0,True,1
Berat,Përmet,TR21,Tiranë – Përmet – Tiranë,DHEMBELI,https://www.dpshtrr.al/operatoret/dhembeli-shpk,K11609007R,Tiranë Veri-Jug,TR-2,Përmet,PR-1,08:15,13:02,287.4,239.4,1,"1,2,3,4,5,6,7",8/3/2026,60,0,0,True,1
Berat,Përmet,GJ19,Përmet - Gjirokastër - Përmet,PËRMETI EKSPRES,https://www.dpshtrr.al/operatoret/permeti-ekspres-shpk,K89223201Q,Gjirokastër,GJ-1,Përmet,PR-1,12:00,13:10,70.8,58.9,1,"1,2,3,4,5,6,7",8/3/2026,60,0,0,True,1
Berat,Përmet,GJ34,Gjirokastër – Përmet – Gjirokastër,SKENDI - 2014,https://www.dpshtrr.al/operatoret/skendi-2014-shpk,L53428602T,Gjirokastër,GJ-1,Përmet,PR-1,13:00,14:10,70.8,59.0,1,"1,2,3,4,5,6,7",8/3/2026,60,0,0,True,2
Berat,Përmet,GJ19,Përmet - Gjirokastër - Përmet,PËRMETI EKSPRES,https://www.dpshtrr.al/operatoret/permeti-ekspres-shpk,K89223201Q,Gjirokastër,GJ-1,Përmet,PR-1,13:30,14:40,70.8,58.9,1,"1,2,3,4,5,6,7",8/3/2026,60,0,0,True,1
Berat,Sarandë,EL4,Elbasan – Sarandë – Elbasan,GUCAJ A & R,https://www.dpshtrr.al/operatoret/gucaj-ar-shpk,K72812202S,"Elbasan ""Kryqezimi i Cerrikut""",EL-4,Sarandë,SR-7,08:00,12:40,280.8,233.9,1,"1,2,3,4,5,6,7",8/3/2026,60,0,0,True,1
Berat,Sarandë,VL24,Sarandë - Gjirokastër - Sarandë,TRANS - BUTRINTI,https://www.dpshtrr.al/operatoret/trans-butrinti-shpk,K04814854U,Gjirokastër,GJ-1,Sarandë,SR-7,12:00,13:01,61.8,51.4,1,"1,2,3,4,5,6,7",8/3/2026,60,0,0,True,1
Berat,Sarandë,VL27,Sarandë - Berat - Sarandë,TRANS DEA,https://www.dpshtrr.al/operatoret/trans-dea-shpk,K83826802M,Berat,BR-1,Sarandë,SR-7,13:15,17:27,252.1,210.0,1,"1,2,3,4,5,6,7",8/3/2026,60,0,0,True,0
Berat,Tiranë,EL16,Elbasan – Tiranë – Elbasan,ERA TRAVEL 2013,https://www.dpshtrr.al/operatoret/era-travel-2013-shpk,L33122201P,Elbasan Pallati i Sportit,EL-3,Tiranë Jug-Lindje,TR-1,09:30,10:08,38.5,32.1,1,"1,2,3,4,5,6,7",8/3/2026,60,0,0,True,2
Berat,Tiranë,TR64,Tiranë – Elbasan – Tiranë (me kalim nga Tuneli),TIRANA - BUS,https://www.dpshtrr.al/operatoret/tirana-bus-shpk,L41511008N,Elbasan Pallati i Sportit,EL-3,Tiranë Jug-Lindje,TR-1,10:00,10:38,38.1,32.3,1,"1,2,3,4,5,6,7",8/3/2026,60,0,0,True,2
Berat,Tiranë,TR64,Tiranë – Elbasan – Tiranë (me kalim nga Tuneli),TIRANA - BUS,https://www.dpshtrr.al/operatoret/tirana-bus-shpk,L41511008N,Elbasan Pallati i Sportit,EL-3,Tiranë Jug-Lindje,TR-1,11:00,11:38,38.1,32.3,1,"1,2,3,4,5,6,7",8/3/2026,60,0,0,True,2
Berat,Tiranë,TR3,Tiranë – Shkodër – Tiranë,EL ALBA - 1,https://www.dpshtrr.al/operatoret/elalba-1-shpk,K12202003J,Tiranë Veri-Jug,TR-2,Shkodër,SH-15,08:00,09:48,108.2,90.2,1,"1,2,3,4,5,6,7",8/3/2026,60,0,0,True,2
Berat,Tiranë,ShK4,Shkodër - Rinas - Shkodër,HERMES AEROPORT,https://www.dpshtrr.al/operatoret/hermes-aeroport-shpk,L67324202E,Shkodër,SH-15,Rinas Aeroport,TR-4,11:00,12:39,99.7,83.1,1,"1,2,3,4,5,6,7",8/3/2026,60,0,0,True,2
Berat,Tiranë,VL12,Vlorë - Rinas(Aeroport) - Vlorë,HERMES AEROPORT,https://www.dpshtrr.al/operatoret/hermes-aeroport-shpk,L67324202E,Vlorë,VL-28,Rinas Aeroport,TR-4,11:00,13:57,177.9,148.2,1,"1,2,3,4,5,6,7",8/3/2026,60,0,0,True,1
Berat,Tiranë,BR17,Kucove – Shkoder – Kucove,ALFONS TRANS,http://dpshtrr.al,L68413101J,Kucove,BR-46,Shkodër,SH-15,06:30,10:11,221.4,184.4,1,"1,2,3,4,5,6,7",8/3/2026,60,0,0,True,2
Berat,Tiranë,TR3,Tiranë – Shkodër – Tiranë,EL ALBA - 1,https://www.dpshtrr.al/operatoret/elalba-1-shpk,K12202003J,Tiranë Veri-Jug,TR-2,Shkodër,SH-15,09:00,10:48,108.2,90.2,1,"1,2,3,4,5,6,7",8/3/2026,60,0,0,True,2
Berat,Ura Vajgurore,BR41,Berat - Ura Vajgurore – Berat,TIBE,https://www.dpshtrr.al/operatoret/tibe-shpk,K31327069U,Berat,BR-1,Ura Vajgurore,FR-19,08:30,08:40,10.3,8.6,1,"1,2,3,4,5,6,7",8/3/2026,60,0,0,True,0
Berat,Ura Vajgurore,BR22,Ura Vajgurore - Fier - Ura Vajgurore,STAR TRANS OR,https://www.dpshtrr.al/operatoret/star-trans-or-shpk,L63204002T,Fier,FR-8,Ura Vajgurore,FR-19,09:20,10:01,41.4,34.5,1,"1,2,3,4,5,6,7",8/3/2026,60,0,0,True,1
Berat,Ura Vajgurore,BR41,Berat - Ura Vajgurore – Berat,TIBE,https://www.dpshtrr.al/operatoret/tibe-shpk,K31327069U,Berat,BR-1,Ura Vajgurore,FR-19,11:00,11:10,10.3,8.6,1,"1,2,3,4,5,6,7",8/3/2026,60,0,0,True,0
Berat,Ura Vajgurore,BR41,Berat - Ura Vajgurore – Berat,TIBE,https://www.dpshtrr.al/operatoret/tibe-shpk,K31327069U,Berat,BR-1,Ura Vajgurore,FR-19,12:00,12:10,10.3,8.6,1,"1,2,3,4,5,6,7",8/3/2026,60,0,0,True,0
Berat,Ura Vajgurore,BR41,Berat - Ura Vajgurore – Berat,TIBE,https://www.dpshtrr.al/operatoret/tibe-shpk,K31327069U,Berat,BR-1,Ura Vajgurore,FR-19,13:00,13:10,10.3,8.6,1,"1,2,3,4,5,6,7",8/3/2026,60,0,0,True,0
Berat,Ura Vajgurore,BR41,Berat - Ura Vajgurore – Berat,TIBE,https://www.dpshtrr.al/operatoret/tibe-shpk,K31327069U,Berat,BR-1,Ura Vajgurore,FR-19,14:00,14:10,10.3,8.6,1,"1,2,3,4,5,6,7",8/3/2026,60,0,0,True,0
Berat,Vlorë,FR3,Fier – Vlorë  – Fier,ARJANI,https://www.dpshtrr.al/operatoret/arjani-shpk,J63208424W,Fier,FR-8,Vlorë,VL-28,09:30,10:15,45.6,38.0,1,"1,2,3,4,5,6,7",8/3/2026,60,0,0,True,1
Berat,Vlorë,BR32,Berat – Vlorë – Berat,LEKSI,https://www.dpshtrr.al/operatoret/leksi-or-shpk,J62904105U,Berat,BR-1,Vlorë,VL-28,08:30,10:31,121.5,91.2,1,"1,2,3,4,5,6,7",8/3/2026,60,0,0,True,0
Bilisht,Korçë,KO25,Bilisht - Korçë - Bilisht,XHEA TRANS,https://www.dpshtrr.al/operatoret/xhea-trans-shpk,L36331601E,Bilisht,KO-1,Korçë,KO-2,07:30,08:02,32.0,26.7,1,"1,2,3,4,5,6,7",8/3/2026,60,0,0,True,0
Bilisht,Korçë,KO25,Bilisht - Korçë - Bilisht,XHEA TRANS,https://www.dpshtrr.al/operatoret/xhea-trans-shpk,L36331601E,Bilisht,KO-1,Korçë,KO-2,08:30,09:02,32.0,26.7,1,"1,2,3,4,5,6,7",8/3/2026,60,0,0,True,0
Bilisht,Korçë,KO25,Bilisht - Korçë - Bilisht,XHEA TRANS,https://www.dpshtrr.al/operatoret/xhea-trans-shpk,L36331601E,Bilisht,KO-1,Korçë,KO-2,09:30,10:02,32.0,26.7,1,"1,2,3,4,5,6,7",8/3/2026,60,0,0,True,0
Bilisht,Korçë,KO25,Bilisht - Korçë - Bilisht,XHEA TRANS,https://www.dpshtrr.al/operatoret/xhea-trans-shpk,L36331601E,Bilisht,KO-1,Korçë,KO-2,10:30,11:02,32.0,26.7,1,"1,2,3,4,5,6,7",8/3/2026,60,0,0,True,0
Bilisht,Korçë,KO10,Korçë - Bilisht - Korçë,START BUS KORCA,https://www.dpshtrr.al/operatoret/start-bus-korca-shpk,K24722001V,Bilisht,KO-1,Korçë,KO-2,11:00,11:32,32.0,26.7,1,"1,2,3,4,5,6,7",8/3/2026,60,0,0,True,0
Bilisht,Korçë,KO10,Korçë - Bilisht - Korçë,START BUS KORCA,https://www.dpshtrr.al/operatoret/start-bus-korca-shpk,K24722001V,Bilisht,KO-1,Korçë,KO-2,12:00,12:32,32.0,26.7,1,"1,2,3,4,5,6,7",8/3/2026,60,0,0,True,0
Bilisht,Korçë,KO10,Korçë - Bilisht - Korçë,START BUS KORCA,https://www.dpshtrr.al/operatoret/start-bus-korca-shpk,K24722001V,Bilisht,KO-1,Korçë,KO-2,13:00,13:32,32.0,26.7,1,"1,2,3,4,5,6,7",8/3/2026,60,0,0,True,0
Bilisht,Korçë,KO10,Korçë - Bilisht - Korçë,START BUS KORCA,https://www.dpshtrr.al/operatoret/start-bus-korca-shpk,K24722001V,Bilisht,KO-1,Korçë,KO-2,14:00,14:32,32.0,26.7,1,"1,2,3,4,5,6,7",8/3/2026,60,0,0,True,0
Bilisht,Tiranë,KO7,Korçë - Fier - Korçë,START BUS KORCA,https://www.dpshtrr.al/operatoret/start-bus-korca-shpk,K24722001V,Korçë,KO-2,Fier,FR-8,08:30,12:43,253.2,211.0,1,"1,2,3,4,5,6,7",8/3/2026,60,0,0,True,3
Bilisht,Tiranë,KO26,Korçë-Kamëz-Korçë,RIKI TRANS,https://www.dpshtrr.al/operatoret/riki-trans-shpk,L71309505G,Korçë,KO-2,Kamëz,TR-00096,09:30,12:53,203.6,169.6,1,"1,2,3,4,5,6,7",8/3/2026,60,0,0,True,4
Bilisht,Tiranë,TR66,Kamëz – Durrës – Kamëz,SHPRESA - AL,https://www.dpshtrr.al/operatoret/shpresa-al-shpk,K31321021N,Kamëz,TR-00096,Durrës Stacioni i Trenit,DR-1,13:00,13:49,49.3,41.0,1,"1,2,3,4,5,6,7",8/3/2026,60,0,0,True,4
Bilisht,Tiranë,KO24,Bilisht - Tiranë - Bilisht,EKSPRES BILISHT REVANI,https://www.dpshtrr.al/operatoret/ekspres-bilisht-revani-shpk,K77323601P,Bilisht,KO-1,Tiranë Jug-Lindje,TR-1,04:30,07:49,199.3,165.7,1,"1,2,3,4,5,6,7",8/3/2026,60,0,0,True,0
Bilisht,Tiranë,KO24,Bilisht - Tiranë - Bilisht,EKSPRES BILISHT REVANI,https://www.dpshtrr.al/operatoret/ekspres-bilisht-revani-shpk,K77323601P,Bilisht,KO-1,Tiranë Jug-Lindje,TR-1,05:45,09:04,199.3,165.7,1,"1,2,3,4,5,6,7",8/3/2026,60,0,0,True,0
Bilisht,Tiranë,KO24,Bilisht - Tiranë - Bilisht,EKSPRES BILISHT REVANI,https://www.dpshtrr.al/operatoret/ekspres-bilisht-revani-shpk,K77323601P,Bilisht,KO-1,Tiranë Jug-Lindje,TR-1,07:15,10:34,199.3,165.7,1,"1,2,3,4,5,6,7",8/3/2026,60,0,0,True,0
Bilisht,Tiranë,KO24,Bilisht - Tiranë - Bilisht,EKSPRES BILISHT REVANI,https://www.dpshtrr.al/operatoret/ekspres-bilisht-revani-shpk,K77323601P,Bilisht,KO-1,Tiranë Jug-Lindje,TR-1,08:30,11:49,199.3,165.7,1,"1,2,3,4,5,6,7",8/3/2026,60,0,0,True,0
Bilisht,Tiranë,KO3,Korçë - Tiranë - Korçë,START BUS KORCA,https://www.dpshtrr.al/operatoret/start-bus-korca-shpk,K24722001V,Korçë,KO-2,Tiranë Jug-Lindje,TR-1,09:00,12:04,184.8,154.5,1,"1,2,3,4,5,6,7",8/3/2026,60,0,0,True,1
Bilisht,Tiranë,KO12,Korçë - Pogradec - Korçë,MORAVA 93,https://www.dpshtrr.al/operatoret/morava-93-shpk,K33804004D,Korçë,KO-2,Pogradec,PG-5,09:30,10:15,45.8,38.2,1,"1,2,3,4,5,6,7",8/3/2026,60,0,0,True,2
Bilisht,Tiranë,KO13,Pogradec - Tiranë - Pogradec,SHQIPONJA TRANS,https://www.dpshtrr.al/operatoret/shqiponja-trans-shpk,K53807603C,Pogradec,PG-5,Tiranë Jug-Lindje,TR-1,10:30,12:49,139.3,116.5,1,"1,2,3,4,5,6,7",8/3/2026,60,0,0,True,2
Bilisht,Tiranë,KO24,Bilisht - Tiranë - Bilisht,EKSPRES BILISHT REVANI,https://www.dpshtrr.al/operatoret/ekspres-bilisht-revani-shpk,K77323601P,Bilisht,KO-1,Tiranë Jug-Lindje,TR-1,10:30,13:49,199.3,165.7,1,"1,2,3,4,5,6,7",8/3/2026,60,0,0,True,0
Bilisht,Tiranë,TR39,Tiranë – Bilisht – Tiranë,BEAM,https://www.dpshtrr.al/operatoret/beam-shpk,K22313004H,Bilisht,KO-1,Tiranë Jug-Lindje,TR-1,12:00,15:19,199.3,165.9,1,"1,2,3,4,5,6,7",8/3/2026,60,0,0,True,0
Bilisht,Tiranë,TR43,Tiranë – Elbasan – Tiranë,EL ALBA 2,https://www.dpshtrr.al/operatoret/elalba-2-shpk,K21402001V,Tiranë Jug-Lindje,TR-1,"Elbasan ""Kryqezimi i Cerrikut""",EL-4,08:00,08:49,49.7,33.7,1,"1,2,3,4,5,6,7",8/3/2026,60,0,0,True,4
Bilisht,Tiranë,TR46,Tiranë – Librazhd – Tiranë,GREEN BUS,https://www.dpshtrr.al/operatoret/green-bus-travel,L81523015O,Tiranë Jug-Lindje,TR-1,Librazhd,LB-3,09:30,10:39,69.1,57.6,1,"1,2,3,4,5,6,7",8/3/2026,60,0,0,True,4
Bilisht,Tiranë,EL39,Librazhd – Elbasan – Librazhd,PRODANI,https://www.dpshtrr.al/operatoret/prodani,K27713621J,Librazhd,LB-3,"Elbasan ""Kryqezimi i Cerrikut""",EL-4,11:00,11:29,30.0,25.0,1,"1,2,3,4,5,6,7",8/3/2026,60,0,0,True,4
Bilisht,Tiranë,FR8,Fier – Elbasan – Fier,ÇUKO,https://www.dpshtrr.al/operatoret/cuko-shpk,J62903571K,"Elbasan ""Kryqezimi i Cerrikut""",EL-4,Fier,FR-8,11:45,13:23,98.7,82.2,1,"1,2,3,4,5,6,7",8/3/2026,60,0,0,True,4
Bilisht,Tiranë,FR7,Fier – Korçë – Fier,ÇUKO,https://www.dpshtrr.al/operatoret/cuko-shpk,J62903571K,Korçë,KO-2,Fier,FR-8,10:15,14:08,233.2,194.3,1,"1,2,3,4,5,6,7",8/3/2026,60,0,0,True,2
Bilisht,Tiranë,FR12,"Fier – Rinas – Fier (nga Ura e Dajlanit, Vorë)",EURO - ALBANIA TRAVEL,https://www.dpshtrr.al/operatoret/euro-albania-travel-shpk,L33609403Q,Fier,FR-8,Rinas Aeroport,TR-4,14:30,16:37,127.2,105.9,1,"1,2,3,4,5,6,7",8/3/2026,60,0,0,True,2
Bilisht,Tiranë,DR59,Shijak – Korçë – Shijak,RIKI TRANS,https://www.dpshtrr.al/operatoret/riki-trans-shpk,L71309505G,Korçë,KO-2,Shijak,DR-16,12:30,16:17,227.8,189.8,1,"1,2,3,4,5,6,7",8/3/2026,60,0,0,True,3
Bilisht,Tiranë,DR56,Shijak – Durrës – Shijak,SHIJAKU & CO,https://www.dpshtrr.al/operatoret/shijakuco-shpk,L62413505H,Shijak,DR-16,Durrës Stacioni i Trenit,DR-1,16:30,16:47,17.1,14.2,1,"1,2,3,4,5,6,7",8/3/2026,60,0,0,True,3
Bilisht,Tiranë,DR42,Durrës – Rinas (Aeroport) – Durrës,ADIS,https://www.dpshtrr.al/operatoret/adis-shpk,K31412511R,Durrës Stacioni i Trenit,DR-1,Rinas Aeroport,TR-4,17:00,17:41,41.0,34.2,1,"1,2,3,4,5,6,7",8/3/2026,60,0,0,True,3
Bilisht,Tiranë,BR13,Kucove – Korce – Kucove,ARBA,https://www.dpshtrr.al/operatoret/arba-shpk,K37510182J,Korçë,KO-2,Kucove,BR-46,11:30,14:23,173.7,144.7,1,"1,2,3,4,5,6,7",8/3/2026,60,0,0,True,3
Bilisht,Tiranë,BR12,Kuçove – Fier  – Kuçove,INTERBAN K,https://www.dpshtrr.al/operatoret/interban-k-shpk,L57508102P,Kucove,BR-46,Fier,FR-8,14:45,15:31,46.8,39.0,1,"1,2,3,4,5,6,7",8/3/2026,60,0,0,True,3
Bilisht,Tiranë,FR12,"Fier – Rinas – Fier (nga Ura e Dajlanit, Vorë)",EURO - ALBANIA TRAVEL,https://www.dpshtrr.al/operatoret/euro-albania-travel-shpk,L33609403Q,Fier,FR-8,Rinas Aeroport,TR-4,17:00,19:07,127.2,105.9,1,"1,2,3,4,5,6,7",8/3/2026,60,0,0,True,3
Bilisht,Tiranë,TR69,Kamëz – Korçë – Kamëz,SHPRESA - AL,https://www.dpshtrr.al/operatoret/shpresa-al-shpk,K31321021N,Korçë,KO-2,Kamëz,TR-00096,13:30,16:53,203.6,169.6,1,"1,2,3,4,5,6,7",8/3/2026,60,0,0,True,3
Bilisht,Tiranë,TR66,Kamëz – Durrës – Kamëz,SHPRESA - AL,https://www.dpshtrr.al/operatoret/shpresa-al-shpk,K31321021N,Kamëz,TR-00096,Durrës Stacioni i Trenit,DR-1,17:00,17:49,49.3,41.0,1,"1,2,3,4,5,6,7",8/3/2026,60,0,0,True,3
Bilisht,Tiranë,DR42,Durrës – Rinas (Aeroport) – Durrës,ADIS,https://www.dpshtrr.al/operatoret/adis-shpk,K31412511R,Durrës Stacioni i Trenit,DR-1,Rinas Aeroport,TR-4,19:00,19:41,41.0,34.2,1,"1,2,3,4,5,6,7",8/3/2026,60,0,0,True,3
Bilisht,Tiranë,TR69,Kamëz – Korçë – Kamëz,SHPRESA - AL,https://www.dpshtrr.al/operatoret/shpresa-al-shpk,K31321021N,Korçë,KO-2,Kamëz,TR-00096,08:40,12:03,203.6,169.6,1,"1,2,3,4,5,6,7",8/3/2026,60,0,0,True,3
Bilisht,Tiranë,DR17,Durrës – Kamëz – Durrës,AUTO DUKA TRANS,https://www.dpshtrr.al/operatoret/auto-duka-trans-shpk,L62415504J,Kamëz,TR-00096,Durrës Stacioni i Trenit,DR-1,12:15,13:04,49.3,41.0,1,"1,2,3,4,5,6,7",8/3/2026,60,0,0,True,3
Bilisht,Tiranë,DR6,Durrës – Tiranë – Durrës,DEMOKRACIA 95,https://www.dpshtrr.al/operatoret/demokracia-95-shpk,K31601531F,Durrës Stacioni i Trenit,DR-1,Tiranë Veri-Jug,TR-2,13:10,13:50,40.2,33.5,1,"1,2,3,4,5,6,7",8/3/2026,60,0,0,True,3
Bilisht,Tiranë,DR58,Shijak – Librazhd – Shijak,VËLLEZËRIT SHKALLA,https://www.dpshtrr.al/operatoret/vellezerit-shkalla,L01621503G,Librazhd,LB-3,Shijak,DR-16,11:00,13:15,135.4,112.8,1,"1,2,3,4,5,6,7",8/3/2026,60,0,0,True,3
Bilisht,Tiranë,TR31,Tiranë – Shijak – Tiranë,IRIDEST,https://www.dpshtrr.al/operatoret/iridest-shpk,K72111030I,Shijak,DR-16,Tiranë Veri-Jug,TR-2,13:30,14:02,32.2,26.9,1,"1,2,3,4,5,6,7",8/3/2026,60,0,0,True,3
Bilisht,Tiranë,KO2,Korçë - Durrës - Korçë,START BUS KORCA,https://www.dpshtrr.al/operatoret/start-bus-korca-shpk,K24722001V,Korçë,KO-2,Durrës (Plepa),DR-3,09:30,13:24,234.0,195.0,1,"1,2,3,4,5,6,7",8/3/2026,60,0,0,True,2
Bilisht,Tiranë,TR65,"Tiranë – Durrës – Tiranë (me kalim nga Plepat, Ndroq)",RIKI TRANS,https://www.dpshtrr.al/operatoret/riki-trans-shpk,L71309505G,Durrës (Plepa),DR-3,Tiranë Veri-Jug,TR-2,13:30,14:11,41.6,34.7,1,"1,2,3,4,5,6,7",8/3/2026,60,0,0,True,2
Bilisht,Tiranë,DR59,Shijak – Korçë – Shijak,RIKI TRANS,https://www.dpshtrr.al/operatoret/riki-trans-shpk,L71309505G,Korçë,KO-2,Shijak,DR-16,10:15,14:02,227.8,189.8,1,"1,2,3,4,5,6,7",8/3/2026,60,0,0,True,2
Bilisht,Tiranë,TR31,Tiranë – Shijak – Tiranë,IRIDEST,https://www.dpshtrr.al/operatoret/iridest-shpk,K72111030I,Shijak,DR-16,Tiranë Veri-Jug,TR-2,14:30,15:02,32.2,26.9,1,"1,2,3,4,5,6,7",8/3/2026,60,0,0,True,2
Bilisht,Tiranë,FR24,Lushnjë – Elbasan – Lushnjë,ENSU VIAGGIO,https://www.dpshtrr.al,L94001402E,Elbasan Pallati i Sportit,EL-3,Lushnjë,LU-1,12:00,13:13,73.2,61.0,1,"1,2,3,4,5,6,7",8/3/2026,60,0,0,True,3
Bilisht,Tiranë,TR28,Tiranë – Lushnjë – Tiranë,PIKO,https://www.dpshtrr.al/operatoret/piko-shpk,K22301006J,Lushnjë,LU-1,Tiranë Veri-Jug,TR-2,13:30,15:05,95.8,79.8,1,"1,2,3,4,5,6,7",8/3/2026,60,0,0,True,3
Bilisht,Tiranë,DR37,Durrës – Bilisht – Durrës,ARMEND,https://www.dpshtrr.al/operatoret/armed-shpk,K41606511R,Bilisht,KO-1,Durrës (Plepa),DR-3,11:30,15:26,236.7,197.2,1,"1,2,3,4,5,6,7",8/3/2026,60,0,0,True,1
Bilisht,Tiranë,TR65,"Tiranë – Durrës – Tiranë (me kalim nga Plepat, Ndroq)",RIKI TRANS,https://www.dpshtrr.al/operatoret/riki-trans-shpk,L71309505G,Durrës (Plepa),DR-3,Tiranë Veri-Jug,TR-2,16:00,16:41,41.6,34.7,1,"1,2,3,4,5,6,7",8/3/2026,60,0,0,True,1
Bilisht,Tiranë,DR2,Durrës – Korçë – Durrës,DEMOKRACIA 95,https://www.dpshtrr.al/operatoret/demokracia-95-shpk,K31601531F,Korçë,KO-2,Durrës (Plepa),DR-3,12:00,15:34,214.2,178.5,1,"1,2,3,4,5,6,7",8/3/2026,60,0,0,True,2
Bilisht,Tiranë,TR65,"Tiranë – Durrës – Tiranë (me kalim nga Plepat, Ndroq)",RIKI TRANS,https://www.dpshtrr.al/operatoret/riki-trans-shpk,L71309505G,Durrës (Plepa),DR-3,Tiranë Veri-Jug,TR-2,16:30,17:11,41.6,34.7,1,"1,2,3,4,5,6,7",8/3/2026,60,0,0,True,2
Bilisht,Tiranë,ShK5,Shkodër - Durrës - Shkodër,ELJAN - SHKODRA,https://www.dpshtrr.al/operatoret/elian-shkodra-shpk,K86622004G,Durrës Stacioni i Trenit,DR-1,Shkodër,SH-15,13:15,15:23,128.4,107.0,1,"1,2,3,4,5,6,7",8/3/2026,60,0,0,True,4
Bilisht,Tiranë,ShK5,Shkodër - Durrës - Shkodër,ELJAN - SHKODRA,https://www.dpshtrr.al/operatoret/elian-shkodra-shpk,K86622004G,Durrës Stacioni i Trenit,DR-1,Shkodër,SH-15,15:15,17:23,128.4,107.0,1,"1,2,3,4,5,6,7",8/3/2026,60,0,0,True,4
Bilisht,Tiranë,ShK7,Shkodër - Elbasan - Shkodër,DINAMIC EXPRESS,https://www.dpshtrr.al/operatoret/dinamic-express-shpk,K87101006T,"Elbasan ""Kryqezimi i Cerrikut""",EL-4,Shkodër,SH-15,12:30,15:09,159.9,133.3,1,"1,2,3,4,5,6,7",8/3/2026,60,0,0,True,3
Bilisht,Tiranë,ShK1,Shkodër - Tiranë - Shkodër,ROZAFA ORTAKËT,https://www.dpshtrr.al/operatoret/rozafa-ortaket-shpk,K26702001R,Tiranë Veri-Jug,TR-2,Shkodër,SH-15,15:30,17:18,108.2,90.2,1,"1,2,3,4,5,6,7",8/3/2026,60,0,0,True,4
Bilisht,Tiranë,ShK1,Shkodër - Tiranë - Shkodër,ROZAFA ORTAKËT,https://www.dpshtrr.al/operatoret/rozafa-ortaket-shpk,K26702001R,Tiranë Veri-Jug,TR-2,Shkodër,SH-15,17:00,18:48,108.2,90.2,1,"1,2,3,4,5,6,7",8/3/2026,60,0,0,True,3
Bulqizë,Burrel,DI27,Klos – Bulqizë – Klos,eTransport,https://www.dpshtrr.al/operatoret-etransport,1,Bulqizë,BZ-1,Klos,DI-101,00:21,00:43,21.6,18.0,1,"1,2,3,4,5,6,7",8/2/2026,60,0,0,True,1
Bulqizë,Burrel,DI17,Klos – Burrel – Klos,META 2017,https://www.dpshtrr.al/operatoret/meta-2017-shpk,L77510901V,Klos,DI-101,Burrel,BZ-3,06:00,06:21,21.1,17.6,1,"1,2,3,4,5,6,7",8/3/2026,60,0,0,True,1
Bulqizë,Burrel,DI14,Bulqizë – Peshkopi – Bulqizë,LEOGITA TRANS,https://www.dpshtrr.al/operatoret/leo-gita-trans-shpk,L47307701I,Bulqizë,BZ-1,Peshkopi,DI-3,06:30,07:25,55.8,46.5,1,"1,2,3,4,5,6,7",8/3/2026,60,0,0,True,1
Bulqizë,Burrel,DI28,Peshkopi – Burrel – Peshkopi,SADI-07,https://www.dpshtrr.al,M46529701I,Peshkopi,DI-3,Burrel,BZ-3,07:30,09:04,94.3,78.6,1,"1,2,3,4,5,6,7",8/3/2026,60,0,0,True,1
Bulqizë,Burrel,DI12,Bulqizë – Tiranë – Bulqizë,BULQIZA,https://www.dpshtrr.al/operatoret/bulqiza-shpk,K47220406W,Bulqizë,BZ-1,Tiranë Veri-Jug,TR-2,06:00,07:14,74.5,62.1,1,"1,2,3,4,5,6,7",8/3/2026,60,0,0,True,2
Bulqizë,Burrel,TR61,Tiranë – Klos – Tiranë,MARSONI AL TRANSPORT,https://www.dpshtrr.al/operatoret/marsoni-al-transport-shpk,L62415024Q,Tiranë Veri-Jug,TR-2,Klos,DI-101,08:00,08:56,56.9,47.4,1,"1,2,3,4,5,6,7",8/3/2026,60,0,0,True,2
Bulqizë,Burrel,DI11,Burrel – Klos – Burrel,META 2017,https://www.dpshtrr.al/operatoret/meta-2017-shpk,L77510901V,Klos,DI-101,Burrel,BZ-3,09:00,09:21,21.1,17.6,1,"1,2,3,4,5,6,7",8/3/2026,60,0,0,True,2
Bulqizë,Burrel,DI14,Bulqizë – Peshkopi – Bulqizë,LEOGITA TRANS,https://www.dpshtrr.al/operatoret/leo-gita-trans-shpk,L47307701I,Bulqizë,BZ-1,Peshkopi,DI-3,07:30,08:25,55.8,46.5,1,"1,2,3,4,5,6,7",8/3/2026,60,0,0,True,1
Bulqizë,Burrel,DI28,Peshkopi – Burrel – Peshkopi,SADI-07,https://www.dpshtrr.al,M46529701I,Peshkopi,DI-3,Burrel,BZ-3,09:00,10:34,94.3,78.6,1,"1,2,3,4,5,6,7",8/3/2026,60,0,0,True,1
Bulqizë,Burrel,DI12,Bulqizë – Tiranë – Bulqizë,BULQIZA,https://www.dpshtrr.al/operatoret/bulqiza-shpk,K47220406W,Bulqizë,BZ-1,Tiranë Veri-Jug,TR-2,07:00,08:14,74.5,62.1,1,"1,2,3,4,5,6,7",8/3/2026,60,0,0,True,1
Bulqizë,Burrel,TR9,Tiranë – Burrel – Tiranë,MARSONI AL TRANSPORT,https://www.dpshtrr.al/operatoret/marsoni-al-transport-shpk,L62415024Q,Tiranë Veri-Jug,TR-2,Burrel,BZ-3,09:00,10:48,108.2,90.2,1,"1,2,3,4,5,6,7",8/3/2026,60,0,0,True,1
Bulqizë,Burrel,DI12,Bulqizë – Tiranë – Bulqizë,BULQIZA,https://www.dpshtrr.al/operatoret/bulqiza-shpk,K47220406W,Bulqizë,BZ-1,Tiranë Veri-Jug,TR-2,08:00,09:14,74.5,62.1,1,"1,2,3,4,5,6,7",8/3/2026,60,0,0,True,1
Bulqizë,Burrel,TR9,Tiranë – Burrel – Tiranë,MARSONI AL TRANSPORT,https://www.dpshtrr.al/operatoret/marsoni-al-transport-shpk,L62415024Q,Tiranë Veri-Jug,TR-2,Burrel,BZ-3,10:00,11:48,108.2,90.2,1,"1,2,3,4,5,6,7",8/3/2026,60,0,0,True,1
Bulqizë,Burrel,DI12,Bulqizë – Tiranë – Bulqizë,BULQIZA,https://www.dpshtrr.al/operatoret/bulqiza-shpk,K47220406W,Bulqizë,BZ-1,Tiranë Veri-Jug,TR-2,09:00,10:14,74.5,62.1,1,"1,2,3,4,5,6,7",8/3/2026,60,0,0,True,1
Bulqizë,Burrel,TR9,Tiranë – Burrel – Tiranë,MARSONI AL TRANSPORT,https://www.dpshtrr.al/operatoret/marsoni-al-transport-shpk,L62415024Q,Tiranë Veri-Jug,TR-2,Burrel,BZ-3,11:00,12:48,108.2,90.2,1,"1,2,3,4,5,6,7",8/3/2026,60,0,0,True,1
Bulqizë,Burrel,DI12,Bulqizë – Tiranë – Bulqizë,BULQIZA,https://www.dpshtrr.al/operatoret/bulqiza-shpk,K47220406W,Bulqizë,BZ-1,Tiranë Veri-Jug,TR-2,10:00,11:14,74.5,62.1,1,"1,2,3,4,5,6,7",8/3/2026,60,0,0,True,1
Bulqizë,Burrel,DI8,Burrel – Tiranë – Burrel,4 ORTAKËT,https://www.dpshtrr.al/operatoret/4-ortaket-shpk,K87618901S,Tiranë Veri-Jug,TR-2,Burrel,BZ-3,12:00,13:17,78.0,65.0,1,"1,2,3,4,5,6,7",8/3/2026,60,0,0,True,1
Bulqizë,Durrës,DI13,Bulqizë – Durrës – Bulqizë,BULQIZA,https://www.dpshtrr.al/operatoret/bulqiza-shpk,K47220406W,Bulqizë,BZ-1,Durrës Stacioni i Trenit,DR-1,06:30,08:23,113.6,94.6,1,"1,2,3,4,5,6,7",8/3/2026,60,0,0,True,0
Bulqizë,Durrës,DI13,Bulqizë – Durrës – Bulqizë,BULQIZA,https://www.dpshtrr.al/operatoret/bulqiza-shpk,K47220406W,Bulqizë,BZ-1,Durrës Stacioni i Trenit,DR-1,07:30,09:23,113.6,94.6,1,"1,2,3,4,5,6,7",8/3/2026,60,0,0,True,0
Bulqizë,Durrës,DI13,Bulqizë – Durrës – Bulqizë,BULQIZA,https://www.dpshtrr.al/operatoret/bulqiza-shpk,K47220406W,Bulqizë,BZ-1,Durrës Stacioni i Trenit,DR-1,08:30,10:23,113.6,94.6,1,"1,2,3,4,5,6,7",8/3/2026,60,0,0,True,0
Bulqizë,Durrës,DI13,Bulqizë – Durrës – Bulqizë,BULQIZA,https://www.dpshtrr.al/operatoret/bulqiza-shpk,K47220406W,Bulqizë,BZ-1,Durrës Stacioni i Trenit,DR-1,09:30,11:23,113.6,94.6,1,"1,2,3,4,5,6,7",8/3/2026,60,0,0,True,0
Bulqizë,Durrës,TR65,"Tiranë – Durrës – Tiranë (me kalim nga Plepat, Ndroq)",RIKI TRANS,https://www.dpshtrr.al/operatoret/riki-trans-shpk,L71309505G,Tiranë Veri-Jug,TR-2,Durrës (Plepa),DR-3,08:30,09:14,44.4,37.0,1,"1,2,3,4,5,6,7",8/3/2026,60,0,0,True,1
Bulqizë,Durrës,DI20,Bulqizë – Elbasan – Bulqizë,ARNES-2017,https://www.dpshtrr.al,L77002401F,Bulqizë,BZ-1,"Elbasan ""Kryqezimi i Cerrikut""",EL-4,06:00,08:02,122.3,101.9,1,"1,2,3,4,5,6,7",8/3/2026,60,0,0,True,1
Bulqizë,Durrës,TR65,"Tiranë – Durrës – Tiranë (me kalim nga Plepat, Ndroq)",RIKI TRANS,https://www.dpshtrr.al/operatoret/riki-trans-shpk,L71309505G,Tiranë Veri-Jug,TR-2,Durrës (Plepa),DR-3,09:30,10:14,44.4,37.0,1,"1,2,3,4,5,6,7",8/3/2026,60,0,0,True,1
Bulqizë,Durrës,DR6,Durrës – Tiranë – Durrës,DEMOKRACIA 95,https://www.dpshtrr.al/operatoret/demokracia-95-shpk,K31601531F,Durrës Stacioni i Trenit,DR-1,Tiranë Veri-Jug,TR-2,08:40,09:20,40.2,33.5,1,"1,2,3,4,5,6,7",8/3/2026,60,0,0,True,2
Bulqizë,Durrës,TR65,"Tiranë – Durrës – Tiranë (me kalim nga Plepat, Ndroq)",RIKI TRANS,https://www.dpshtrr.al/operatoret/riki-trans-shpk,L71309505G,Tiranë Veri-Jug,TR-2,Durrës (Plepa),DR-3,11:00,11:44,44.4,37.0,1,"1,2,3,4,5,6,7",8/3/2026,60,0,0,True,1
Bulqizë,Durrës,TR10,Tiranë – Bulqizë - Tiranë,DIBRA F&P,https://www.dpshtrr.al/operatoret/dibra-fp-shpk,L57312701L,Bulqizë,BZ-1,Tiranë Veri-Jug,TR-2,11:00,12:14,74.5,62.1,1,"1,2,3,4,5,6,7",8/3/2026,60,0,0,True,1
Bulqizë,Elbasan,DR5,Durrës – Elbasan – Durrës,TEUTA - 95,https://www.dpshtrr.al/operatoret/teuta-95-shpk,K31529513G,Durrës (Plepa),DR-3,"Elbasan ""Kryqezimi i Cerrikut""",EL-4,08:50,10:24,94.2,78.5,1,"1,2,3,4,5,6,7",8/3/2026,60,0,0,True,2
Bulqizë,Elbasan,DR5,Durrës – Elbasan – Durrës,TEUTA - 95,https://www.dpshtrr.al/operatoret/teuta-95-shpk,K31529513G,Durrës (Plepa),DR-3,"Elbasan ""Kryqezimi i Cerrikut""",EL-4,09:50,11:24,94.2,78.5,1,"1,2,3,4,5,6,7",8/3/2026,60,0,0,True,2
Bulqizë,Elbasan,DR4,Durrës – Kavajë – Durrës,SHQIPONJA,https://www.dpshtrr.al/operatoret/shqiponja-shpk,K23206026B,Durrës Stacioni i Trenit,DR-1,Kavaje (ish Agjencia),KJ-5,08:30,08:55,25.1,20.9,1,"1,2,3,4,5,6,7",8/3/2026,60,0,0,True,2
Bulqizë,Elbasan,EL7,Elbasan – Kavajë – Elbasan,SKAMPA TRANS,https://www.dpshtrr.al/operatoret/skampa-trans-shpk,L82914203S,Kavaje (ish Agjencia),KJ-5,"Elbasan ""Kryqezimi i Cerrikut""",EL-4,11:00,12:13,73.5,61.2,1,"1,2,3,4,5,6,7",8/3/2026,60,0,0,True,2
Bulqizë,Elbasan,DR5,Durrës – Elbasan – Durrës,TEUTA - 95,https://www.dpshtrr.al/operatoret/teuta-95-shpk,K31529513G,Durrës (Plepa),DR-3,"Elbasan ""Kryqezimi i Cerrikut""",EL-4,10:45,12:19,94.2,78.5,1,"1,2,3,4,5,6,7",8/3/2026,60,0,0,True,2
Bulqizë,Elbasan,DI20,Bulqizë – Elbasan – Bulqizë,ARNES-2017,https://www.dpshtrr.al,L77002401F,Bulqizë,BZ-1,"Elbasan ""Kryqezimi i Cerrikut""",EL-4,11:00,13:02,122.3,101.9,1,"1,2,3,4,5,6,7",8/3/2026,60,0,0,True,0
Bulqizë,Elbasan,TR28,Tiranë – Lushnjë – Tiranë,PIKO,https://www.dpshtrr.al/operatoret/piko-shpk,K22301006J,Tiranë Veri-Jug,TR-2,Lushnjë,LU-1,10:25,12:03,98.1,81.7,1,"1,2,3,4,5,6,7",8/3/2026,60,0,0,True,2
Bulqizë,Elbasan,EL12,Elbasan – Lushnje – Elbasan (me kalim nga Belshi),DUMREJA-2 SHPK,https://www.dpshtrr.al/operatoret/dumreja-2-shpk,L13521202F,Lushnjë,LU-1,"Elbasan ""Kryqezimi i Cerrikut""",EL-4,12:30,13:36,66.7,55.6,1,"1,2,3,4,5,6,7",8/3/2026,60,0,0,True,2
Bulqizë,Elbasan,EL1,Elbasan – Durrës – Elbasan,TRANSEL,https://www.dpshtrr.al/operatoret/transel-shpk,K63320202V,Durrës (Plepa),DR-3,"Elbasan ""Kryqezimi i Cerrikut""",EL-4,13:15,14:43,88.6,73.8,1,"1,2,3,4,5,6,7",8/3/2026,60,0,0,True,2
Bulqizë,Elbasan,TR28,Tiranë – Lushnjë – Tiranë,PIKO,https://www.dpshtrr.al/operatoret/piko-shpk,K22301006J,Tiranë Veri-Jug,TR-2,Lushnjë,LU-1,07:40,09:18,98.1,81.7,1,"1,2,3,4,5,6,7",8/3/2026,60,0,0,True,2
Bulqizë,Elbasan,TR20,Tiranë – Kuçovë – Tiranë,TIBE,https://www.dpshtrr.al/operatoret/tibe-shpk,K31327069U,Tiranë Veri-Jug,TR-2,Kucove,BR-46,09:00,11:15,135.9,113.2,1,"1,2,3,4,5,6,7",8/3/2026,60,0,0,True,2
Bulqizë,Elbasan,EL16,Elbasan – Tiranë – Elbasan,ERA TRAVEL 2013,https://www.dpshtrr.al/operatoret/era-travel-2013-shpk,L33122201P,Tiranë Jug-Lindje,TR-1,Elbasan Pallati i Sportit,EL-3,13:30,14:19,49.0,32.7,1,"1,2,3,4,5,6,7",8/3/2026,60,0,0,True,4
Bulqizë,Elbasan,TR19,Tiranë – Berat – Tiranë,TIBE,https://www.dpshtrr.al/operatoret/tibe-shpk,K31327069U,Tiranë Veri-Jug,TR-2,Berat,BR-1,09:20,11:40,141.0,117.5,1,"1,2,3,4,5,6,7",8/3/2026,60,0,0,True,3
Bulqizë,Elbasan,EL21,Elbasan – Librazhd – Elbasan,NE-ER,https://www.dpshtrr.al/operatoret/ne-er-shpk,L52519213M,"Elbasan ""Kryqezimi i Cerrikut""",EL-4,Librazhd,LB-3,13:30,13:59,29.9,25.0,1,"1,2,3,4,5,6,7",8/3/2026,60,0,0,True,3
Bulqizë,Elbasan,EL35,Librazhd – Tiranë – Librazhd,MEGI 2001,https://www.dpshtrr.al/operatoret/megi-2001-shpk,K37510651K,Librazhd,LB-3,Tiranë Jug-Lindje,TR-1,14:00,15:08,68.3,56.9,1,"1,2,3,4,5,6,7",8/3/2026,60,0,0,True,3
Bulqizë,Elbasan,EL16,Elbasan – Tiranë – Elbasan,ERA TRAVEL 2013,https://www.dpshtrr.al/operatoret/era-travel-2013-shpk,L33122201P,Tiranë Jug-Lindje,TR-1,Elbasan Pallati i Sportit,EL-3,15:30,16:19,49.0,32.7,1,"1,2,3,4,5,6,7",8/3/2026,60,0,0,True,3
Bulqizë,Elbasan,EL33,Peqin – Durrës – Peqin,DIKU - TRANS 2917,https://www.dpshtrr.al/operatoret/diku-trans-2917-shpk,L79327101K,Durrës (Plepa),DR-3,Peqin,EL-7,12:00,12:46,46.5,38.8,1,"1,2,3,4,5,6,7",8/3/2026,60,0,0,True,4
Bulqizë,Elbasan,TR25,Tiranë – Peqin – Tiranë,BEAM,https://www.dpshtrr.al/operatoret/beam-shpk,K22313004H,Peqin,EL-7,Tiranë Jug-Lindje,TR-1,14:30,15:37,67.5,56.6,1,"1,2,3,4,5,6,7",8/3/2026,60,0,0,True,4
Bulqizë,Elbasan,TR64,Tiranë – Elbasan – Tiranë (me kalim nga Tuneli),TIRANA - BUS,https://www.dpshtrr.al/operatoret/tirana-bus-shpk,L41511008N,Tiranë Jug-Lindje,TR-1,Elbasan Pallati i Sportit,EL-3,16:00,16:49,49.0,33.1,1,"1,2,3,4,5,6,7",8/3/2026,60,0,0,True,4
Bulqizë,Elbasan,TR64,Tiranë – Elbasan – Tiranë (me kalim nga Tuneli),TIRANA - BUS,https://www.dpshtrr.al/operatoret/tirana-bus-shpk,L41511008N,Tiranë Jug-Lindje,TR-1,Elbasan Pallati i Sportit,EL-3,17:00,17:49,49.0,33.1,1,"1,2,3,4,5,6,7",8/3/2026,60,0,0,True,4
Bulqizë,Klos,DI17,Klos – Burrel – Klos,META 2017,https://www.dpshtrr.al/operatoret/meta-2017-shpk,L77510901V,Burrel,BZ-3,Klos,DI-101,10:00,10:21,21.1,17.6,1,"1,2,3,4,5,6,7",8/3/2026,60,0,0,True,2
Bulqizë,Klos,DI17,Klos – Burrel – Klos,META 2017,https://www.dpshtrr.al/operatoret/meta-2017-shpk,L77510901V,Burrel,BZ-3,Klos,DI-101,11:00,11:21,21.1,17.6,1,"1,2,3,4,5,6,7",8/3/2026,60,0,0,True,2
Bulqizë,Klos,DI11,Burrel – Klos – Burrel,META 2017,https://www.dpshtrr.al/operatoret/meta-2017-shpk,L77510901V,Burrel,BZ-3,Klos,DI-101,12:00,12:21,21.1,17.6,1,"1,2,3,4,5,6,7",8/3/2026,60,0,0,True,2
Bulqizë,Klos,DI15,Klos – Tiranë – Klos,KLOSI - A,https://www.dpshtrr.al/operatoret/klosi-shpk,L47810901E,Tiranë Veri-Jug,TR-2,Klos,DI-101,12:00,12:56,56.9,47.4,1,"1,2,3,4,5,6,7",8/3/2026,60,0,0,True,1
Bulqizë,Klos,DI11,Burrel – Klos – Burrel,META 2017,https://www.dpshtrr.al/operatoret/meta-2017-shpk,L77510901V,Burrel,BZ-3,Klos,DI-101,13:00,13:21,21.1,17.6,1,"1,2,3,4,5,6,7",8/3/2026,60,0,0,True,2
Bulqizë,Klos,DI11,Burrel – Klos – Burrel,META 2017,https://www.dpshtrr.al/operatoret/meta-2017-shpk,L77510901V,Burrel,BZ-3,Klos,DI-101,14:00,14:21,21.1,17.6,1,"1,2,3,4,5,6,7",8/3/2026,60,0,0,True,2
Bulqizë,Peshkopi,DI7,Peshkopi – Bulqizë – Peshkopi,LEOGITA TRANS,https://www.dpshtrr.al/operatoret/leo-gita-trans-shpk,L47307701I,Bulqizë,BZ-1,Peshkopi,DI-3,08:00,08:55,55.8,46.5,1,"1,2,3,4,5,6,7",8/3/2026,60,0,0,True,0
Bulqizë,Peshkopi,DI14,Bulqizë – Peshkopi – Bulqizë,LEOGITA TRANS,https://www.dpshtrr.al/operatoret/leo-gita-trans-shpk,L47307701I,Bulqizë,BZ-1,Peshkopi,DI-3,08:30,09:25,55.8,46.5,1,"1,2,3,4,5,6,7",8/3/2026,60,0,0,True,0
Bulqizë,Peshkopi,DI7,Peshkopi – Bulqizë – Peshkopi,LEOGITA TRANS,https://www.dpshtrr.al/operatoret/leo-gita-trans-shpk,L47307701I,Bulqizë,BZ-1,Peshkopi,DI-3,09:00,09:55,55.8,46.5,1,"1,2,3,4,5,6,7",8/3/2026,60,0,0,True,0
Bulqizë,Peshkopi,DI14,Bulqizë – Peshkopi – Bulqizë,LEOGITA TRANS,https://www.dpshtrr.al/operatoret/leo-gita-trans-shpk,L47307701I,Bulqizë,BZ-1,Peshkopi,DI-3,09:30,10:25,55.8,46.5,1,"1,2,3,4,5,6,7",8/3/2026,60,0,0,True,0
Bulqizë,Peshkopi,DI7,Peshkopi – Bulqizë – Peshkopi,LEOGITA TRANS,https://www.dpshtrr.al/operatoret/leo-gita-trans-shpk,L47307701I,Bulqizë,BZ-1,Peshkopi,DI-3,10:00,10:55,55.8,46.5,1,"1,2,3,4,5,6,7",8/3/2026,60,0,0,True,0
Bulqizë,Peshkopi,DI14,Bulqizë – Peshkopi – Bulqizë,LEOGITA TRANS,https://www.dpshtrr.al/operatoret/leo-gita-trans-shpk,L47307701I,Bulqizë,BZ-1,Peshkopi,DI-3,10:30,11:25,55.8,46.5,1,"1,2,3,4,5,6,7",8/3/2026,60,0,0,True,0
Bulqizë,Shkodër,DR3,Durrës – Shkodër – Durrës,NORD,https://www.dpshtrr.al/operatoret/nord-shpk,K31526521F,Durrës Stacioni i Trenit,DR-1,Shkodër,SH-15,08:30,10:38,128.4,107.0,1,"1,2,3,4,5,6,7",8/3/2026,60,0,0,True,1
Bulqizë,Shkodër,DI4,Peshkopi – Shkodër – Peshkopi,BASHKIMI TRANS,https://www.dpshtrr.al/operatoret/bashkimi-trans-shpk,L77421701P,Peshkopi,DI-3,Shkodër,SH-15,07:30,10:46,196.5,163.7,1,"1,2,3,4,5,6,7",8/3/2026,60,0,0,True,1
Bulqizë,Shkodër,DI4,Peshkopi – Shkodër – Peshkopi,BASHKIMI TRANS,https://www.dpshtrr.al/operatoret/bashkimi-trans-shpk,L77421701P,Peshkopi,DI-3,Shkodër,SH-15,08:30,11:46,196.5,163.7,1,"1,2,3,4,5,6,7",8/3/2026,60,0,0,True,1
Bulqizë,Tiranë,TR14,Tiranë – Fier – Tiranë,KLID EKSPRESS,https://www.dpshtrr.al/operatoret/klid-ekspres-shpk,K22301004Q,Tiranë Veri-Jug,TR-2,Fier,FR-8,09:15,11:26,131.5,109.6,1,"1,2,3,4,5,6,7",8/3/2026,60,0,0,True,3
Bulqizë,Tiranë,FR14,Fier – Lushnje – Fier,JURVIS,https://www.dpshtrr.al/operatoret/jurvis-shpk,K92626401T,Lushnjë,LU-1,Fier,FR-8,12:15,12:48,33.6,28.0,1,"1,2,3,4,5,6,7",8/3/2026,60,0,0,True,4
Bulqizë,Tiranë,TR66,Kamëz – Durrës – Kamëz,SHPRESA - AL,https://www.dpshtrr.al/operatoret/shpresa-al-shpk,K31321021N,Durrës Stacioni i Trenit,DR-1,Kamëz,TR-00096,08:30,09:16,46.3,38.6,1,"1,2,3,4,5,6,7",8/3/2026,60,0,0,True,3
Bulqizë,Tiranë,TR24,Tiranë – Gramsh – Tiranë,KESIDA,https://www.dpshtrr.al/operatoret/kesida-shpk,K41619021N,Gramsh,EL-6,Tiranë Jug-Lindje,TR-1,13:00,14:24,84.0,70.3,1,"1,2,3,4,5,6,7",8/3/2026,60,0,0,True,3
Bulqizë,Tiranë,BR8,Kuçovë – Tiranë  – Kuçovë,KUCOVA,https://www.dpshtrr.al/operatoret/kucova-shpk,K17621107D,Tiranë Veri-Jug,TR-2,Kucove,BR-46,10:45,13:00,135.9,113.2,1,"1,2,3,4,5,6,7",8/3/2026,60,0,0,True,3
Bulqizë,Tiranë,DR4,Durrës – Kavajë – Durrës,SHQIPONJA,https://www.dpshtrr.al/operatoret/shqiponja-shpk,K23206026B,Durrës Stacioni i Trenit,DR-1,Kavaje (ish Agjencia),KJ-5,09:30,09:55,25.1,20.9,1,"1,2,3,4,5,6,7",8/3/2026,60,0,0,True,4
Bulqizë,Tiranë,EL34,Peqin –Elbasan  – Peqin,ALVA SHPK,https://www.dpshtrr.al/operatoret/alva-shpk,K49007105V,"Elbasan ""Kryqezimi i Cerrikut""",EL-4,Peqin,EL-7,12:15,12:56,41.4,34.5,1,"1,2,3,4,5,6,7",8/3/2026,60,0,0,True,4
Bulqizë,Tiranë,TR62,Tiranë – Kavajë – Tiranë,CITY KAVAJA,https://www.dpshtrr.al/operatoret/city-kavaja-shpk,L63621801S,Kavaje (ish Agjencia),KJ-5,Tiranë Veri-Jug,TR-2,10:00,10:00,,49.0,1,"1,2,3,4,5,6,7",8/3/2026,60,0,0,True,2
Burrel,Bulqizë,DI8,Burrel – Tiranë – Burrel,4 ORTAKËT,https://www.dpshtrr.al/operatoret/4-ortaket-shpk,K87618901S,Burrel,BZ-3,Tiranë Veri-Jug,TR-2,05:00,06:18,78.5,65.4,1,"1,2,3,4,5,6,7",8/3/2026,60,0,0,True,1
Burrel,Bulqizë,TR10,Tiranë – Bulqizë - Tiranë,DIBRA F&P,https://www.dpshtrr.al/operatoret/dibra-fp-shpk,L57312701L,Tiranë Veri-Jug,TR-2,Bulqizë,BZ-1,07:00,08:13,73.9,61.6,1,"1,2,3,4,5,6,7",8/3/2026,60,0,0,True,1
Burrel,Bulqizë,DI8,Burrel – Tiranë – Burrel,4 ORTAKËT,https://www.dpshtrr.al/operatoret/4-ortaket-shpk,K87618901S,Burrel,BZ-3,Tiranë Veri-Jug,TR-2,06:00,07:18,78.5,65.4,1,"1,2,3,4,5,6,7",8/3/2026,60,0,0,True,1
Burrel,Bulqizë,TR10,Tiranë – Bulqizë - Tiranë,DIBRA F&P,https://www.dpshtrr.al/operatoret/dibra-fp-shpk,L57312701L,Tiranë Veri-Jug,TR-2,Bulqizë,BZ-1,08:00,09:13,73.9,61.6,1,"1,2,3,4,5,6,7",8/3/2026,60,0,0,True,1
Burrel,Bulqizë,DI10,Burrel - Peshkopi - Burrel,META 2017,https://www.dpshtrr.al/operatoret/meta-2017-shpk,L77510901V,Burrel,BZ-3,Peshkopi,DI-3,07:30,08:50,80.8,67.3,1,"1,2,3,4,5,6,7",8/3/2026,60,0,0,True,1
Burrel,Bulqizë,DI7,Peshkopi – Bulqizë – Peshkopi,LEOGITA TRANS,https://www.dpshtrr.al/operatoret/leo-gita-trans-shpk,L47307701I,Peshkopi,DI-3,Bulqizë,BZ-1,09:00,09:53,53.3,46.4,1,"1,2,3,4,5,6,7",8/3/2026,60,0,0,True,1
Burrel,Bulqizë,DI8,Burrel – Tiranë – Burrel,4 ORTAKËT,https://www.dpshtrr.al/operatoret/4-ortaket-shpk,K87618901S,Burrel,BZ-3,Tiranë Veri-Jug,TR-2,07:00,08:18,78.5,65.4,1,"1,2,3,4,5,6,7",8/3/2026,60,0,0,True,1
Burrel,Bulqizë,TR10,Tiranë – Bulqizë - Tiranë,DIBRA F&P,https://www.dpshtrr.al/operatoret/dibra-fp-shpk,L57312701L,Tiranë Veri-Jug,TR-2,Bulqizë,BZ-1,09:00,10:13,73.9,61.6,1,"1,2,3,4,5,6,7",8/3/2026,60,0,0,True,1
Burrel,Bulqizë,DI10,Burrel - Peshkopi - Burrel,META 2017,https://www.dpshtrr.al/operatoret/meta-2017-shpk,L77510901V,Burrel,BZ-3,Peshkopi,DI-3,08:30,09:50,80.8,67.3,1,"1,2,3,4,5,6,7",8/3/2026,60,0,0,True,1
Burrel,Bulqizë,DI7,Peshkopi – Bulqizë – Peshkopi,LEOGITA TRANS,https://www.dpshtrr.al/operatoret/leo-gita-trans-shpk,L47307701I,Peshkopi,DI-3,Bulqizë,BZ-1,10:00,10:53,53.3,46.4,1,"1,2,3,4,5,6,7",8/3/2026,60,0,0,True,1
Burrel,Bulqizë,DI8,Burrel – Tiranë – Burrel,4 ORTAKËT,https://www.dpshtrr.al/operatoret/4-ortaket-shpk,K87618901S,Burrel,BZ-3,Tiranë Veri-Jug,TR-2,08:00,09:18,78.5,65.4,1,"1,2,3,4,5,6,7",8/3/2026,60,0,0,True,1
Burrel,Bulqizë,TR10,Tiranë – Bulqizë - Tiranë,DIBRA F&P,https://www.dpshtrr.al/operatoret/dibra-fp-shpk,L57312701L,Tiranë Veri-Jug,TR-2,Bulqizë,BZ-1,10:00,11:13,73.9,61.6,1,"1,2,3,4,5,6,7",8/3/2026,60,0,0,True,1
Burrel,Bulqizë,DI10,Burrel - Peshkopi - Burrel,META 2017,https://www.dpshtrr.al/operatoret/meta-2017-shpk,L77510901V,Burrel,BZ-3,Peshkopi,DI-3,09:30,10:50,80.8,67.3,1,"1,2,3,4,5,6,7",8/3/2026,60,0,0,True,1
Burrel,Bulqizë,DI7,Peshkopi – Bulqizë – Peshkopi,LEOGITA TRANS,https://www.dpshtrr.al/operatoret/leo-gita-trans-shpk,L47307701I,Peshkopi,DI-3,Bulqizë,BZ-1,11:00,11:53,53.3,46.4,1,"1,2,3,4,5,6,7",8/3/2026,60,0,0,True,1
Burrel,Bulqizë,DI8,Burrel – Tiranë – Burrel,4 ORTAKËT,https://www.dpshtrr.al/operatoret/4-ortaket-shpk,K87618901S,Burrel,BZ-3,Tiranë Veri-Jug,TR-2,09:00,10:18,78.5,65.4,1,"1,2,3,4,5,6,7",8/3/2026,60,0,0,True,1
Burrel,Bulqizë,DI12,Bulqizë – Tiranë – Bulqizë,BULQIZA,https://www.dpshtrr.al/operatoret/bulqiza-shpk,K47220406W,Tiranë Veri-Jug,TR-2,Bulqizë,BZ-1,11:00,12:13,73.9,61.6,1,"1,2,3,4,5,6,7",8/3/2026,60,0,0,True,1
Burrel,Durrës,TR12,Tiranë – Durrës – Tiranë,EL ALBA - 1,https://www.dpshtrr.al/operatoret/elalba-1-shpk,K12202003J,Tiranë Veri-Jug,TR-2,Durrës Stacioni i Trenit,DR-1,06:30,07:12,42.4,35.3,1,"1,2,3,4,5,6,7",8/3/2026,60,0,0,True,1
Burrel,Durrës,DI11,Burrel – Klos – Burrel,META 2017,https://www.dpshtrr.al/operatoret/meta-2017-shpk,L77510901V,Burrel,BZ-3,Klos,DI-101,06:00,06:21,21.1,17.6,1,"1,2,3,4,5,6,7",8/3/2026,60,0,0,True,1
Burrel,Durrës,DI16,Klos – Durrës – Klos,MARSONI AL TRANSPORT,https://www.dpshtrr.al/operatoret/marsoni-al-transport-shpk,L62415024Q,Klos,DI-101,Durrës Stacioni i Trenit,DR-1,06:30,08:06,96.5,80.4,1,"1,2,3,4,5,6,7",8/3/2026,60,0,0,True,1
Burrel,Durrës,DI9,Burrel – Durrës – Burrel,4 ORTAKËT,https://www.dpshtrr.al/operatoret/4-ortaket-shpk,K87618901S,Burrel,BZ-3,Durrës Stacioni i Trenit,DR-1,07:30,09:27,117.6,98.0,1,"1,2,3,4,5,6,7",8/3/2026,60,0,0,True,0
Burrel,Durrës,DI9,Burrel – Durrës – Burrel,4 ORTAKËT,https://www.dpshtrr.al/operatoret/4-ortaket-shpk,K87618901S,Burrel,BZ-3,Durrës Stacioni i Trenit,DR-1,09:30,11:27,117.6,98.0,1,"1,2,3,4,5,6,7",8/3/2026,60,0,0,True,0
Burrel,Durrës,TR65,"Tiranë – Durrës – Tiranë (me kalim nga Plepat, Ndroq)",RIKI TRANS,https://www.dpshtrr.al/operatoret/riki-trans-shpk,L71309505G,Tiranë Veri-Jug,TR-2,Durrës (Plepa),DR-3,06:30,07:14,44.4,37.0,1,"1,2,3,4,5,6,7",8/3/2026,60,0,0,True,1
Burrel,Durrës,DI15,Klos – Tiranë – Klos,KLOSI - A,https://www.dpshtrr.al/operatoret/klosi-shpk,L47810901E,Klos,DI-101,Tiranë Veri-Jug,TR-2,08:00,08:57,57.4,47.9,1,"1,2,3,4,5,6,7",8/3/2026,60,0,0,True,2
Burrel,Durrës,TR65,"Tiranë – Durrës – Tiranë (me kalim nga Plepat, Ndroq)",RIKI TRANS,https://www.dpshtrr.al/operatoret/riki-trans-shpk,L71309505G,Tiranë Veri-Jug,TR-2,Durrës (Plepa),DR-3,09:00,09:44,44.4,37.0,1,"1,2,3,4,5,6,7",8/3/2026,60,0,0,True,2
Burrel,Durrës,DI8,Burrel – Tiranë – Burrel,4 ORTAKËT,https://www.dpshtrr.al/operatoret/4-ortaket-shpk,K87618901S,Burrel,BZ-3,Tiranë Veri-Jug,TR-2,10:00,11:18,78.5,65.4,1,"1,2,3,4,5,6,7",8/3/2026,60,0,0,True,1
Burrel,Durrës,DI8,Burrel – Tiranë – Burrel,4 ORTAKËT,https://www.dpshtrr.al/operatoret/4-ortaket-shpk,K87618901S,Burrel,BZ-3,Tiranë Veri-Jug,TR-2,11:00,12:18,78.5,65.4,1,"1,2,3,4,5,6,7",8/3/2026,60,0,0,True,1
Burrel,Kamëz,DR17,Durrës – Kamëz – Durrës,AUTO DUKA TRANS,https://www.dpshtrr.al/operatoret/auto-duka-trans-shpk,L62415504J,Durrës Stacioni i Trenit,DR-1,Kamëz,TR-00096,07:15,08:01,46.3,38.6,1,"1,2,3,4,5,6,7",8/3/2026,60,0,0,True,2
Burrel,Kamëz,DR17,Durrës – Kamëz – Durrës,AUTO DUKA TRANS,https://www.dpshtrr.al/operatoret/auto-duka-trans-shpk,L62415504J,Durrës Stacioni i Trenit,DR-1,Kamëz,TR-00096,09:15,10:01,46.3,38.6,1,"1,2,3,4,5,6,7",8/3/2026,60,0,0,True,2
Burrel,Kamëz,DI18,Burrel - Kamëz - Burrel,META 2017,https://www.dpshtrr.al/operatoret/meta-2017-shpk,L77510901V,Burrel,BZ-3,Kamëz,TR-00096,08:30,10:05,95.3,79.4,1,"1,2,3,4,5,6,7",8/3/2026,60,0,0,True,0
Burrel,Kamëz,TR66,Kamëz – Durrës – Kamëz,SHPRESA - AL,https://www.dpshtrr.al/operatoret/shpresa-al-shpk,K31321021N,Durrës Stacioni i Trenit,DR-1,Kamëz,TR-00096,09:30,10:16,46.3,38.6,1,"1,2,3,4,5,6,7",8/3/2026,60,0,0,True,1
Burrel,Kamëz,DR17,Durrës – Kamëz – Durrës,AUTO DUKA TRANS,https://www.dpshtrr.al/operatoret/auto-duka-trans-shpk,L62415504J,Durrës Stacioni i Trenit,DR-1,Kamëz,TR-00096,10:15,11:01,46.3,38.6,1,"1,2,3,4,5,6,7",8/3/2026,60,0,0,True,2
Burrel,Kamëz,DI18,Burrel - Kamëz - Burrel,META 2017,https://www.dpshtrr.al/operatoret/meta-2017-shpk,L77510901V,Burrel,BZ-3,Kamëz,TR-00096,10:30,12:05,95.3,79.4,1,"1,2,3,4,5,6,7",8/3/2026,60,0,0,True,0
Burrel,Klos,DI11,Burrel – Klos – Burrel,META 2017,https://www.dpshtrr.al/operatoret/meta-2017-shpk,L77510901V,Burrel,BZ-3,Klos,DI-101,07:00,07:21,21.1,17.6,1,"1,2,3,4,5,6,7",8/3/2026,60,0,0,True,0
Burrel,Klos,DI11,Burrel – Klos – Burrel,META 2017,https://www.dpshtrr.al/operatoret/meta-2017-shpk,L77510901V,Burrel,BZ-3,Klos,DI-101,08:00,08:21,21.1,17.6,1,"1,2,3,4,5,6,7",8/3/2026,60,0,0,True,0
Burrel,Klos,DI17,Klos – Burrel – Klos,META 2017,https://www.dpshtrr.al/operatoret/meta-2017-shpk,L77510901V,Burrel,BZ-3,Klos,DI-101,09:00,09:21,21.1,17.6,1,"1,2,3,4,5,6,7",8/3/2026,60,0,0,True,0
Burrel,Peshkopi,TR11,Tiranë – Peshkopi – Tiranë,SHPRESA - AL,https://www.dpshtrr.al/operatoret/shpresa-al-shpk,K31321021N,Tiranë Veri-Jug,TR-2,Peshkopi,DI-3,06:20,08:25,125.8,104.8,1,"1,2,3,4,5,6,7",8/3/2026,60,0,0,True,1
Burrel,Peshkopi,TR11,Tiranë – Peshkopi – Tiranë,SHPRESA - AL,https://www.dpshtrr.al/operatoret/shpresa-al-shpk,K31321021N,Tiranë Veri-Jug,TR-2,Peshkopi,DI-3,07:40,09:45,125.8,104.8,1,"1,2,3,4,5,6,7",8/3/2026,60,0,0,True,1
Burrel,Peshkopi,TR11,Tiranë – Peshkopi – Tiranë,SHPRESA - AL,https://www.dpshtrr.al/operatoret/shpresa-al-shpk,K31321021N,Tiranë Veri-Jug,TR-2,Peshkopi,DI-3,08:20,10:25,125.8,104.8,1,"1,2,3,4,5,6,7",8/3/2026,60,0,0,True,1
Burrel,Peshkopi,TR11,Tiranë – Peshkopi – Tiranë,SHPRESA - AL,https://www.dpshtrr.al/operatoret/shpresa-al-shpk,K31321021N,Tiranë Veri-Jug,TR-2,Peshkopi,DI-3,09:40,11:45,125.8,104.8,1,"1,2,3,4,5,6,7",8/3/2026,60,0,0,True,1
Burrel,Peshkopi,DI28,Peshkopi – Burrel – Peshkopi,SADI-07,https://www.dpshtrr.al,M46529701I,Burrel,BZ-3,Peshkopi,DI-3,12:00,13:34,94.4,78.6,1,"1,2,3,4,5,6,7",8/3/2026,60,0,0,True,0
Burrel,Shkodër,BR40,Burrel-Shkoder-Burrel,4 ORTAKËT,https://www.dpshtrr.al/operatoret/4-ortaket-shpk,K87618901S,Burrel,BZ-3,Shkodër,SH-15,05:30,07:24,114.8,95.6,1,"1,2,3,4,5,6,7",8/3/2026,60,0,0,True,0
Burrel,Shkodër,TR3,Tiranë – Shkodër – Tiranë,EL ALBA - 1,https://www.dpshtrr.al/operatoret/elalba-1-shpk,K12202003J,Tiranë Veri-Jug,TR-2,Shkodër,SH-15,06:30,08:18,108.2,90.2,1,"1,2,3,4,5,6,7",8/3/2026,60,0,0,True,1
Burrel,Tiranë,ShK4,Shkodër - Rinas - Shkodër,HERMES AEROPORT,https://www.dpshtrr.al/operatoret/hermes-aeroport-shpk,L67324202E,Shkodër,SH-15,Rinas Aeroport,TR-4,07:30,09:09,99.7,83.1,1,"1,2,3,4,5,6,7",8/3/2026,60,0,0,True,2
Burrel,Tiranë,TR33,Tiranë – Rinas (Aeroport) – Tiranë,Luna,https://www.dpshtrr.al/operatoret/lu-na-shpk,K31412087P,Rinas Aeroport,TR-4,Tirane Qendër Aeroport,TR-14,10:00,10:22,22.5,18.7,1,"1,2,3,4,5,6,7",8/3/2026,60,0,0,True,2
Burrel,Tiranë,TR14,Tiranë – Fier – Tiranë,KLID EKSPRESS,https://www.dpshtrr.al/operatoret/klid-ekspres-shpk,K22301004Q,Tiranë Veri-Jug,TR-2,Fier,FR-8,09:40,11:51,131.5,109.6,1,"1,2,3,4,5,6,7",8/3/2026,60,0,0,True,3
Burrel,Tiranë,TR63,Tiranë – Rrogozhinë – Tiranë,SHPRESA - AL,https://www.dpshtrr.al/operatoret/shpresa-al-shpk,K31321021N,Tiranë Veri-Jug,TR-2,Rrogozhine,KJ-4,06:30,07:52,82.0,68.3,1,"1,2,3,4,5,6,7",8/3/2026,60,0,0,True,3
Burrel,Tiranë,TR79,Rrogozhinë - Elbasan - Rrogozhinë,KELI TRAVEL,https://www.dpshtrr.al/operatoret/keli-travel-shpk,L72919802B,Rrogozhine,KJ-4,"Elbasan ""Kryqezimi i Cerrikut""",EL-4,08:00,08:51,51.9,43.2,1,"1,2,3,4,5,6,7",8/3/2026,60,0,0,True,3
Burrel,Tiranë,ShK7,Shkodër - Elbasan - Shkodër,DINAMIC EXPRESS,https://www.dpshtrr.al/operatoret/dinamic-express-shpk,K87101006T,Shkodër,SH-15,"Elbasan ""Kryqezimi i Cerrikut""",EL-4,07:30,10:09,159.6,132.9,1,"1,2,3,4,5,6,7",8/3/2026,60,0,0,True,2
Burrel,Tiranë,EL16,Elbasan – Tiranë – Elbasan,ERA TRAVEL 2013,https://www.dpshtrr.al/operatoret/era-travel-2013-shpk,L33122201P,Elbasan Pallati i Sportit,EL-3,Tiranë Jug-Lindje,TR-1,12:30,13:08,38.5,32.1,1,"1,2,3,4,5,6,7",8/3/2026,60,0,0,True,4
Cerrik,Belsh,EL54,Cërrik – Belsh – Cërrik,ERENER-TRANS,https://www.dpshtrr.al/operatoret/erener-trans-shpk,K42727207M,Cerrik,EL-12,Belsh,El-23,07:20,07:31,12.0,10.0,1,"1,2,3,4,5,6,7",8/3/2026,60,0,0,True,0
Cerrik,Belsh,EL53,Cërrik – Elbasan – Cërrik,GOSTIMA,https://www.dpshtrr.al/operatoret/gostima-2003-shpk,K33128202G,Cerrik,EL-12,"Elbasan ""Kryqezimi i Cerrikut""",EL-4,06:00,06:18,18.9,15.8,1,"1,2,3,4,5,6,7",8/3/2026,60,0,0,True,1
Cerrik,Belsh,EL31,Belsh – Elbasan – Belsh,LIQENI EXPRES SHPK,https://www.dpshtrr.al/operatoret/liqeni-express-shpk,L63622202S,"Elbasan ""Kryqezimi i Cerrikut""",EL-4,Belsh,El-23,07:00,07:36,36.5,30.4,1,"1,2,3,4,5,6,7",8/3/2026,60,0,0,True,1
Cerrik,Belsh,EL18,Elbasan – Cërrik – Elbasan,UDHËTARI 2001,https://www.dpshtrr.al/operatoret/udhetari-2001-shpk,K23425201O,Cerrik,EL-12,"Elbasan ""Kryqezimi i Cerrikut""",EL-4,06:30,06:48,18.9,15.8,1,"1,2,3,4,5,6,7",8/3/2026,60,0,0,True,1
Cerrik,Belsh,EL17,Elbasan – Belsh – Elbasan,LADI TRANS,https://www.dpshtrr.al/operatoret/ladi-trans-shpk,L33102203A,"Elbasan ""Kryqezimi i Cerrikut""",EL-4,Belsh,El-23,07:20,07:56,36.5,30.4,1,"1,2,3,4,5,6,7",8/3/2026,60,0,0,True,1
Cerrik,Belsh,EL53,Cërrik – Elbasan – Cërrik,GOSTIMA,https://www.dpshtrr.al/operatoret/gostima-2003-shpk,K33128202G,Cerrik,EL-12,"Elbasan ""Kryqezimi i Cerrikut""",EL-4,07:00,07:18,18.9,15.8,1,"1,2,3,4,5,6,7",8/3/2026,60,0,0,True,1
Cerrik,Belsh,EL31,Belsh – Elbasan – Belsh,LIQENI EXPRES SHPK,https://www.dpshtrr.al/operatoret/liqeni-express-shpk,L63622202S,"Elbasan ""Kryqezimi i Cerrikut""",EL-4,Belsh,El-23,07:45,08:21,36.5,30.4,1,"1,2,3,4,5,6,7",8/3/2026,60,0,0,True,1
Cerrik,Belsh,EL54,Cërrik – Belsh – Cërrik,ERENER-TRANS,https://www.dpshtrr.al/operatoret/erener-trans-shpk,K42727207M,Cerrik,EL-12,Belsh,El-23,08:20,08:31,12.0,10.0,1,"1,2,3,4,5,6,7",8/3/2026,60,0,0,True,0
Cerrik,Belsh,EL18,Elbasan – Cërrik – Elbasan,UDHËTARI 2001,https://www.dpshtrr.al/operatoret/udhetari-2001-shpk,K23425201O,Cerrik,EL-12,"Elbasan ""Kryqezimi i Cerrikut""",EL-4,07:30,07:48,18.9,15.8,1,"1,2,3,4,5,6,7",8/3/2026,60,0,0,True,1
Cerrik,Belsh,EL17,Elbasan – Belsh – Elbasan,LADI TRANS,https://www.dpshtrr.al/operatoret/ladi-trans-shpk,L33102203A,"Elbasan ""Kryqezimi i Cerrikut""",EL-4,Belsh,El-23,08:15,08:51,36.5,30.4,1,"1,2,3,4,5,6,7",8/3/2026,60,0,0,True,1
Cerrik,Belsh,EL54,Cërrik – Belsh – Cërrik,ERENER-TRANS,https://www.dpshtrr.al/operatoret/erener-trans-shpk,K42727207M,Cerrik,EL-12,Belsh,El-23,09:20,09:31,12.0,10.0,1,"1,2,3,4,5,6,7",8/3/2026,60,0,0,True,0
Cerrik,Belsh,EL54,Cërrik – Belsh – Cërrik,ERENER-TRANS,https://www.dpshtrr.al/operatoret/erener-trans-shpk,K42727207M,Cerrik,EL-12,Belsh,El-23,10:20,10:31,12.0,10.0,1,"1,2,3,4,5,6,7",8/3/2026,60,0,0,True,0
Cerrik,Berat,EL52,Cërrik – Berat – Cërrik,QAFA E BLIRIT,https://www.dpshtrr.al/operatoret/qafa-e-blirit-shpk,K72715201W,Cerrik,EL-12,Berat,BR-1,07:10,08:04,54.7,45.6,1,"1,2,3,4,5,6,7",8/3/2026,60,0,0,True,0
Cerrik,Berat,EL49,"Cërrik – Kuçovë – Cërrik (ma kalim Gostimë, Mollas, Klos)",QAFA E BLIRIT,https://www.dpshtrr.al/operatoret/qafa-e-blirit-shpk,K72715201W,Cerrik,EL-12,Kucove,BR-46,07:00,07:40,40.2,33.5,1,"1,2,3,4,5,6,7",8/3/2026,60,0,0,True,1
Cerrik,Berat,BR20,Kuçovë – Berat – Kuçovë,DOLESE,https://www.dpshtrr.al/operatoret/dolese-shpk,K17621102J,Kucove,BR-46,Berat,BR-1,07:50,08:05,15.5,12.9,1,"1,2,3,4,5,6,7",8/3/2026,60,0,0,True,1
Cerrik,Berat,EL12,Elbasan – Lushnje – Elbasan (me kalim nga Belshi),DUMREJA-2 SHPK,https://www.dpshtrr.al/operatoret/dumreja-2-shpk,L13521202F,"Elbasan ""Kryqezimi i Cerrikut""",EL-4,Lushnjë,LU-1,06:30,07:36,66.6,55.5,1,"1,2,3,4,5,6,7",8/3/2026,60,0,0,True,2
Cerrik,Berat,EL11,Elbasan – Kuçovë – Elbasan (me kalim nga Cërriku),SKAMPA TRANS,https://www.dpshtrr.al/operatoret/skampa-trans-shpk,L82914203S,"Elbasan ""Kryqezimi i Cerrikut""",EL-4,Kucove,BR-46,07:15,08:18,63.6,53.0,1,"1,2,3,4,5,6,7",8/3/2026,60,0,0,True,2
Cerrik,Berat,BR20,Kuçovë – Berat – Kuçovë,DOLESE,https://www.dpshtrr.al/operatoret/dolese-shpk,K17621102J,Kucove,BR-46,Berat,BR-1,08:30,08:45,15.5,12.9,1,"1,2,3,4,5,6,7",8/3/2026,60,0,0,True,2
Cerrik,Berat,EL52,Cërrik – Berat – Cërrik,QAFA E BLIRIT,https://www.dpshtrr.al/operatoret/qafa-e-blirit-shpk,K72715201W,Cerrik,EL-12,Berat,BR-1,08:10,09:04,54.7,45.6,1,"1,2,3,4,5,6,7",8/3/2026,60,0,0,True,0
Cerrik,Berat,EL49,"Cërrik – Kuçovë – Cërrik (ma kalim Gostimë, Mollas, Klos)",QAFA E BLIRIT,https://www.dpshtrr.al/operatoret/qafa-e-blirit-shpk,K72715201W,Cerrik,EL-12,Kucove,BR-46,08:00,08:40,40.2,33.5,1,"1,2,3,4,5,6,7",8/3/2026,60,0,0,True,1
Cerrik,Berat,BR20,Kuçovë – Berat – Kuçovë,DOLESE,https://www.dpshtrr.al/operatoret/dolese-shpk,K17621102J,Kucove,BR-46,Berat,BR-1,09:10,09:25,15.5,12.9,1,"1,2,3,4,5,6,7",8/3/2026,60,0,0,True,1
Cerrik,Berat,EL2,Elbasan – Berat – Elbasan,ARBESA,https://www.dpshtrr.al/operatoret/arbesa-el-shpk,K73417202K,"Elbasan ""Kryqezimi i Cerrikut""",EL-4,Berat,BR-1,08:00,09:57,117.0,97.5,1,"1,2,3,4,5,6,7",8/3/2026,60,0,0,True,1
Cerrik,Berat,BR20,Kuçovë – Berat – Kuçovë,DOLESE,https://www.dpshtrr.al/operatoret/dolese-shpk,K17621102J,Kucove,BR-46,Berat,BR-1,09:50,10:05,15.5,12.9,1,"1,2,3,4,5,6,7",8/3/2026,60,0,0,True,2
Cerrik,Durrës,EL47,"Cërrik – Tiranë – Cërrik (me kalim nga Papër, Rrogozhinë)",ERENER-TRANS,https://www.dpshtrr.al/operatoret/erener-trans-shpk,K42727207M,Cerrik,EL-12,Tiranë Veri-Jug,TR-2,06:15,08:11,116.7,97.3,1,"1,2,3,4,5,6,7",8/3/2026,60,0,0,True,1
Cerrik,Durrës,EL46,Cërrik – Papër – Rrogozhinë – Durrës,ERENER-TRANS,https://www.dpshtrr.al/operatoret/erener-trans-shpk,K42727207M,Cerrik,EL-12,Durrës (Plepa),DR-3,07:15,08:29,74.2,61.8,1,"1,2,3,4,5,6,7",8/3/2026,60,0,0,True,2
Cerrik,Durrës,EL46,Cërrik – Papër – Rrogozhinë – Durrës,ERENER-TRANS,https://www.dpshtrr.al/operatoret/erener-trans-shpk,K42727207M,Cerrik,EL-12,Durrës (Plepa),DR-3,08:15,09:29,74.2,61.8,1,"1,2,3,4,5,6,7",8/3/2026,60,0,0,True,2
Cerrik,Durrës,EL1,Elbasan – Durrës – Elbasan,TRANSEL,https://www.dpshtrr.al/operatoret/transel-shpk,K63320202V,"Elbasan ""Kryqezimi i Cerrikut""",EL-4,Durrës (Plepa),DR-3,06:30,07:58,88.5,73.8,1,"1,2,3,4,5,6,7",8/3/2026,60,0,0,True,1
Cerrik,Elbasan,EL53,Cërrik – Elbasan – Cërrik,GOSTIMA,https://www.dpshtrr.al/operatoret/gostima-2003-shpk,K33128202G,Cerrik,EL-12,"Elbasan ""Kryqezimi i Cerrikut""",EL-4,08:00,08:18,18.9,15.8,1,"1,2,3,4,5,6,7",8/3/2026,60,0,0,True,0
Cerrik,Elbasan,EL18,Elbasan – Cërrik – Elbasan,UDHËTARI 2001,https://www.dpshtrr.al/operatoret/udhetari-2001-shpk,K23425201O,Cerrik,EL-12,"Elbasan ""Kryqezimi i Cerrikut""",EL-4,08:30,08:48,18.9,15.8,1,"1,2,3,4,5,6,7",8/3/2026,60,0,0,True,0
Cerrik,Elbasan,EL18,Elbasan – Cërrik – Elbasan,UDHËTARI 2001,https://www.dpshtrr.al/operatoret/udhetari-2001-shpk,K23425201O,Cerrik,EL-12,"Elbasan ""Kryqezimi i Cerrikut""",EL-4,09:30,09:48,18.9,15.8,1,"1,2,3,4,5,6,7",8/3/2026,60,0,0,True,0
Cerrik,Elbasan,EL50,Cërrik – Tiranë – Cërrik (me kalim nga Elbasani),ERENER-TRANS,https://www.dpshtrr.al/operatoret/erener-trans-shpk,K42727207M,Cerrik,EL-12,Tiranë Jug-Lindje,TR-1,06:30,07:20,50.6,42.5,1,"1,2,3,4,5,6,7",8/3/2026,60,0,0,True,1
Cerrik,Elbasan,EL16,Elbasan – Tiranë – Elbasan,ERA TRAVEL 2013,https://www.dpshtrr.al/operatoret/era-travel-2013-shpk,L33122201P,Tiranë Jug-Lindje,TR-1,Elbasan Pallati i Sportit,EL-3,07:30,08:19,49.0,32.7,1,"1,2,3,4,5,6,7",8/3/2026,60,0,0,True,1
Cerrik,Sarandë,EL51,Cërrik – Sarandë – Cërrik,AN&JORG,https://www.dpshtrr.al/operatoret/anjorg,L53228204F,Cerrik,EL-12,Sarandë,SR-7,05:00,09:35,275.3,229.4,1,"1,2,3,4,5,6,7",8/3/2026,60,0,0,True,0
Cerrik,Sarandë,EL51,Cërrik – Sarandë – Cërrik,AN&JORG,https://www.dpshtrr.al/operatoret/anjorg,L53228204F,Cerrik,EL-12,Sarandë,SR-7,06:00,10:35,275.3,229.4,1,"1,2,3,4,5,6,7",8/3/2026,60,0,0,True,0
Cerrik,Sarandë,EL3,Elbasan – Vlorë – Elbasan,TRANSEL,https://www.dpshtrr.al/operatoret/transel-shpk,K63320202V,"Elbasan ""Kryqezimi i Cerrikut""",EL-4,Vlorë,VL-28,07:00,09:38,158.8,132.3,1,"1,2,3,4,5,6,7",8/3/2026,60,0,0,True,3
Cerrik,Sarandë,VL15,Vlorë - Himarë - Vlorë,BREGASI,https://www.dpshtrr.al/operatoret/bregasi-shpk,L76330202K,Vlorë,VL-28,Himarë,VL-22,10:00,11:33,93.8,78.1,1,"1,2,3,4,5,6,7",8/3/2026,60,0,0,True,3
Cerrik,Sarandë,VL34,Sarandë - Himarë - Sarandë,TRANS-BUS SARANDA,https://www.dpshtrr.al/operatoret/transbus-saranda-shpk,K83725804U,Himarë,VL-22,Sarandë,SR-7,13:00,14:01,61.2,51.0,1,"1,2,3,4,5,6,7",8/3/2026,60,0,0,True,3
Cerrik,Sarandë,EL48,Cërrik – Vlorë – Cërrik,SALLIU TRANS SHPK,https://www.dpshtrr.al/operatoret/salliu-trans-shpk,L13210201C,Cerrik,EL-12,Vlorë,VL-28,06:30,08:54,144.7,120.5,1,"1,2,3,4,5,6,7",8/3/2026,60,0,0,True,1
Cerrik,Sarandë,TR18,Tiranë – Sarandë – Tiranë (me kalim nga Muzina),TISA,https://www.dpshtrr.al/operatoret/tisa-shpk,K31520093K,Tiranë Veri-Jug,TR-2,Sarandë,SR-7,09:45,14:34,289.8,280.0,1,"1,2,3,4,5,6,7",8/3/2026,60,0,0,True,2
Cerrik,Sarandë,VL22,Sarandë - Tiranë - Sarandë (me kalim nga Muzina),TRANS - BUTRINTI,https://www.dpshtrr.al/operatoret/trans-butrinti-shpk,K04814854U,Tiranë Veri-Jug,TR-2,Sarandë,SR-7,09:45,15:21,336.1,280.0,1,"1,2,3,4,5,6,7",8/3/2026,60,0,0,True,3
Cerrik,Tiranë,TR46,Tiranë – Librazhd – Tiranë,GREEN BUS,https://www.dpshtrr.al/operatoret/green-bus-travel,L81523015O,Librazhd,LB-3,Tiranë Jug-Lindje,TR-1,10:00,11:08,68.3,56.9,1,"1,2,3,4,5,6,7",8/3/2026,60,0,0,True,2
Cerrik,Tiranë,TR65,"Tiranë – Durrës – Tiranë (me kalim nga Plepat, Ndroq)",RIKI TRANS,https://www.dpshtrr.al/operatoret/riki-trans-shpk,L71309505G,Durrës (Plepa),DR-3,Tiranë Veri-Jug,TR-2,08:00,08:41,41.6,34.7,1,"1,2,3,4,5,6,7",8/3/2026,60,0,0,True,2
Cerrik,Tiranë,BR17,Kucove – Shkoder – Kucove,ALFONS TRANS,http://dpshtrr.al,L68413101J,Kucove,BR-46,Shkodër,SH-15,07:45,11:26,221.4,184.4,1,"1,2,3,4,5,6,7",8/3/2026,60,0,0,True,2
Cerrik,Vlorë,FR14,Fier – Lushnje – Fier,JURVIS,https://www.dpshtrr.al/operatoret/jurvis-shpk,K92626401T,Lushnjë,LU-1,Fier,FR-8,09:00,09:33,33.6,28.0,1,"1,2,3,4,5,6,7",8/3/2026,60,0,0,True,3
Cerrik,Vlorë,FR3,Fier – Vlorë  – Fier,ARJANI,https://www.dpshtrr.al/operatoret/arjani-shpk,J63208424W,Fier,FR-8,Vlorë,VL-28,10:30,11:15,45.6,38.0,1,"1,2,3,4,5,6,7",8/3/2026,60,0,0,True,3
Cerrik,Vlorë,BR32,Berat – Vlorë – Berat,LEKSI,https://www.dpshtrr.al/operatoret/leksi-or-shpk,J62904105U,Berat,BR-1,Vlorë,VL-28,09:20,11:21,121.5,91.2,1,"1,2,3,4,5,6,7",8/3/2026,60,0,0,True,1
Cerrik,Vlorë,BR32,Berat – Vlorë – Berat,LEKSI,https://www.dpshtrr.al/operatoret/leksi-or-shpk,J62904105U,Berat,BR-1,Vlorë,VL-28,10:00,12:01,121.5,91.2,1,"1,2,3,4,5,6,7",8/3/2026,60,0,0,True,2
Corovode,Berat,BR3,Çorovodë – Poliçan - Corovodë,ARTJOL DULELLARI TRANS,https://www.dpshtrr.al/operatoret/artjol-dulellari-trans-shpk,L69814401A,Corovode,BR-11,Polican,SK-1,07:05,07:36,31.8,26.5,1,"1,2,3,4,5,6,7",8/3/2026,60,0,0,True,1
Corovode,Berat,BR7,Poliçan – Berat – Poliçan,POLICANI TRANS,https://www.dpshtrr.al/operatoret/policani-trans-shpk,K99502401C,Polican,SK-1,Berat,BR-1,09:30,10:02,32.3,26.9,1,"1,2,3,4,5,6,7",8/3/2026,60,0,0,True,1
Corovode,Berat,BR2,Çorovodë – Vlorë – Corovodë,STAR TRANS OR,https://www.dpshtrr.al/operatoret/star-trans-or-shpk,L63204002T,Corovode,BR-11,Vlorë,VL-28,05:00,08:05,185.5,154.6,1,"1,2,3,4,5,6,7",8/3/2026,60,0,0,True,1
Corovode,Berat,BR37,Berat – Poliçan – Berat,OSUMI,https://www.dpshtrr.al/operatoret/osumi-shpk,K32515123N,Polican,SK-1,Berat,BR-1,12:00,12:32,32.3,26.9,1,"1,2,3,4,5,6,7",8/3/2026,60,0,0,True,1
Corovode,Berat,BR36,Berat – Corovodë – Berat,OSUMI,https://www.dpshtrr.al/operatoret/osumi-shpk,K32515123N,Corovode,BR-11,Berat,BR-1,12:30,13:34,64.1,53.4,1,"1,2,3,4,5,6,7",8/3/2026,60,0,0,True,0
Corovode,Berat,BR23,Ura Vajgurore - Corovodë - Ura Vajgurore,STAR TRANS OR,https://www.dpshtrr.al/operatoret/star-trans-or-shpk,L63204002T,Corovode,BR-11,Ura Vajgurore,FR-19,11:00,12:14,74.4,62.0,1,"1,2,3,4,5,6,7",8/3/2026,60,0,0,True,1
Corovode,Berat,BR41,Berat - Ura Vajgurore – Berat,TIBE,https://www.dpshtrr.al/operatoret/tibe-shpk,K31327069U,Ura Vajgurore,FR-19,Berat,BR-1,13:30,13:40,10.3,8.6,1,"1,2,3,4,5,6,7",8/3/2026,60,0,0,True,1
Corovode,Berat,BR36,Berat – Corovodë – Berat,OSUMI,https://www.dpshtrr.al/operatoret/osumi-shpk,K32515123N,Corovode,BR-11,Berat,BR-1,13:30,14:34,64.1,53.4,1,"1,2,3,4,5,6,7",8/3/2026,60,0,0,True,0
Corovode,Berat,FR10,Fier – çorovodë – Fier,ÇUKO,https://www.dpshtrr.al/operatoret/cuko-shpk,J62903571K,Corovode,BR-11,Fier,FR-8,12:00,13:55,115.8,96.5,1,"1,2,3,4,5,6,7",8/3/2026,60,0,0,True,1
Corovode,Berat,FR2,Fier – Berat – Fier,ÇUKO,https://www.dpshtrr.al/operatoret/cuko-shpk,J62903571K,Fier,FR-8,Berat,BR-1,14:00,14:52,52.1,43.4,1,"1,2,3,4,5,6,7",8/3/2026,60,0,0,True,1
Corovode,Berat,BR36,Berat – Corovodë – Berat,OSUMI,https://www.dpshtrr.al/operatoret/osumi-shpk,K32515123N,Corovode,BR-11,Berat,BR-1,14:25,15:29,64.1,53.4,1,"1,2,3,4,5,6,7",8/3/2026,60,0,0,True,0
Corovode,Durrës,BR1,Çorovode – Tirane – Corovode,FASTBAS,https://www.dpshtrr.al/operatoret/fastbas-shpk,K29309405K,Corovode,BR-11,Tiranë Veri-Jug,TR-2,05:00,08:22,202.2,168.5,1,"1,2,3,4,5,6,7",8/3/2026,60,0,0,True,1
Corovode,Durrës,BR1,Çorovode – Tirane – Corovode,FASTBAS,https://www.dpshtrr.al/operatoret/fastbas-shpk,K29309405K,Corovode,BR-11,Tiranë Veri-Jug,TR-2,07:00,10:22,202.2,168.5,1,"1,2,3,4,5,6,7",8/3/2026,60,0,0,True,1
Corovode,Durrës,BR4,Poliçan – Tiranë – Poliçan,POLICANI TRANS,https://www.dpshtrr.al/operatoret/policani-trans-shpk,K99502401C,Polican,SK-1,Tiranë Veri-Jug,TR-2,08:00,10:50,170.4,142.0,1,"1,2,3,4,5,6,7",8/3/2026,60,0,0,True,2
Corovode,Durrës,DR6,Durrës – Tiranë – Durrës,DEMOKRACIA 95,https://www.dpshtrr.al/operatoret/demokracia-95-shpk,K31601531F,Tiranë Veri-Jug,TR-2,Durrës Stacioni i Trenit,DR-1,11:10,11:52,42.4,35.3,1,"1,2,3,4,5,6,7",8/3/2026,60,0,0,True,2
Corovode,Durrës,BR1,Çorovode – Tirane – Corovode,FASTBAS,https://www.dpshtrr.al/operatoret/fastbas-shpk,K29309405K,Corovode,BR-11,Tiranë Veri-Jug,TR-2,09:00,12:22,202.2,168.5,1,"1,2,3,4,5,6,7",8/3/2026,60,0,0,True,1
Corovode,Durrës,BR1,Çorovode – Tirane – Corovode,FASTBAS,https://www.dpshtrr.al/operatoret/fastbas-shpk,K29309405K,Corovode,BR-11,Tiranë Veri-Jug,TR-2,10:30,13:52,202.2,168.5,1,"1,2,3,4,5,6,7",8/3/2026,60,0,0,True,1
Corovode,Durrës,TR12,Tiranë – Durrës – Tiranë,EL ALBA - 1,https://www.dpshtrr.al/operatoret/elalba-1-shpk,K12202003J,Tiranë Veri-Jug,TR-2,Durrës Stacioni i Trenit,DR-1,14:00,14:42,42.4,35.3,1,"1,2,3,4,5,6,7",8/3/2026,60,0,0,True,1
Corovode,Durrës,BR6,Poliçan – Durrës – Poliçan,DASHI,https://www.dpshtrr.al/operatoret/dashi-shpk,K38709482H,Polican,SK-1,Durrës (Plepa),DR-3,11:20,13:27,127.9,106.5,1,"1,2,3,4,5,6,7",8/3/2026,60,0,0,True,3
Corovode,Durrës,TR12,Tiranë – Durrës – Tiranë,EL ALBA - 1,https://www.dpshtrr.al/operatoret/elalba-1-shpk,K12202003J,Tiranë Veri-Jug,TR-2,Durrës Stacioni i Trenit,DR-1,14:30,15:12,42.4,35.3,1,"1,2,3,4,5,6,7",8/3/2026,60,0,0,True,3
Corovode,Durrës,TR34,Tiranë – Çorovodë – Tiranë (pa të drejtë qëndrimi në Berat),QANI,https://www.dpshtrr.al/operatoret/qani-shpk,K31317004D,Corovode,BR-11,Tiranë Veri-Jug,TR-2,11:30,14:52,202.2,168.5,1,"1,2,3,4,5,6,7",8/3/2026,60,0,0,True,1
Corovode,Durrës,TR12,Tiranë – Durrës – Tiranë,EL ALBA - 1,https://www.dpshtrr.al/operatoret/elalba-1-shpk,K12202003J,Tiranë Veri-Jug,TR-2,Durrës Stacioni i Trenit,DR-1,15:00,15:42,42.4,35.3,1,"1,2,3,4,5,6,7",8/3/2026,60,0,0,True,1
Corovode,Durrës,DR15,Durrës – Çorovodë – Durrës,QANI,https://www.dpshtrr.al/operatoret/qani-shpk,K31317004D,Corovode,BR-11,Durrës (Plepa),DR-3,11:00,13:39,159.7,133.0,1,"1,2,3,4,5,6,7",8/3/2026,60,0,0,True,2
Corovode,Durrës,TR65,"Tiranë – Durrës – Tiranë (me kalim nga Plepat, Ndroq)",RIKI TRANS,https://www.dpshtrr.al/operatoret/riki-trans-shpk,L71309505G,Durrës (Plepa),DR-3,Tiranë Veri-Jug,TR-2,14:00,14:41,41.6,34.7,1,"1,2,3,4,5,6,7",8/3/2026,60,0,0,True,2
Corovode,Durrës,TR12,Tiranë – Durrës – Tiranë,EL ALBA - 1,https://www.dpshtrr.al/operatoret/elalba-1-shpk,K12202003J,Tiranë Veri-Jug,TR-2,Durrës Stacioni i Trenit,DR-1,15:15,15:57,42.4,35.3,1,"1,2,3,4,5,6,7",8/3/2026,60,0,0,True,2
Corovode,Durrës,VL7,Vlorë - Durrës - Vlorë,INTERBUZ VLORA,https://www.dpshtrr.al/operatoret/interbuz-vlora-shpk,K37004203O,Vlorë,VL-28,Durrës (Plepa),DR-3,08:15,10:32,137.2,114.3,1,"1,2,3,4,5,6,7",8/3/2026,60,0,0,True,1
Corovode,Durrës,BR6,Poliçan – Durrës – Poliçan,DASHI,https://www.dpshtrr.al/operatoret/dashi-shpk,K38709482H,Polican,SK-1,Durrës (Plepa),DR-3,09:45,11:52,127.9,106.5,1,"1,2,3,4,5,6,7",8/3/2026,60,0,0,True,1
Corovode,Durrës,DR12,Durrës – Berat – Durrës,LEDJAN,https://www.dpshtrr.al/operatoret/ledjan-shpk,K31529517P,Berat,BR-1,Durrës (Plepa),DR-3,13:40,15:15,95.6,79.6,1,"1,2,3,4,5,6,7",8/3/2026,60,0,0,True,1
Corovode,Durrës,DR12,Durrës – Berat – Durrës,LEDJAN,https://www.dpshtrr.al/operatoret/ledjan-shpk,K31529517P,Berat,BR-1,Durrës (Plepa),DR-3,14:50,16:25,95.6,79.6,1,"1,2,3,4,5,6,7",8/3/2026,60,0,0,True,1
Corovode,Polican,BR4,Poliçan – Tiranë – Poliçan,POLICANI TRANS,https://www.dpshtrr.al/operatoret/policani-trans-shpk,K99502401C,Tiranë Veri-Jug,TR-2,Polican,SK-1,10:30,13:22,172.8,143.9,1,"1,2,3,4,5,6,7",8/3/2026,60,0,0,True,1
Corovode,Polican,BR6,Poliçan – Durrës – Poliçan,DASHI,https://www.dpshtrr.al/operatoret/dashi-shpk,K38709482H,Durrës (Plepa),DR-3,Polican,SK-1,11:20,13:28,128.0,106.7,1,"1,2,3,4,5,6,7",8/3/2026,60,0,0,True,2
Corovode,Polican,BR7,Poliçan – Berat – Poliçan,POLICANI TRANS,https://www.dpshtrr.al/operatoret/policani-trans-shpk,K99502401C,Berat,BR-1,Polican,SK-1,14:40,15:13,33.6,28.0,1,"1,2,3,4,5,6,7",8/3/2026,60,0,0,True,1
Corovode,Polican,BR6,Poliçan – Durrës – Poliçan,DASHI,https://www.dpshtrr.al/operatoret/dashi-shpk,K38709482H,Durrës (Plepa),DR-3,Polican,SK-1,14:00,16:08,128.0,106.7,1,"1,2,3,4,5,6,7",8/3/2026,60,0,0,True,1
Corovode,Polican,VL4,Vlorë - Fier - Vlorë,INTERBUZ VLORA,https://www.dpshtrr.al/operatoret/interbuz-vlora-shpk,K37004203O,Fier,FR-8,Vlorë,VL-28,14:00,14:45,45.6,38.0,1,"1,2,3,4,5,6,7",8/3/2026,60,0,0,True,2
Corovode,Polican,BR5,Poliçan – Vlorë – Poliçan,STAR TRANS OR,https://www.dpshtrr.al/operatoret/star-trans-or-shpk,L63204002T,Vlorë,VL-28,Polican,SK-1,15:15,17:47,152.7,127.2,1,"1,2,3,4,5,6,7",8/3/2026,60,0,0,True,2
Corovode,Polican,BR50,Poliçan – Çorovodë – Poliçan,eTransport,https://www.dpshtrr.al/operatoret-etransport,1,Corovode,BR-11,Polican,SK-1,00:00,00:31,31.8,26.5,1,"1,2,3,4,5,6,7",8/3/2026,60,0,0,True,0
Corovode,Përmet,TR21,Tiranë – Përmet – Tiranë,DHEMBELI,https://www.dpshtrr.al/operatoret/dhembeli-shpk,K11609007R,Tiranë Veri-Jug,TR-2,Përmet,PR-1,09:00,13:47,287.4,239.4,1,"1,2,3,4,5,6,7",8/3/2026,60,0,0,True,1
Corovode,Përmet,GJ15,Përmet - Durrës - Përmet,PËRMETI EKSPRES,https://www.dpshtrr.al/operatoret/permeti-ekspres-shpk,K89223201Q,Durrës (Plepa),DR-3,Përmet,PR-1,12:30,15:15,165.4,202.1,1,"1,2,3,4,5,6,7",8/3/2026,60,0,0,True,2
Corovode,Përmet,GJ14,Përmet - Tiranë - Përmet,FJOART TRAVEL,https://www.dpshtrr.al/operatoret/fjoart-travel-shpk,L39129201Q,Tiranë Veri-Jug,TR-2,Përmet,PR-1,11:30,16:18,288.1,240.0,1,"1,2,3,4,5,6,7",8/3/2026,60,0,0,True,1
Corovode,Përmet,GJ14,Përmet - Tiranë - Përmet,FJOART TRAVEL,https://www.dpshtrr.al/operatoret/fjoart-travel-shpk,L39129201Q,Tiranë Veri-Jug,TR-2,Përmet,PR-1,12:30,17:18,288.1,240.0,1,"1,2,3,4,5,6,7",8/3/2026,60,0,0,True,1
Corovode,Përmet,GJ15,Përmet - Durrës - Përmet,PËRMETI EKSPRES,https://www.dpshtrr.al/operatoret/permeti-ekspres-shpk,K89223201Q,Durrës (Plepa),DR-3,Përmet,PR-1,16:00,18:45,165.4,202.1,1,"1,2,3,4,5,6,7",8/3/2026,60,0,0,True,1
Corovode,Përmet,GJ14,Përmet - Tiranë - Përmet,FJOART TRAVEL,https://www.dpshtrr.al/operatoret/fjoart-travel-shpk,L39129201Q,Tiranë Veri-Jug,TR-2,Përmet,PR-1,14:00,18:48,288.1,240.0,1,"1,2,3,4,5,6,7",8/3/2026,60,0,0,True,1
Corovode,Përmet,BR42,Çorovodë – Përmet – Çorovodë,eTransport,https://www.dpshtrr.al/operatoret-etransport,1,Corovode,BR-11,Përmet,PR-1,00:00,00:57,57.9,48.2,1,"1,2,3,4,5,6,7",8/3/2026,60,0,0,True,0
Corovode,Tiranë,FR10,Fier – çorovodë – Fier,ÇUKO,https://www.dpshtrr.al/operatoret/cuko-shpk,J62903571K,Corovode,BR-11,Fier,FR-8,12:50,14:45,115.8,96.5,1,"1,2,3,4,5,6,7",8/3/2026,60,0,0,True,2
Corovode,Tiranë,FR2,Fier – Berat – Fier,ÇUKO,https://www.dpshtrr.al/operatoret/cuko-shpk,J62903571K,Berat,BR-1,Fier,FR-8,10:30,11:21,51.8,43.1,1,"1,2,3,4,5,6,7",8/3/2026,60,0,0,True,4
Corovode,Tiranë,ShK1,Shkodër - Tiranë - Shkodër,ROZAFA ORTAKËT,https://www.dpshtrr.al/operatoret/rozafa-ortaket-shpk,K26702001R,Tiranë Veri-Jug,TR-2,Shkodër,SH-15,14:00,15:48,108.2,90.2,1,"1,2,3,4,5,6,7",8/3/2026,60,0,0,True,3
Corovode,Tiranë,BR18,Kuçovë – Poliçan – Kuçovë,ALBENIO,http://dpshtrr.al,L27910101D,Polican,SK-1,Kucove,BR-46,10:30,11:17,47.3,39.4,1,"1,2,3,4,5,6,7",8/3/2026,60,0,0,True,3
Corovode,Tiranë,BR19,Kuçovë – Corovodë – Kuçovë,ALBENIO,http://dpshtrr.al,L27910101D,Corovode,BR-11,Kucove,BR-46,12:00,13:19,79.2,65.9,1,"1,2,3,4,5,6,7",8/3/2026,60,0,0,True,2
Corovode,Tiranë,EL2,Elbasan – Berat – Elbasan,ARBESA,https://www.dpshtrr.al/operatoret/arbesa-el-shpk,K73417202K,Berat,BR-1,"Elbasan ""Kryqezimi i Cerrikut""",EL-4,13:00,14:56,116.2,96.8,1,"1,2,3,4,5,6,7",8/3/2026,60,0,0,True,4
Corovode,Tiranë,EL21,Elbasan – Librazhd – Elbasan,NE-ER,https://www.dpshtrr.al/operatoret/ne-er-shpk,L52519213M,"Elbasan ""Kryqezimi i Cerrikut""",EL-4,Librazhd,LB-3,15:00,15:29,29.9,25.0,1,"1,2,3,4,5,6,7",8/3/2026,60,0,0,True,4
Corovode,Tiranë,EL2,Elbasan – Berat – Elbasan,ARBESA,https://www.dpshtrr.al/operatoret/arbesa-el-shpk,K73417202K,Berat,BR-1,"Elbasan ""Kryqezimi i Cerrikut""",EL-4,14:20,16:16,116.2,96.8,1,"1,2,3,4,5,6,7",8/3/2026,60,0,0,True,2
Corovode,Tiranë,EL52,Cërrik – Berat – Cërrik,QAFA E BLIRIT,https://www.dpshtrr.al/operatoret/qafa-e-blirit-shpk,K72715201W,Berat,BR-1,Cerrik,EL-12,14:45,15:39,54.4,45.3,1,"1,2,3,4,5,6,7",8/3/2026,60,0,0,True,3
Corovode,Tiranë,EL18,Elbasan – Cërrik – Elbasan,UDHËTARI 2001,https://www.dpshtrr.al/operatoret/udhetari-2001-shpk,K23425201O,Cerrik,EL-12,"Elbasan ""Kryqezimi i Cerrikut""",EL-4,16:00,16:18,18.9,15.8,1,"1,2,3,4,5,6,7",8/3/2026,60,0,0,True,3
Corovode,Ura Vajgurore,VL4,Vlorë - Fier - Vlorë,INTERBUZ VLORA,https://www.dpshtrr.al/operatoret/interbuz-vlora-shpk,K37004203O,Vlorë,VL-28,Fier,FR-8,09:00,09:44,44.5,37.1,1,"1,2,3,4,5,6,7",8/3/2026,60,0,0,True,2
Corovode,Ura Vajgurore,BR22,Ura Vajgurore - Fier - Ura Vajgurore,STAR TRANS OR,https://www.dpshtrr.al/operatoret/star-trans-or-shpk,L63204002T,Fier,FR-8,Ura Vajgurore,FR-19,10:20,11:01,41.4,34.5,1,"1,2,3,4,5,6,7",8/3/2026,60,0,0,True,2
Corovode,Ura Vajgurore,BR22,Ura Vajgurore - Fier - Ura Vajgurore,STAR TRANS OR,https://www.dpshtrr.al/operatoret/star-trans-or-shpk,L63204002T,Fier,FR-8,Ura Vajgurore,FR-19,14:20,15:01,41.4,34.5,1,"1,2,3,4,5,6,7",8/3/2026,60,0,0,True,1
Corovode,Ura Vajgurore,BR41,Berat - Ura Vajgurore – Berat,TIBE,https://www.dpshtrr.al/operatoret/tibe-shpk,K31327069U,Berat,BR-1,Ura Vajgurore,FR-19,15:00,15:10,10.3,8.6,1,"1,2,3,4,5,6,7",8/3/2026,60,0,0,True,1
Corovode,Ura Vajgurore,BR41,Berat - Ura Vajgurore – Berat,TIBE,https://www.dpshtrr.al/operatoret/tibe-shpk,K31327069U,Berat,BR-1,Ura Vajgurore,FR-19,16:00,16:10,10.3,8.6,1,"1,2,3,4,5,6,7",8/3/2026,60,0,0,True,1
Corovode,Vlorë,TR16,Tiranë – Vlorë – Tiranë,EL-ALBA TRANS,https://www.dpshtrr.al/operatoret/el-alba-trans-shpk,J62014003V,Tiranë Veri-Jug,TR-2,Vlorë,VL-28,08:25,11:27,183.0,152.4,1,"1,2,3,4,5,6,7",8/3/2026,60,0,0,True,1
Corovode,Vlorë,FR3,Fier – Vlorë  – Fier,ARJANI,https://www.dpshtrr.al/operatoret/arjani-shpk,J63208424W,Fier,FR-8,Vlorë,VL-28,11:30,12:15,45.6,38.0,1,"1,2,3,4,5,6,7",8/3/2026,60,0,0,True,3
Corovode,Vlorë,VL6,Vlorë - Berat - Vlorë (me kalim nga Roskoveci),HODAJ TRANSPORT,https://www.dpshtrr.al/operatoret/sal-eri-shpk,L47306201T,Berat,BR-1,Vlorë,VL-28,13:00,14:35,95.9,79.9,1,"1,2,3,4,5,6,7",8/3/2026,60,0,0,True,2
Corovode,Vlorë,VL4,Vlorë - Fier - Vlorë,INTERBUZ VLORA,https://www.dpshtrr.al/operatoret/interbuz-vlora-shpk,K37004203O,Fier,FR-8,Vlorë,VL-28,15:00,15:45,45.6,38.0,1,"1,2,3,4,5,6,7",8/3/2026,60,0,0,True,1
Corovode,Vlorë,VL6,Vlorë - Berat - Vlorë (me kalim nga Roskoveci),HODAJ TRANSPORT,https://www.dpshtrr.al/operatoret/sal-eri-shpk,L47306201T,Berat,BR-1,Vlorë,VL-28,14:15,15:50,95.9,79.9,1,"1,2,3,4,5,6,7",8/3/2026,60,0,0,True,1
Corovode,Vlorë,VL10,Vlorë - Çorovodë - Vlorë,SKERDBES,https://www.dpshtrr.al/operatoret/skerdbes-shpk,K46817201R,Corovode,BR-11,Vlorë,VL-28,13:00,15:53,173.6,144.6,1,"1,2,3,4,5,6,7",8/3/2026,60,0,0,True,0
Corovode,Vlorë,VL35,Sarandë- Vlorë - Sarandë ( me kalim nga bregu ),TRANS-BUS SARANDA,https://www.dpshtrr.al/operatoret/transbus-saranda-shpk,K83725804U,Vlorë,VL-28,Sarandë,SR-7,16:00,18:34,154.9,129.0,1,"1,2,3,4,5,6,7",8/3/2026,60,0,0,True,3
Corovode,Vlorë,VL25,Sarandë - Fier - Sarandë,TRANS - BUTRINTI,https://www.dpshtrr.al/operatoret/trans-butrinti-shpk,K04814854U,Fier,FR-8,Sarandë,SR-7,16:00,19:12,192.0,160.0,1,"1,2,3,4,5,6,7",8/3/2026,60,0,0,True,2
Corovode,Vlorë,VL33,Sarandë - Vlorë - Sarandë ( me kalim nga Muzina ),SARANDA - TRANSPORT - 2012,https://www.dpshtrr.al/operatoret/transport-saranda-2012-shpk,L24212801F,Vlorë,VL-28,Sarandë,SR-7,16:15,19:44,209.1,174.2,1,"1,2,3,4,5,6,7",8/3/2026,60,0,0,True,2
Delvine,Gjirokastër,VL31,Sarandë - Delvinë - Sarandë,JONI - TRANS - SARANDA,https://www.dpshtrr.al/operatoret/joni-trans-saranda-shpk,K84824801T,Delvine,GJ-31,Sarandë,SR-7,06:00,06:20,20.0,16.7,1,"1,2,3,4,5,6,7",8/3/2026,60,0,0,True,1
Delvine,Gjirokastër,VL24,Sarandë - Gjirokastër - Sarandë,TRANS - BUTRINTI,https://www.dpshtrr.al/operatoret/trans-butrinti-shpk,K04814854U,Sarandë,SR-7,Gjirokastër,GJ-1,08:00,09:01,61.8,51.5,1,"1,2,3,4,5,6,7",8/3/2026,60,0,0,True,1
Delvine,Gjirokastër,VL40,Delvinë - Sarandë - Delvinë,TRANS - SOPOTI,https://www.dpshtrr.al/operatoret/trans-sopoti-shpk,L67101501I,Delvine,GJ-31,Sarandë,SR-7,06:30,06:50,20.0,16.7,1,"1,2,3,4,5,6,7",8/3/2026,60,0,0,True,1
Delvine,Gjirokastër,VL24,Sarandë - Gjirokastër - Sarandë,TRANS - BUTRINTI,https://www.dpshtrr.al/operatoret/trans-butrinti-shpk,K04814854U,Sarandë,SR-7,Gjirokastër,GJ-1,09:00,10:01,61.8,51.5,1,"1,2,3,4,5,6,7",8/3/2026,60,0,0,True,1
Delvine,Gjirokastër,VL31,Sarandë - Delvinë - Sarandë,JONI - TRANS - SARANDA,https://www.dpshtrr.al/operatoret/joni-trans-saranda-shpk,K84824801T,Delvine,GJ-31,Sarandë,SR-7,07:00,07:20,20.0,16.7,1,"1,2,3,4,5,6,7",8/3/2026,60,0,0,True,1
Delvine,Gjirokastër,VL24,Sarandë - Gjirokastër - Sarandë,TRANS - BUTRINTI,https://www.dpshtrr.al/operatoret/trans-butrinti-shpk,K04814854U,Sarandë,SR-7,Gjirokastër,GJ-1,10:00,11:01,61.8,51.5,1,"1,2,3,4,5,6,7",8/3/2026,60,0,0,True,1
Delvine,Gjirokastër,VL40,Delvinë - Sarandë - Delvinë,TRANS - SOPOTI,https://www.dpshtrr.al/operatoret/trans-sopoti-shpk,L67101501I,Delvine,GJ-31,Sarandë,SR-7,07:30,07:50,20.0,16.7,1,"1,2,3,4,5,6,7",8/3/2026,60,0,0,True,1
Delvine,Gjirokastër,GJ3,Gjirokastër - Sarandë - Gjirokastër,ARGJIRO,https://www.dpshtrr.al/operatoret/argjiro-shpk,J93316647D,Sarandë,SR-7,Gjirokastër,GJ-1,11:00,12:01,61.8,51.5,1,"1,2,3,4,5,6,7",8/3/2026,60,0,0,True,1
Delvine,Gjirokastër,VL31,Sarandë - Delvinë - Sarandë,JONI - TRANS - SARANDA,https://www.dpshtrr.al/operatoret/joni-trans-saranda-shpk,K84824801T,Delvine,GJ-31,Sarandë,SR-7,08:00,08:20,20.0,16.7,1,"1,2,3,4,5,6,7",8/3/2026,60,0,0,True,1
Delvine,Gjirokastër,VL40,Delvinë - Sarandë - Delvinë,TRANS - SOPOTI,https://www.dpshtrr.al/operatoret/trans-sopoti-shpk,L67101501I,Delvine,GJ-31,Sarandë,SR-7,08:30,08:50,20.0,16.7,1,"1,2,3,4,5,6,7",8/3/2026,60,0,0,True,2
Delvine,Gjirokastër,VL29,Sarandë - Tepelenë - Sarandë,TRANS - BUTRINTI,https://www.dpshtrr.al/operatoret/trans-butrinti-shpk,K04814854U,Sarandë,SR-7,Tepelenë,GJ-12,11:30,12:45,75.3,62.7,1,"1,2,3,4,5,6,7",8/3/2026,60,0,0,True,2
Delvine,Gjirokastër,GJ24,Gjirokastër – Tepelenë – Gjirokastër,eTransport,https://www.dpshtrr.al/operatoret-etransport,1,Tepelenë,GJ-12,Gjirokastër,GJ-1,14:00,14:33,33.4,27.9,1,"1,2,3,4,5,6,7",8/3/2026,60,0,0,True,2
Delvine,Gjirokastër,VL31,Sarandë - Delvinë - Sarandë,JONI - TRANS - SARANDA,https://www.dpshtrr.al/operatoret/joni-trans-saranda-shpk,K84824801T,Delvine,GJ-31,Sarandë,SR-7,09:00,09:20,20.0,16.7,1,"1,2,3,4,5,6,7",8/3/2026,60,0,0,True,2
Delvine,Gjirokastër,GJ16,Përmet - Sarandë - Përmet,PËRMETI EKSPRES,https://www.dpshtrr.al/operatoret/permeti-ekspres-shpk,K89223201Q,Sarandë,SR-7,Përmet,PR-1,12:00,13:52,112.7,93.9,1,"1,2,3,4,5,6,7",8/3/2026,60,0,0,True,2
Delvine,Gjirokastër,GJ34,Gjirokastër – Përmet – Gjirokastër,SKENDI - 2014,https://www.dpshtrr.al/operatoret/skendi-2014-shpk,L53428602T,Përmet,PR-1,Gjirokastër,GJ-1,15:00,16:10,70.8,59.0,1,"1,2,3,4,5,6,7",8/3/2026,60,0,0,True,2
Delvine,Gjirokastër,VL47,Delvinë – Gjirokastër – Delvinë,eTransport,https://www.dpshtrr.al/operatoret-etransport,1,Delvine,GJ-31,Gjirokastër,GJ-1,00:00,00:57,57.9,48.2,1,"1,2,3,4,5,6,7",8/3/2026,60,0,0,True,0
Delvine,Sarandë,VL40,Delvinë - Sarandë - Delvinë,TRANS - SOPOTI,https://www.dpshtrr.al/operatoret/trans-sopoti-shpk,L67101501I,Delvine,GJ-31,Sarandë,SR-7,09:30,09:50,20.0,16.7,1,"1,2,3,4,5,6,7",8/3/2026,60,0,0,True,0
Delvine,Tiranë,VL35,Sarandë- Vlorë - Sarandë ( me kalim nga bregu ),TRANS-BUS SARANDA,https://www.dpshtrr.al/operatoret/transbus-saranda-shpk,K83725804U,Sarandë,SR-7,Vlorë,VL-28,07:00,09:34,154.4,128.7,1,"1,2,3,4,5,6,7",8/3/2026,60,0,0,True,3
Delvine,Tiranë,VL39,Delvinë - Tiranë - Delvinë,TRANS - SOPOTI,https://www.dpshtrr.al/operatoret/trans-sopoti-shpk,L67101501I,Delvine,GJ-31,Tiranë Veri-Jug,TR-2,05:30,10:36,306.6,255.4,1,"1,2,3,4,5,6,7",8/3/2026,60,0,0,True,3
Delvine,Tiranë,VL33,Sarandë - Vlorë - Sarandë ( me kalim nga Muzina ),SARANDA - TRANSPORT - 2012,https://www.dpshtrr.al/operatoret/transport-saranda-2012-shpk,L24212801F,Sarandë,SR-7,Vlorë,VL-28,07:00,10:29,209.2,174.3,1,"1,2,3,4,5,6,7",8/3/2026,60,0,0,True,4
Delvine,Tiranë,FR3,Fier – Vlorë  – Fier,ARJANI,https://www.dpshtrr.al/operatoret/arjani-shpk,J63208424W,Vlorë,VL-28,Fier,FR-8,10:30,11:14,44.5,37.1,1,"1,2,3,4,5,6,7",8/3/2026,60,0,0,True,4
Delvine,Tiranë,FR9,Fier – Gjirokastër – Fier,KOMPAKT,https://www.dpshtrr.al/operatoret/kompakt-shpk,K23407401F,Gjirokastër,GJ-1,Fier,FR-8,10:30,12:36,126.8,105.6,1,"1,2,3,4,5,6,7",8/3/2026,60,0,0,True,4
Delvine,Tiranë,VL35,Sarandë- Vlorë - Sarandë ( me kalim nga bregu ),TRANS-BUS SARANDA,https://www.dpshtrr.al/operatoret/transbus-saranda-shpk,K83725804U,Sarandë,SR-7,Vlorë,VL-28,09:00,11:34,154.4,128.7,1,"1,2,3,4,5,6,7",8/3/2026,60,0,0,True,3
Delvine,Tiranë,VL39,Delvinë - Tiranë - Delvinë,TRANS - SOPOTI,https://www.dpshtrr.al/operatoret/trans-sopoti-shpk,L67101501I,Delvine,GJ-31,Tiranë Veri-Jug,TR-2,07:00,12:06,306.6,255.4,1,"1,2,3,4,5,6,7",8/3/2026,60,0,0,True,3
Delvine,Tiranë,DR6,Durrës – Tiranë – Durrës,DEMOKRACIA 95,https://www.dpshtrr.al/operatoret/demokracia-95-shpk,K31601531F,Tiranë Veri-Jug,TR-2,Durrës Stacioni i Trenit,DR-1,12:10,12:52,42.4,35.3,1,"1,2,3,4,5,6,7",8/3/2026,60,0,0,True,3
Delvine,Tiranë,VL25,Sarandë - Fier - Sarandë,TRANS - BUTRINTI,https://www.dpshtrr.al/operatoret/trans-butrinti-shpk,K04814854U,Sarandë,SR-7,Fier,FR-8,10:00,13:11,191.1,159.2,1,"1,2,3,4,5,6,7",8/3/2026,60,0,0,True,3
Delvine,Tiranë,TR33,Tiranë – Rinas (Aeroport) – Tiranë,Luna,https://www.dpshtrr.al/operatoret/lu-na-shpk,K31412087P,Rinas Aeroport,TR-4,Tirane Qendër Aeroport,TR-14,20:00,20:22,22.5,18.7,1,"1,2,3,4,5,6,7",8/3/2026,60,0,0,True,3
Delvine,Tiranë,VL33,Sarandë - Vlorë - Sarandë ( me kalim nga Muzina ),SARANDA - TRANSPORT - 2012,https://www.dpshtrr.al/operatoret/transport-saranda-2012-shpk,L24212801F,Sarandë,SR-7,Vlorë,VL-28,09:30,12:59,209.2,174.3,1,"1,2,3,4,5,6,7",8/3/2026,60,0,0,True,4
Delvine,Tiranë,VL4,Vlorë - Fier - Vlorë,INTERBUZ VLORA,https://www.dpshtrr.al/operatoret/interbuz-vlora-shpk,K37004203O,Vlorë,VL-28,Fier,FR-8,13:00,13:44,44.5,37.1,1,"1,2,3,4,5,6,7",8/3/2026,60,0,0,True,4
Delvine,Tiranë,TR33,Tiranë – Rinas (Aeroport) – Tiranë,Luna,https://www.dpshtrr.al/operatoret/lu-na-shpk,K31412087P,Rinas Aeroport,TR-4,Tirane Qendër Aeroport,TR-14,21:00,21:22,22.5,18.7,1,"1,2,3,4,5,6,7",8/3/2026,60,0,0,True,4
Delvine,Tiranë,VL27,Sarandë - Berat - Sarandë,TRANS DEA,https://www.dpshtrr.al/operatoret/trans-dea-shpk,K83826802M,Sarandë,SR-7,Berat,BR-1,08:00,12:11,251.4,209.5,1,"1,2,3,4,5,6,7",8/3/2026,60,0,0,True,4
Delvine,Tiranë,VL23,Sarandë - Durrës - Sarandë (me kalim nga Muzina),TRANS - BUTRINTI,https://www.dpshtrr.al/operatoret/trans-butrinti-shpk,K04814854U,Sarandë,SR-7,Durrës (Plepa),DR-3,07:30,12:20,290.1,241.7,1,"1,2,3,4,5,6,7",8/3/2026,60,0,0,True,3
Delvine,Tiranë,EL3,Elbasan – Vlorë – Elbasan,TRANSEL,https://www.dpshtrr.al/operatoret/transel-shpk,K63320202V,Vlorë,VL-28,"Elbasan ""Kryqezimi i Cerrikut""",EL-4,12:00,14:37,157.8,131.5,1,"1,2,3,4,5,6,7",8/3/2026,60,0,0,True,3
Delvine,Tiranë,VL34,Sarandë - Himarë - Sarandë,TRANS-BUS SARANDA,https://www.dpshtrr.al/operatoret/transbus-saranda-shpk,K83725804U,Sarandë,SR-7,Himarë,VL-22,10:00,11:01,61.2,51.0,1,"1,2,3,4,5,6,7",8/3/2026,60,0,0,True,3
Delvine,Tiranë,EL14,"Elbasan – Himarë – Elbasan (me kalim nga Bregu, pa të drejtë qëndrimi në Vlorë)",TRANSEL,https://www.dpshtrr.al/operatoret/transel-shpk,K63320202V,Himarë,VL-22,"Elbasan ""Kryqezimi i Cerrikut""",EL-4,11:15,15:08,233.8,194.8,1,"1,2,3,4,5,6,7",8/3/2026,60,0,0,True,3
Delvine,Tiranë,EL51,Cërrik – Sarandë – Cërrik,AN&JORG,https://www.dpshtrr.al/operatoret/anjorg,L53228204F,Sarandë,SR-7,Cerrik,EL-12,10:25,14:59,274.1,228.4,1,"1,2,3,4,5,6,7",8/3/2026,60,0,0,True,3
Delvine,Tiranë,EL18,Elbasan – Cërrik – Elbasan,UDHËTARI 2001,https://www.dpshtrr.al/operatoret/udhetari-2001-shpk,K23425201O,Cerrik,EL-12,"Elbasan ""Kryqezimi i Cerrikut""",EL-4,15:00,15:18,18.9,15.8,1,"1,2,3,4,5,6,7",8/3/2026,60,0,0,True,3
Delvine,Tiranë,EL15,Elbasan – Gjirokastër – Elbasan,GUCAJ A & R,https://www.dpshtrr.al/operatoret/gucaj-ar-shpk,K72812202S,Gjirokastër,GJ-1,"Elbasan ""Kryqezimi i Cerrikut""",EL-4,11:30,15:26,236.6,197.1,1,"1,2,3,4,5,6,7",8/3/2026,60,0,0,True,3
Delvine,Tiranë,TR43,Tiranë – Elbasan – Tiranë,EL ALBA 2,https://www.dpshtrr.al/operatoret/elalba-2-shpk,K21402001V,"Elbasan ""Kryqezimi i Cerrikut""",EL-4,Tiranë Jug-Lindje,TR-1,17:30,18:09,39.1,33.1,1,"1,2,3,4,5,6,7",8/3/2026,60,0,0,True,3
Delvine,Tiranë,VL7,Vlorë - Durrës - Vlorë,INTERBUZ VLORA,https://www.dpshtrr.al/operatoret/interbuz-vlora-shpk,K37004203O,Vlorë,VL-28,Durrës (Plepa),DR-3,10:15,12:32,137.2,114.3,1,"1,2,3,4,5,6,7",8/3/2026,60,0,0,True,4
Delvine,Tiranë,KO19,Ersekë - Durrës - Ersekë,ER-TRANS,https://www.dpshtrr.al/operatoret/er-trans-shpk,K98628001R,Durrës (Plepa),DR-3,Ersekë,ER-1,12:45,17:28,283.7,236.3,1,"1,2,3,4,5,6,7",8/3/2026,60,0,0,True,4
Delvine,Tiranë,KO18,Ersekë - Tiranë - Ersekë,ER-TRANS,https://www.dpshtrr.al/operatoret/er-trans-shpk,K98628001R,Ersekë,ER-1,Tiranë Jug-Lindje,TR-1,03:00,06:54,234.1,193.2,1,"1,2,3,4,5,6,7",8/4/2026,60,0,0,True,4
Delvine,Tiranë,VL4,Vlorë - Fier - Vlorë,INTERBUZ VLORA,https://www.dpshtrr.al/operatoret/interbuz-vlora-shpk,K37004203O,Vlorë,VL-28,Fier,FR-8,10:00,10:44,44.5,37.1,1,"1,2,3,4,5,6,7",8/3/2026,60,0,0,True,3
Delvine,Tiranë,VL30,Sarandë - Tiranë - Sarandë ( me kalim nga bregu ),TRANS-BUS SARANDA,https://www.dpshtrr.al/operatoret/transbus-saranda-shpk,K83725804U,Sarandë,SR-7,Tiranë Veri-Jug,TR-2,08:00,13:38,338.5,282.0,1,"1,2,3,4,5,6,7",8/3/2026,60,0,0,True,1
Delvine,Tiranë,TR65,"Tiranë – Durrës – Tiranë (me kalim nga Plepat, Ndroq)",RIKI TRANS,https://www.dpshtrr.al/operatoret/riki-trans-shpk,L71309505G,Durrës (Plepa),DR-3,Tiranë Veri-Jug,TR-2,13:00,13:41,41.6,34.7,1,"1,2,3,4,5,6,7",8/3/2026,60,0,0,True,2
Delvine,Tiranë,VL22,Sarandë - Tiranë - Sarandë (me kalim nga Muzina),TRANS - BUTRINTI,https://www.dpshtrr.al/operatoret/trans-butrinti-shpk,K04814854U,Sarandë,SR-7,Tiranë Veri-Jug,TR-2,08:30,14:02,332.7,277.2,1,"1,2,3,4,5,6,7",8/3/2026,60,0,0,True,1
Delvine,Tiranë,TR18,Tiranë – Sarandë – Tiranë (me kalim nga Muzina),TISA,https://www.dpshtrr.al/operatoret/tisa-shpk,K31520093K,Sarandë,SR-7,Tiranë Veri-Jug,TR-2,08:30,14:02,332.7,277.2,1,"1,2,3,4,5,6,7",8/3/2026,60,0,0,True,1
Delvine,Tiranë,VL22,Sarandë - Tiranë - Sarandë (me kalim nga Muzina),TRANS - BUTRINTI,https://www.dpshtrr.al/operatoret/trans-butrinti-shpk,K04814854U,Sarandë,SR-7,Tiranë Veri-Jug,TR-2,09:30,15:02,332.7,277.2,1,"1,2,3,4,5,6,7",8/3/2026,60,0,0,True,1
Divjake,Durrës,FR20,Divjakë – Tiranë – Divjakë,FAZANËT E DIVJAKËS,https://www.dpshtrr.al/operatoret/fazanet-e-divjakes-shpk,K33927402O,Divjake,DV-1,Tiranë Veri-Jug,TR-2,06:30,08:06,96.9,80.8,1,"1,2,3,4,5,6,7",8/3/2026,60,0,0,True,1
Divjake,Durrës,FR42,Divjakë – Durrës – Divjakë,FAZANËT E DIVJAKËS,https://www.dpshtrr.al/operatoret/fazanet-e-divjakes-shpk,K33927402O,Divjake,DV-1,Durrës (Plepa),DR-3,06:40,07:34,54.4,45.3,1,"1,2,3,4,5,6,7",8/3/2026,60,0,0,True,2
Divjake,Durrës,TR12,Tiranë – Durrës – Tiranë,EL ALBA - 1,https://www.dpshtrr.al/operatoret/elalba-1-shpk,K12202003J,Tiranë Veri-Jug,TR-2,Durrës Stacioni i Trenit,DR-1,08:45,09:27,42.4,35.3,1,"1,2,3,4,5,6,7",8/3/2026,60,0,0,True,2
Divjake,Durrës,FR22,Divjakë – Lushnje  – Divjakë,FAZANËT E DIVJAKËS,https://www.dpshtrr.al/operatoret/fazanet-e-divjakes-shpk,K33927402O,Divjake,DV-1,Lushnjë,LU-1,07:00,07:33,33.7,28.1,1,"1,2,3,4,5,6,7",8/3/2026,60,0,0,True,2
Divjake,Durrës,FR20,Divjakë – Tiranë – Divjakë,FAZANËT E DIVJAKËS,https://www.dpshtrr.al/operatoret/fazanet-e-divjakes-shpk,K33927402O,Divjake,DV-1,Tiranë Veri-Jug,TR-2,08:10,09:46,96.9,80.8,1,"1,2,3,4,5,6,7",8/3/2026,60,0,0,True,1
Divjake,Durrës,FR22,Divjakë – Lushnje  – Divjakë,FAZANËT E DIVJAKËS,https://www.dpshtrr.al/operatoret/fazanet-e-divjakes-shpk,K33927402O,Divjake,DV-1,Lushnjë,LU-1,07:30,08:03,33.7,28.1,1,"1,2,3,4,5,6,7",8/3/2026,60,0,0,True,2
Divjake,Durrës,FR23,Lushnjë – Tiranë – Lushnjë,KOHA EKSPRES,https://www.dpshtrr.al/operatoret/koha-ekspres-shpk,K34017402I,Lushnjë,LU-1,Tiranë Veri-Jug,TR-2,08:30,10:05,95.8,79.8,1,"1,2,3,4,5,6,7",8/3/2026,60,0,0,True,2
Divjake,Durrës,FR22,Divjakë – Lushnje  – Divjakë,FAZANËT E DIVJAKËS,https://www.dpshtrr.al/operatoret/fazanet-e-divjakes-shpk,K33927402O,Divjake,DV-1,Lushnjë,LU-1,08:00,08:33,33.7,28.1,1,"1,2,3,4,5,6,7",8/3/2026,60,0,0,True,4
Divjake,Durrës,TR31,Tiranë – Shijak – Tiranë,IRIDEST,https://www.dpshtrr.al/operatoret/iridest-shpk,K72111030I,Tiranë Veri-Jug,TR-2,Shijak,DR-16,10:00,10:35,35.4,29.5,1,"1,2,3,4,5,6,7",8/3/2026,60,0,0,True,4
Divjake,Durrës,DR43,Durrës – Shijak – Durrës,ANDROMEDA GROUP,https://www.dpshtrr.al/operatoret/andromeda-group-shpk,L61307527C,Shijak,DR-16,Durrës Stacioni i Trenit,DR-1,11:00,11:17,17.1,14.2,1,"1,2,3,4,5,6,7",8/3/2026,60,0,0,True,4
Divjake,Durrës,FR20,Divjakë – Tiranë – Divjakë,FAZANËT E DIVJAKËS,https://www.dpshtrr.al/operatoret/fazanet-e-divjakes-shpk,K33927402O,Divjake,DV-1,Tiranë Veri-Jug,TR-2,09:10,10:46,96.9,80.8,1,"1,2,3,4,5,6,7",8/3/2026,60,0,0,True,1
Divjake,Durrës,TR45,Tiranë – Divjakë – Tiranë,META 2017,https://www.dpshtrr.al/operatoret/meta-2017-shpk,L77510901V,Divjake,DV-1,Tiranë Veri-Jug,TR-2,10:00,11:36,96.9,80.8,1,"1,2,3,4,5,6,7",8/3/2026,60,0,0,True,1
Divjake,Durrës,FR21,Divjakë – Librazhd – Divjakë,SE-AL,https://www.dpshtrr.al/operatoret/se-al-shpk,L01811504Q,Divjake,DV-1,Librazhd,LB-3,06:50,08:33,103.6,86.3,1,"1,2,3,4,5,6,7",8/3/2026,60,0,0,True,2
Divjake,Durrës,EL39,Librazhd – Elbasan – Librazhd,PRODANI,https://www.dpshtrr.al/operatoret/prodani,K27713621J,Librazhd,LB-3,"Elbasan ""Kryqezimi i Cerrikut""",EL-4,09:00,09:29,30.0,25.0,1,"1,2,3,4,5,6,7",8/3/2026,60,0,0,True,2
Divjake,Durrës,FR21,Divjakë – Librazhd – Divjakë,SE-AL,https://www.dpshtrr.al/operatoret/se-al-shpk,L01811504Q,Divjake,DV-1,Librazhd,LB-3,07:45,09:28,103.6,86.3,1,"1,2,3,4,5,6,7",8/3/2026,60,0,0,True,1
Divjake,Durrës,EL36,Librazhd – Durrës – Librazhd,PRODANI,https://www.dpshtrr.al/operatoret/prodani,K27713621J,Librazhd,LB-3,Durrës (Plepa),DR-3,09:30,11:27,117.1,97.5,1,"1,2,3,4,5,6,7",8/3/2026,60,0,0,True,1
Divjake,Librazhd,DR5,Durrës – Elbasan – Durrës,TEUTA - 95,https://www.dpshtrr.al/operatoret/teuta-95-shpk,K31529513G,Durrës (Plepa),DR-3,"Elbasan ""Kryqezimi i Cerrikut""",EL-4,07:40,09:14,94.2,78.5,1,"1,2,3,4,5,6,7",8/3/2026,60,0,0,True,2
Divjake,Librazhd,EL39,Librazhd – Elbasan – Librazhd,PRODANI,https://www.dpshtrr.al/operatoret/prodani,K27713621J,"Elbasan ""Kryqezimi i Cerrikut""",EL-4,Librazhd,LB-3,10:30,10:59,29.9,25.0,1,"1,2,3,4,5,6,7",8/3/2026,60,0,0,True,3
Divjake,Librazhd,EL12,Elbasan – Lushnje – Elbasan (me kalim nga Belshi),DUMREJA-2 SHPK,https://www.dpshtrr.al/operatoret/dumreja-2-shpk,L13521202F,Lushnjë,LU-1,"Elbasan ""Kryqezimi i Cerrikut""",EL-4,09:15,10:21,66.7,55.6,1,"1,2,3,4,5,6,7",8/3/2026,60,0,0,True,2
Divjake,Librazhd,EL21,Elbasan – Librazhd – Elbasan,NE-ER,https://www.dpshtrr.al/operatoret/ne-er-shpk,L52519213M,"Elbasan ""Kryqezimi i Cerrikut""",EL-4,Librazhd,LB-3,11:00,11:29,29.9,25.0,1,"1,2,3,4,5,6,7",8/3/2026,60,0,0,True,2
Divjake,Librazhd,EL30,Belsh – Lushnje – Belsh,LIQENI EXPRES SHPK,https://www.dpshtrr.al/operatoret/liqeni-express-shpk,L63622202S,Lushnjë,LU-1,Belsh,El-23,09:00,09:30,30.1,25.1,1,"1,2,3,4,5,6,7",8/3/2026,60,0,0,True,3
Divjake,Librazhd,EL31,Belsh – Elbasan – Belsh,LIQENI EXPRES SHPK,https://www.dpshtrr.al/operatoret/liqeni-express-shpk,L63622202S,Belsh,El-23,"Elbasan ""Kryqezimi i Cerrikut""",EL-4,09:45,10:21,36.4,30.3,1,"1,2,3,4,5,6,7",8/3/2026,60,0,0,True,3
Divjake,Librazhd,EL21,Elbasan – Librazhd – Elbasan,NE-ER,https://www.dpshtrr.al/operatoret/ne-er-shpk,L52519213M,"Elbasan ""Kryqezimi i Cerrikut""",EL-4,Librazhd,LB-3,11:30,11:59,29.9,25.0,1,"1,2,3,4,5,6,7",8/3/2026,60,0,0,True,3
Divjake,Librazhd,FR22,Divjakë – Lushnje  – Divjakë,FAZANËT E DIVJAKËS,https://www.dpshtrr.al/operatoret/fazanet-e-divjakes-shpk,K33927402O,Divjake,DV-1,Lushnjë,LU-1,08:30,09:03,33.7,28.1,1,"1,2,3,4,5,6,7",8/3/2026,60,0,0,True,3
Divjake,Librazhd,FR32,Lushnjë – Fier – Lushnjë,TRANSUDHËTARE,https://www.dpshtrr.al/operatoret/transudhetare-shpk,J64103414M,Lushnjë,LU-1,Fier,FR-8,09:30,10:03,33.6,28.0,1,"1,2,3,4,5,6,7",8/3/2026,60,0,0,True,3
Divjake,Librazhd,EL39,Librazhd – Elbasan – Librazhd,PRODANI,https://www.dpshtrr.al/operatoret/prodani,K27713621J,"Elbasan ""Kryqezimi i Cerrikut""",EL-4,Librazhd,LB-3,12:00,12:29,29.9,25.0,1,"1,2,3,4,5,6,7",8/3/2026,60,0,0,True,3
Divjake,Librazhd,EL39,Librazhd – Elbasan – Librazhd,PRODANI,https://www.dpshtrr.al/operatoret/prodani,K27713621J,"Elbasan ""Kryqezimi i Cerrikut""",EL-4,Librazhd,LB-3,12:30,12:59,29.9,25.0,1,"1,2,3,4,5,6,7",8/3/2026,60,0,0,True,3
Divjake,Lushnjë,FR22,Divjakë – Lushnje  – Divjakë,FAZANËT E DIVJAKËS,https://www.dpshtrr.al/operatoret/fazanet-e-divjakes-shpk,K33927402O,Divjake,DV-1,Lushnjë,LU-1,09:00,09:33,33.7,28.1,1,"1,2,3,4,5,6,7",8/3/2026,60,0,0,True,0
Divjake,Lushnjë,FR22,Divjakë – Lushnje  – Divjakë,FAZANËT E DIVJAKËS,https://www.dpshtrr.al/operatoret/fazanet-e-divjakes-shpk,K33927402O,Divjake,DV-1,Lushnjë,LU-1,09:30,10:03,33.7,28.1,1,"1,2,3,4,5,6,7",8/3/2026,60,0,0,True,0
Divjake,Lushnjë,FR22,Divjakë – Lushnje  – Divjakë,FAZANËT E DIVJAKËS,https://www.dpshtrr.al/operatoret/fazanet-e-divjakes-shpk,K33927402O,Divjake,DV-1,Lushnjë,LU-1,10:00,10:33,33.7,28.1,1,"1,2,3,4,5,6,7",8/3/2026,60,0,0,True,0
Divjake,Lushnjë,FR22,Divjakë – Lushnje  – Divjakë,FAZANËT E DIVJAKËS,https://www.dpshtrr.al/operatoret/fazanet-e-divjakes-shpk,K33927402O,Divjake,DV-1,Lushnjë,LU-1,10:30,11:03,33.7,28.1,1,"1,2,3,4,5,6,7",8/3/2026,60,0,0,True,0
Divjake,Tiranë,FR14,Fier – Lushnje – Fier,JURVIS,https://www.dpshtrr.al/operatoret/jurvis-shpk,K92626401T,Lushnjë,LU-1,Fier,FR-8,10:00,10:33,33.6,28.0,1,"1,2,3,4,5,6,7",8/3/2026,60,0,0,True,3
Divjake,Tiranë,ShK4,Shkodër - Rinas - Shkodër,HERMES AEROPORT,https://www.dpshtrr.al/operatoret/hermes-aeroport-shpk,L67324202E,Shkodër,SH-15,Rinas Aeroport,TR-4,14:00,15:39,99.7,83.1,1,"1,2,3,4,5,6,7",8/3/2026,60,0,0,True,3
Divjake,Tiranë,EL39,Librazhd – Elbasan – Librazhd,PRODANI,https://www.dpshtrr.al/operatoret/prodani,K27713621J,Librazhd,LB-3,"Elbasan ""Kryqezimi i Cerrikut""",EL-4,09:30,09:59,30.0,25.0,1,"1,2,3,4,5,6,7",8/3/2026,60,0,0,True,2
Dropull,Gjirokastër,GJ9,Dropull - Gjirokastër - Dropull,GREEN BUS,https://www.dpshtrr.al/operatoret/green-bus-travel,L81523015O,Dropull,GJ-11,Gjirokastër,GJ-1,06:00,06:24,24.2,20.2,1,"1,2,3,4,5,6,7",8/3/2026,60,0,0,True,0
Dropull,Gjirokastër,GJ9,Dropull - Gjirokastër - Dropull,GREEN BUS,https://www.dpshtrr.al/operatoret/green-bus-travel,L81523015O,Dropull,GJ-11,Gjirokastër,GJ-1,07:00,07:24,24.2,20.2,1,"1,2,3,4,5,6,7",8/3/2026,60,0,0,True,0
Dropull,Gjirokastër,GJ8,Gjirokastër - Dropull - Gjirokastër,GREEN BUS,https://www.dpshtrr.al/operatoret/green-bus-travel,L81523015O,Dropull,GJ-11,Gjirokastër,GJ-1,07:30,07:54,24.2,20.2,1,"1,2,3,4,5,6,7",8/3/2026,60,0,0,True,0
Dropull,Gjirokastër,GJ9,Dropull - Gjirokastër - Dropull,GREEN BUS,https://www.dpshtrr.al/operatoret/green-bus-travel,L81523015O,Dropull,GJ-11,Gjirokastër,GJ-1,08:00,08:24,24.2,20.2,1,"1,2,3,4,5,6,7",8/3/2026,60,0,0,True,0
Dropull,Gjirokastër,GJ8,Gjirokastër - Dropull - Gjirokastër,GREEN BUS,https://www.dpshtrr.al/operatoret/green-bus-travel,L81523015O,Dropull,GJ-11,Gjirokastër,GJ-1,08:30,08:54,24.2,20.2,1,"1,2,3,4,5,6,7",8/3/2026,60,0,0,True,0
Dropull,Gjirokastër,GJ9,Dropull - Gjirokastër - Dropull,GREEN BUS,https://www.dpshtrr.al/operatoret/green-bus-travel,L81523015O,Dropull,GJ-11,Gjirokastër,GJ-1,09:00,09:24,24.2,20.2,1,"1,2,3,4,5,6,7",8/3/2026,60,0,0,True,0
Dropull,Gjirokastër,GJ8,Gjirokastër - Dropull - Gjirokastër,GREEN BUS,https://www.dpshtrr.al/operatoret/green-bus-travel,L81523015O,Dropull,GJ-11,Gjirokastër,GJ-1,09:30,09:54,24.2,20.2,1,"1,2,3,4,5,6,7",8/3/2026,60,0,0,True,0
Dropull,Gjirokastër,GJ9,Dropull - Gjirokastër - Dropull,GREEN BUS,https://www.dpshtrr.al/operatoret/green-bus-travel,L81523015O,Dropull,GJ-11,Gjirokastër,GJ-1,10:00,10:24,24.2,20.2,1,"1,2,3,4,5,6,7",8/3/2026,60,0,0,True,0
Dropull,Tiranë,GJ10,Dropull - Tiranë - Dropull,BEST TRAVEL - GJIROKASTRA,https://www.dpshtrr.al/operatoret/best-travel-gjirokastra,L63112601P,Dropull,GJ-11,Tiranë Veri-Jug,TR-2,06:00,10:52,292.6,243.8,1,"1,2,3,4,5,6,7",8/3/2026,60,0,0,True,3
Dropull,Tiranë,GJ35,Gjirokastër – Tepelenë – Gjirokastër,ARJONI - TRAVEL,https://www.dpshtrr.al/operatoret/arjoni-travel,L23913803A,Gjirokastër,GJ-1,Tepelenë,GJ-12,07:00,07:33,33.4,27.8,1,"1,2,3,4,5,6,7",8/3/2026,60,0,0,True,4
Dropull,Tiranë,PE18,TEPELENE – VLORË – TEPELENË,eTransport,https://www.dpshtrr.al/operatoret-etransport,1,Tepelenë,GJ-12,Vlorë,VL-28,08:00,09:51,111.7,93.1,1,"1,2,3,4,5,6,7",8/3/2026,60,0,0,True,4
Dropull,Tiranë,GJ2,Gjirokastër - Vlorë - Gjirokastër,ARGJIRO,https://www.dpshtrr.al/operatoret/argjiro-shpk,J93316647D,Gjirokastër,GJ-1,Vlorë,VL-28,07:45,10:09,144.9,120.8,1,"1,2,3,4,5,6,7",8/3/2026,60,0,0,True,4
Dropull,Tiranë,GJ10,Dropull - Tiranë - Dropull,BEST TRAVEL - GJIROKASTRA,https://www.dpshtrr.al/operatoret/best-travel-gjirokastra,L63112601P,Dropull,GJ-11,Tiranë Veri-Jug,TR-2,08:00,12:52,292.6,243.8,1,"1,2,3,4,5,6,7",8/3/2026,60,0,0,True,3
Dropull,Tiranë,GJ4,Gjirokastër - Berat - Gjirokastër,ARGJIRO,https://www.dpshtrr.al/operatoret/argjiro-shpk,J93316647D,Gjirokastër,GJ-1,Berat,BR-1,08:30,11:59,209.5,174.5,1,"1,2,3,4,5,6,7",8/3/2026,60,0,0,True,4
Dropull,Tiranë,BR29,Berat - Fier - Berat,AIDA - TRANS 02,https://www.dpshtrr.al/operatoret/aida-trans-02-shpk,K32515186K,Berat,BR-1,Fier,FR-8,12:30,13:21,51.8,43.1,1,"1,2,3,4,5,6,7",8/3/2026,60,0,0,True,4
Dropull,Tiranë,GJ1,Gjirokastër - Elbasan - Gjirokastër,ARGJIRO,https://www.dpshtrr.al/operatoret/argjiro-shpk,J93316647D,Gjirokastër,GJ-1,"Elbasan ""Kryqezimi i Cerrikut""",EL-4,07:15,11:21,246.4,205.3,1,"1,2,3,4,5,6,7",8/3/2026,60,0,0,True,2
Dropull,Tiranë,EL2,Elbasan – Berat – Elbasan,ARBESA,https://www.dpshtrr.al/operatoret/arbesa-el-shpk,K73417202K,Berat,BR-1,"Elbasan ""Kryqezimi i Cerrikut""",EL-4,12:00,13:56,116.2,96.8,1,"1,2,3,4,5,6,7",8/3/2026,60,0,0,True,4
Dropull,Tiranë,GJ3,Gjirokastër - Sarandë - Gjirokastër,ARGJIRO,https://www.dpshtrr.al/operatoret/argjiro-shpk,J93316647D,Gjirokastër,GJ-1,Sarandë,SR-7,09:00,10:01,61.8,51.4,1,"1,2,3,4,5,6,7",8/3/2026,60,0,0,True,4
Dropull,Tiranë,FR14,Fier – Lushnje – Fier,JURVIS,https://www.dpshtrr.al/operatoret/jurvis-shpk,K92626401T,Fier,FR-8,Lushnjë,LU-1,13:30,14:03,33.5,28.0,1,"1,2,3,4,5,6,7",8/3/2026,60,0,0,True,4
Dropull,Tiranë,GJ3,Gjirokastër - Sarandë - Gjirokastër,ARGJIRO,https://www.dpshtrr.al/operatoret/argjiro-shpk,J93316647D,Gjirokastër,GJ-1,Sarandë,SR-7,10:00,11:01,61.8,51.4,1,"1,2,3,4,5,6,7",8/3/2026,60,0,0,True,3
Dropull,Tiranë,EL4,Elbasan – Sarandë – Elbasan,GUCAJ A & R,https://www.dpshtrr.al/operatoret/gucaj-ar-shpk,K72812202S,Sarandë,SR-7,"Elbasan ""Kryqezimi i Cerrikut""",EL-4,11:35,16:13,278.5,232.0,1,"1,2,3,4,5,6,7",8/3/2026,60,0,0,True,3
Dropull,Tiranë,TR43,Tiranë – Elbasan – Tiranë,EL ALBA 2,https://www.dpshtrr.al/operatoret/elalba-2-shpk,K21402001V,"Elbasan ""Kryqezimi i Cerrikut""",EL-4,Tiranë Jug-Lindje,TR-1,18:00,18:39,39.1,33.1,1,"1,2,3,4,5,6,7",8/3/2026,60,0,0,True,3
Dropull,Tiranë,VL17,Vlorë - Sarandë - Vlorë (me kalim nga Bregu),BORAKU,https://www.dpshtrr.al/operatoret/boraku-shpk,K36406218M,Sarandë,SR-7,Vlorë,VL-28,10:30,13:04,154.4,128.7,1,"1,2,3,4,5,6,7",8/3/2026,60,0,0,True,4
Dropull,Tiranë,FR3,Fier – Vlorë  – Fier,ARJANI,https://www.dpshtrr.al/operatoret/arjani-shpk,J63208424W,Vlorë,VL-28,Fier,FR-8,13:30,14:14,44.5,37.1,1,"1,2,3,4,5,6,7",8/3/2026,60,0,0,True,4
Dropull,Tiranë,GJ6,Gjirokastër - Tiranë - Gjirokastër,ARGJIRO,https://www.dpshtrr.al/operatoret/argjiro-shpk,J93316647D,Gjirokastër,GJ-1,Tiranë Veri-Jug,TR-2,10:00,14:28,268.4,223.6,1,"1,2,3,4,5,6,7",8/3/2026,60,0,0,True,3
Dropull,Tiranë,GJ6,Gjirokastër - Tiranë - Gjirokastër,ARGJIRO,https://www.dpshtrr.al/operatoret/argjiro-shpk,J93316647D,Gjirokastër,GJ-1,Tiranë Veri-Jug,TR-2,07:00,11:28,268.4,223.6,1,"1,2,3,4,5,6,7",8/3/2026,60,0,0,True,1
Dropull,Tiranë,GJ6,Gjirokastër - Tiranë - Gjirokastër,ARGJIRO,https://www.dpshtrr.al/operatoret/argjiro-shpk,J93316647D,Gjirokastër,GJ-1,Tiranë Veri-Jug,TR-2,08:00,12:28,268.4,223.6,1,"1,2,3,4,5,6,7",8/3/2026,60,0,0,True,1
Dropull,Tiranë,GJ6,Gjirokastër - Tiranë - Gjirokastër,ARGJIRO,https://www.dpshtrr.al/operatoret/argjiro-shpk,J93316647D,Gjirokastër,GJ-1,Tiranë Veri-Jug,TR-2,09:00,13:28,268.4,223.6,1,"1,2,3,4,5,6,7",8/3/2026,60,0,0,True,1
Dropull,Tiranë,TR14,Tiranë – Fier – Tiranë,KLID EKSPRESS,https://www.dpshtrr.al/operatoret/klid-ekspres-shpk,K22301004Q,Fier,FR-8,Tiranë Veri-Jug,TR-2,13:00,15:09,129.0,107.5,1,"1,2,3,4,5,6,7",8/3/2026,60,0,0,True,2
Durrës,Bajram Curri,DR32,Durrës – B. Curri – Durrës,RILINDI,https://www.dpshtrr.al/operatoret/rilindi-shpk,K49326636A,Durrës Stacioni i Trenit,DR-1,Bajram Curri,BC-1,06:00,10:54,294.9,245.7,1,"1,2,3,4,5,6,7",8/3/2026,60,0,0,True,0
Durrës,Bajram Curri,KU9,B. Curri - Durrës - B. Curri,RILINDI,https://www.dpshtrr.al/operatoret/rilindi-shpk,K49326636A,Durrës Stacioni i Trenit,DR-1,Bajram Curri,BC-1,06:00,10:56,296.2,246.7,1,"1,2,3,4,5,6,7",8/3/2026,60,0,0,True,0
Durrës,Bajram Curri,DR6,Durrës – Tiranë – Durrës,DEMOKRACIA 95,https://www.dpshtrr.al/operatoret/demokracia-95-shpk,K31601531F,Durrës Stacioni i Trenit,DR-1,Tiranë Veri-Jug,TR-2,06:00,06:40,40.2,33.5,1,"1,2,3,4,5,6,7",8/3/2026,60,0,0,True,1
Durrës,Bajram Curri,KU10,B. Curri - Krumë - Kukës -Tiranë- B. Curri,ABADONI,https://www.dpshtrr.al/operatoret/abadoni-shpk,L01320013P,Tiranë Veri-Jug,TR-2,Bajram Curri,BC-1,07:00,11:34,274.7,228.9,1,"1,2,3,4,5,6,7",8/3/2026,60,0,0,True,1
Durrës,Bajram Curri,DR6,Durrës – Tiranë – Durrës,DEMOKRACIA 95,https://www.dpshtrr.al/operatoret/demokracia-95-shpk,K31601531F,Durrës Stacioni i Trenit,DR-1,Tiranë Veri-Jug,TR-2,06:20,07:00,40.2,33.5,1,"1,2,3,4,5,6,7",8/3/2026,60,0,0,True,1
Durrës,Bajram Curri,TR29,Tiranë – B. Curri – Tiranë (me kalim nga Qafa e Malit),SIGAL BUSINESS CENTER,http://dpshtrr.al,L32202049T,Tiranë Veri-Jug,TR-2,Bajram Curri,BC-1,08:00,12:21,261.0,217.4,1,"1,2,3,4,5,6,7",8/3/2026,60,0,0,True,1
Durrës,Bajram Curri,DR6,Durrës – Tiranë – Durrës,DEMOKRACIA 95,https://www.dpshtrr.al/operatoret/demokracia-95-shpk,K31601531F,Durrës Stacioni i Trenit,DR-1,Tiranë Veri-Jug,TR-2,06:40,07:20,40.2,33.5,1,"1,2,3,4,5,6,7",8/3/2026,60,0,0,True,1
Durrës,Bajram Curri,TR52,Tiranë – Kukës – Morinë (AL)/Vermicë (KS) – Gjakovë – Qafë Morinë (AL)/(KS) – Bajram Curri – Tiranë,DRIAGONA,https://www.dpshtrr.al/operatoret/driagona-shpk,K22006002Q,Tiranë Veri-Jug,TR-2,Bajram Curri,BC-1,08:00,12:48,288.8,240.6,1,"1,3,5,7",8/3/2026,60,0,0,True,1
Durrës,Bajram Curri,DR43,Durrës – Shijak – Durrës,ANDROMEDA GROUP,https://www.dpshtrr.al/operatoret/andromeda-group-shpk,L61307527C,Durrës Stacioni i Trenit,DR-1,Shijak,DR-16,06:00,06:16,16.1,13.4,1,"1,2,3,4,5,6,7",8/3/2026,60,0,0,True,2
Durrës,Bajram Curri,DR54,Shijak – Tiranë – Shijak,ERZENI TRANS,https://www.dpshtrr.al/operatoret/erzeni-trans-shpk,K31527595W,Shijak,DR-16,Tiranë Veri-Jug,TR-2,06:30,06:58,28.5,23.8,1,"1,2,3,4,5,6,7",8/3/2026,60,0,0,True,2
Durrës,Bajram Curri,TR52,Tiranë – Kukës – Morinë (AL)/Vermicë (KS) – Gjakovë – Qafë Morinë (AL)/(KS) – Bajram Curri – Tiranë,DRIAGONA,https://www.dpshtrr.al/operatoret/driagona-shpk,K22006002Q,Tiranë Veri-Jug,TR-2,Bajram Curri,BC-1,09:00,13:48,288.8,240.6,1,"1,3,5,7",8/3/2026,60,0,0,True,2
Durrës,Bajram Curri,DR6,Durrës – Tiranë – Durrës,DEMOKRACIA 95,https://www.dpshtrr.al/operatoret/demokracia-95-shpk,K31601531F,Durrës Stacioni i Trenit,DR-1,Tiranë Veri-Jug,TR-2,07:20,08:00,40.2,33.5,1,"1,2,3,4,5,6,7",8/3/2026,60,0,0,True,1
Durrës,Bajram Curri,TR29,Tiranë – B. Curri – Tiranë (me kalim nga Qafa e Malit),SIGAL BUSINESS CENTER,http://dpshtrr.al,L32202049T,Tiranë Veri-Jug,TR-2,Bajram Curri,BC-1,10:00,14:21,261.0,217.4,1,"1,2,3,4,5,6,7",8/3/2026,60,0,0,True,1
Durrës,Bajram Curri,TR65,"Tiranë – Durrës – Tiranë (me kalim nga Plepat, Ndroq)",RIKI TRANS,https://www.dpshtrr.al/operatoret/riki-trans-shpk,L71309505G,Durrës (Plepa),DR-3,Tiranë Veri-Jug,TR-2,06:30,07:11,41.6,34.7,1,"1,2,3,4,5,6,7",8/3/2026,60,0,0,True,1
Durrës,Bajram Curri,TR65,"Tiranë – Durrës – Tiranë (me kalim nga Plepat, Ndroq)",RIKI TRANS,https://www.dpshtrr.al/operatoret/riki-trans-shpk,L71309505G,Durrës (Plepa),DR-3,Tiranë Veri-Jug,TR-2,07:00,07:41,41.6,34.7,1,"1,2,3,4,5,6,7",8/3/2026,60,0,0,True,1
Durrës,Bajram Curri,TR65,"Tiranë – Durrës – Tiranë (me kalim nga Plepat, Ndroq)",RIKI TRANS,https://www.dpshtrr.al/operatoret/riki-trans-shpk,L71309505G,Durrës (Plepa),DR-3,Tiranë Veri-Jug,TR-2,07:30,08:11,41.6,34.7,1,"1,2,3,4,5,6,7",8/3/2026,60,0,0,True,1
Durrës,Bajram Curri,TR52,Tiranë – Kukës – Morinë (AL)/Vermicë (KS) – Gjakovë – Qafë Morinë (AL)/(KS) – Bajram Curri – Tiranë,DRIAGONA,https://www.dpshtrr.al/operatoret/driagona-shpk,K22006002Q,Tiranë Veri-Jug,TR-2,Bajram Curri,BC-1,10:00,14:48,288.8,240.6,1,"1,3,5,7",8/3/2026,60,0,0,True,1
Durrës,Bajram Curri,KU10,B. Curri - Krumë - Kukës -Tiranë- B. Curri,ABADONI,https://www.dpshtrr.al/operatoret/abadoni-shpk,L01320013P,Tiranë Veri-Jug,TR-2,Bajram Curri,BC-1,11:00,15:34,274.7,228.9,1,"1,2,3,4,5,6,7",8/3/2026,60,0,0,True,1
Durrës,Bajram Curri,KU7,"B. Curri - Koman - Tiranë - B. Curri (ky itinerar realizohet pjeserisht me anije mbi liqenin e ""Fierzes"")",RILINDI,https://www.dpshtrr.al/operatoret/rilindi-shpk,K49326636A,Tiranë Veri-Jug,TR-2,Bajram Curri,BC-1,13:00,16:21,201.8,168.2,1,"1,2,3,4,5,6,7",8/3/2026,60,0,0,True,1
Durrës,Bajram Curri,DR45,Golem – Durrës - Golem,F.D.A LINE BUS,https://www.dpshtrr.al/operatoret/fda-line-bus-shpk,L01510503R,Plepa-Durres,DR-7,Durrës Stacioni i Trenit,DR-1,06:48,07:12,24.2,8.1,1,"1,2,3,4,5,6,7",8/3/2026,60,0,0,True,2
Durrës,Bajram Curri,DR44,Durrës – Golem – Durrës,F.D.A LINE BUS,https://www.dpshtrr.al/operatoret/fda-line-bus-shpk,L01510503R,Plepa-Durres,DR-7,Durrës Stacioni i Trenit,DR-1,07:18,07:42,24.2,8.1,1,"1,2,3,4,5,6,7",8/3/2026,60,0,0,True,2
Durrës,Bajram Curri,DR6,Durrës – Tiranë – Durrës,DEMOKRACIA 95,https://www.dpshtrr.al/operatoret/demokracia-95-shpk,K31601531F,Durrës Stacioni i Trenit,DR-1,Tiranë Veri-Jug,TR-2,08:00,08:40,40.2,33.5,1,"1,2,3,4,5,6,7",8/3/2026,60,0,0,True,2
Durrës,Bajram Curri,DR45,Golem – Durrës - Golem,F.D.A LINE BUS,https://www.dpshtrr.al/operatoret/fda-line-bus-shpk,L01510503R,Plepa-Durres,DR-7,Durrës Stacioni i Trenit,DR-1,07:48,08:12,24.2,8.1,1,"1,2,3,4,5,6,7",8/3/2026,60,0,0,True,2
Durrës,Bajram Curri,DR6,Durrës – Tiranë – Durrës,DEMOKRACIA 95,https://www.dpshtrr.al/operatoret/demokracia-95-shpk,K31601531F,Durrës Stacioni i Trenit,DR-1,Tiranë Veri-Jug,TR-2,08:20,09:00,40.2,33.5,1,"1,2,3,4,5,6,7",8/3/2026,60,0,0,True,2
Durrës,Bajram Curri,DR45,Golem – Durrës - Golem,F.D.A LINE BUS,https://www.dpshtrr.al/operatoret/fda-line-bus-shpk,L01510503R,Plepa-Durres,DR-7,Durrës Stacioni i Trenit,DR-1,08:48,09:12,24.2,8.1,1,"1,2,3,4,5,6,7",8/3/2026,60,0,0,True,2
Durrës,Bajram Curri,TR12,Tiranë – Durrës – Tiranë,EL ALBA - 1,https://www.dpshtrr.al/operatoret/elalba-1-shpk,K12202003J,Durrës Stacioni i Trenit,DR-1,Tiranë Veri-Jug,TR-2,09:15,09:55,40.2,33.5,1,"1,2,3,4,5,6,7",8/3/2026,60,0,0,True,2
Durrës,Bajram Curri,DR44,Durrës – Golem – Durrës,F.D.A LINE BUS,https://www.dpshtrr.al/operatoret/fda-line-bus-shpk,L01510503R,Plepa-Durres,DR-7,Durrës Stacioni i Trenit,DR-1,09:18,09:42,24.2,8.1,1,"1,2,3,4,5,6,7",8/3/2026,60,0,0,True,2
Durrës,Bajram Curri,TR12,Tiranë – Durrës – Tiranë,EL ALBA - 1,https://www.dpshtrr.al/operatoret/elalba-1-shpk,K12202003J,Durrës Stacioni i Trenit,DR-1,Tiranë Veri-Jug,TR-2,10:00,10:40,40.2,33.5,1,"1,2,3,4,5,6,7",8/3/2026,60,0,0,True,2
Durrës,Bajram Curri,DR45,Golem – Durrës - Golem,F.D.A LINE BUS,https://www.dpshtrr.al/operatoret/fda-line-bus-shpk,L01510503R,Plepa-Durres,DR-7,Durrës Stacioni i Trenit,DR-1,09:48,10:12,24.2,8.1,1,"1,2,3,4,5,6,7",8/3/2026,60,0,0,True,2
Durrës,Bajram Curri,TR12,Tiranë – Durrës – Tiranë,EL ALBA - 1,https://www.dpshtrr.al/operatoret/elalba-1-shpk,K12202003J,Durrës Stacioni i Trenit,DR-1,Tiranë Veri-Jug,TR-2,10:30,11:10,40.2,33.5,1,"1,2,3,4,5,6,7",8/3/2026,60,0,0,True,2
Durrës,Bajram Curri,TR52,Tiranë – Kukës – Morinë (AL)/Vermicë (KS) – Gjakovë – Qafë Morinë (AL)/(KS) – Bajram Curri – Tiranë,DRIAGONA,https://www.dpshtrr.al/operatoret/driagona-shpk,K22006002Q,Tiranë Veri-Jug,TR-2,Bajram Curri,BC-1,12:00,16:48,288.8,240.6,1,"1,3,5,7",8/3/2026,60,0,0,True,2
Durrës,Bajram Curri,DR44,Durrës – Golem – Durrës,F.D.A LINE BUS,https://www.dpshtrr.al/operatoret/fda-line-bus-shpk,L01510503R,Plepa-Golem,DR-15,Golem,DR-22,06:22,06:41,18.4,6.1,1,"1,2,3,4,5,6,7",8/3/2026,60,0,0,True,3
Durrës,Bajram Curri,DR44,Durrës – Golem – Durrës,F.D.A LINE BUS,https://www.dpshtrr.al/operatoret/fda-line-bus-shpk,L01510503R,Golem,DR-22,Durrës Stacioni i Trenit,DR-1,07:00,07:42,42.3,14.1,1,"1,2,3,4,5,6,7",8/3/2026,60,0,0,True,3
Durrës,Bajram Curri,DR44,Durrës – Golem – Durrës,F.D.A LINE BUS,https://www.dpshtrr.al/operatoret/fda-line-bus-shpk,L01510503R,Plepa-Golem,DR-15,Golem,DR-22,07:22,07:41,18.4,6.1,1,"1,2,3,4,5,6,7",8/3/2026,60,0,0,True,3
Durrës,Bajram Curri,DR44,Durrës – Golem – Durrës,F.D.A LINE BUS,https://www.dpshtrr.al/operatoret/fda-line-bus-shpk,L01510503R,Golem,DR-22,Durrës Stacioni i Trenit,DR-1,08:00,08:42,42.3,14.1,1,"1,2,3,4,5,6,7",8/3/2026,60,0,0,True,3
Durrës,Bajram Curri,DR6,Durrës – Tiranë – Durrës,DEMOKRACIA 95,https://www.dpshtrr.al/operatoret/demokracia-95-shpk,K31601531F,Durrës Stacioni i Trenit,DR-1,Tiranë Veri-Jug,TR-2,09:00,09:40,40.2,33.5,1,"1,2,3,4,5,6,7",8/3/2026,60,0,0,True,3
Durrës,Bajram Curri,DR45,Golem – Durrës - Golem,F.D.A LINE BUS,https://www.dpshtrr.al/operatoret/fda-line-bus-shpk,L01510503R,Plepa-Golem,DR-15,Golem,DR-22,07:52,08:11,18.4,6.1,1,"1,2,3,4,5,6,7",8/3/2026,60,0,0,True,3
Durrës,Bajram Curri,DR45,Golem – Durrës - Golem,F.D.A LINE BUS,https://www.dpshtrr.al/operatoret/fda-line-bus-shpk,L01510503R,Golem,DR-22,Durrës Stacioni i Trenit,DR-1,08:30,09:12,42.3,14.1,1,"1,2,3,4,5,6,7",8/3/2026,60,0,0,True,3
Durrës,Bajram Curri,DR44,Durrës – Golem – Durrës,F.D.A LINE BUS,https://www.dpshtrr.al/operatoret/fda-line-bus-shpk,L01510503R,Plepa-Golem,DR-15,Golem,DR-22,08:22,08:41,18.4,6.1,1,"1,2,3,4,5,6,7",8/3/2026,60,0,0,True,3
Durrës,Bajram Curri,DR44,Durrës – Golem – Durrës,F.D.A LINE BUS,https://www.dpshtrr.al/operatoret/fda-line-bus-shpk,L01510503R,Golem,DR-22,Durrës Stacioni i Trenit,DR-1,09:00,09:42,42.3,14.1,1,"1,2,3,4,5,6,7",8/3/2026,60,0,0,True,3
Durrës,Bajram Curri,DR45,Golem – Durrës - Golem,F.D.A LINE BUS,https://www.dpshtrr.al/operatoret/fda-line-bus-shpk,L01510503R,Plepa-Golem,DR-15,Golem,DR-22,08:52,09:11,18.4,6.1,1,"1,2,3,4,5,6,7",8/3/2026,60,0,0,True,3
Durrës,Bajram Curri,DR45,Golem – Durrës - Golem,F.D.A LINE BUS,https://www.dpshtrr.al/operatoret/fda-line-bus-shpk,L01510503R,Golem,DR-22,Durrës Stacioni i Trenit,DR-1,09:30,10:12,42.3,14.1,1,"1,2,3,4,5,6,7",8/3/2026,60,0,0,True,3
Durrës,Bajram Curri,DR44,Durrës – Golem – Durrës,F.D.A LINE BUS,https://www.dpshtrr.al/operatoret/fda-line-bus-shpk,L01510503R,Plepa-Golem,DR-15,Golem,DR-22,09:22,09:41,18.4,6.1,1,"1,2,3,4,5,6,7",8/3/2026,60,0,0,True,3
Durrës,Bajram Curri,DR44,Durrës – Golem – Durrës,F.D.A LINE BUS,https://www.dpshtrr.al/operatoret/fda-line-bus-shpk,L01510503R,Golem,DR-22,Durrës Stacioni i Trenit,DR-1,10:00,10:42,42.3,14.1,1,"1,2,3,4,5,6,7",8/3/2026,60,0,0,True,3
Durrës,Bajram Curri,TR12,Tiranë – Durrës – Tiranë,EL ALBA - 1,https://www.dpshtrr.al/operatoret/elalba-1-shpk,K12202003J,Durrës Stacioni i Trenit,DR-1,Tiranë Veri-Jug,TR-2,11:00,11:40,40.2,33.5,1,"1,2,3,4,5,6,7",8/3/2026,60,0,0,True,3
Durrës,Bajram Curri,DR45,Golem – Durrës - Golem,F.D.A LINE BUS,https://www.dpshtrr.al/operatoret/fda-line-bus-shpk,L01510503R,Plepa-Golem,DR-15,Golem,DR-22,09:52,10:11,18.4,6.1,1,"1,2,3,4,5,6,7",8/3/2026,60,0,0,True,3
Durrës,Bajram Curri,DR45,Golem – Durrës - Golem,F.D.A LINE BUS,https://www.dpshtrr.al/operatoret/fda-line-bus-shpk,L01510503R,Golem,DR-22,Durrës Stacioni i Trenit,DR-1,10:30,11:12,42.3,14.1,1,"1,2,3,4,5,6,7",8/3/2026,60,0,0,True,3
Durrës,Bajram Curri,TR12,Tiranë – Durrës – Tiranë,EL ALBA - 1,https://www.dpshtrr.al/operatoret/elalba-1-shpk,K12202003J,Durrës Stacioni i Trenit,DR-1,Tiranë Veri-Jug,TR-2,11:30,12:10,40.2,33.5,1,"1,2,3,4,5,6,7",8/3/2026,60,0,0,True,3
Durrës,Bajram Curri,TR52,Tiranë – Kukës – Morinë (AL)/Vermicë (KS) – Gjakovë – Qafë Morinë (AL)/(KS) – Bajram Curri – Tiranë,DRIAGONA,https://www.dpshtrr.al/operatoret/driagona-shpk,K22006002Q,Tiranë Veri-Jug,TR-2,Bajram Curri,BC-1,14:00,18:48,288.8,240.6,1,"1,3,5,7",8/3/2026,60,0,0,True,3
Durrës,Bajram Curri,DR44,Durrës – Golem – Durrës,F.D.A LINE BUS,https://www.dpshtrr.al/operatoret/fda-line-bus-shpk,L01510503R,Plepa-Golem,DR-15,Golem,DR-22,10:22,10:41,18.4,6.1,1,"1,2,3,4,5,6,7",8/3/2026,60,0,0,True,3
Durrës,Bajram Curri,DR44,Durrës – Golem – Durrës,F.D.A LINE BUS,https://www.dpshtrr.al/operatoret/fda-line-bus-shpk,L01510503R,Golem,DR-22,Durrës Stacioni i Trenit,DR-1,11:00,11:42,42.3,14.1,1,"1,2,3,4,5,6,7",8/3/2026,60,0,0,True,3
Durrës,Bajram Curri,TR12,Tiranë – Durrës – Tiranë,EL ALBA - 1,https://www.dpshtrr.al/operatoret/elalba-1-shpk,K12202003J,Durrës Stacioni i Trenit,DR-1,Tiranë Veri-Jug,TR-2,12:00,12:40,40.2,33.5,1,"1,2,3,4,5,6,7",8/3/2026,60,0,0,True,3
Durrës,Bajram Curri,KU10,B. Curri - Krumë - Kukës -Tiranë- B. Curri,ABADONI,https://www.dpshtrr.al/operatoret/abadoni-shpk,L01320013P,Tiranë Veri-Jug,TR-2,Bajram Curri,BC-1,14:30,19:04,274.7,228.9,1,"1,2,3,4,5,6,7",8/3/2026,60,0,0,True,3
Durrës,Belsh,EL31,Belsh – Elbasan – Belsh,LIQENI EXPRES SHPK,https://www.dpshtrr.al/operatoret/liqeni-express-shpk,L63622202S,"Elbasan ""Kryqezimi i Cerrikut""",EL-4,Belsh,El-23,08:45,09:21,36.5,30.4,1,"1,2,3,4,5,6,7",8/3/2026,60,0,0,True,2
Durrës,Belsh,TR28,Tiranë – Lushnjë – Tiranë,PIKO,https://www.dpshtrr.al/operatoret/piko-shpk,K22301006J,Tiranë Veri-Jug,TR-2,Lushnjë,LU-1,07:10,08:48,98.1,81.7,1,"1,2,3,4,5,6,7",8/3/2026,60,0,0,True,2
Durrës,Belsh,DR4,Durrës – Kavajë – Durrës,SHQIPONJA,https://www.dpshtrr.al/operatoret/shqiponja-shpk,K23206026B,Durrës Stacioni i Trenit,DR-1,Kavaje (ish Agjencia),KJ-5,07:00,07:25,25.1,20.9,1,"1,2,3,4,5,6,7",8/3/2026,60,0,0,True,4
Durrës,Belsh,TR76,Kavajë – Rrogozhinë – Kavajë,LOSHI TOURS,https://www.dpshtrr.al/operatoret/loshi-tours-shpk,L52907801A,Kavaje (ish Agjencia),KJ-5,Rrogozhine,KJ-4,07:30,07:51,21.4,17.8,1,"1,2,3,4,5,6,7",8/3/2026,60,0,0,True,4
Durrës,Belsh,DR58,Shijak – Librazhd – Shijak,VËLLEZËRIT SHKALLA,https://www.dpshtrr.al/operatoret/vellezerit-shkalla,L01621503G,Shijak,DR-16,Librazhd,LB-3,07:30,09:40,130.8,109.0,1,"1,2,3,4,5,6,7",8/3/2026,60,0,0,True,3
Durrës,Belsh,EL21,Elbasan – Librazhd – Elbasan,NE-ER,https://www.dpshtrr.al/operatoret/ne-er-shpk,L52519213M,Librazhd,LB-3,"Elbasan ""Kryqezimi i Cerrikut""",EL-4,10:00,10:29,30.0,25.0,1,"1,2,3,4,5,6,7",8/3/2026,60,0,0,True,3
Durrës,Belsh,EL31,Belsh – Elbasan – Belsh,LIQENI EXPRES SHPK,https://www.dpshtrr.al/operatoret/liqeni-express-shpk,L63622202S,"Elbasan ""Kryqezimi i Cerrikut""",EL-4,Belsh,El-23,10:45,11:21,36.5,30.4,1,"1,2,3,4,5,6,7",8/3/2026,60,0,0,True,3
Durrës,Belsh,EL53,Cërrik – Elbasan – Cërrik,GOSTIMA,https://www.dpshtrr.al/operatoret/gostima-2003-shpk,K33128202G,"Elbasan ""Kryqezimi i Cerrikut""",EL-4,Cerrik,EL-12,10:30,10:48,18.9,15.8,1,"1,2,3,4,5,6,7",8/3/2026,60,0,0,True,4
Durrës,Belsh,EL54,Cërrik – Belsh – Cërrik,ERENER-TRANS,https://www.dpshtrr.al/operatoret/erener-trans-shpk,K42727207M,Cerrik,EL-12,Belsh,El-23,11:20,11:31,12.0,10.0,1,"1,2,3,4,5,6,7",8/3/2026,60,0,0,True,4
Durrës,Belsh,EL31,Belsh – Elbasan – Belsh,LIQENI EXPRES SHPK,https://www.dpshtrr.al/operatoret/liqeni-express-shpk,L63622202S,"Elbasan ""Kryqezimi i Cerrikut""",EL-4,Belsh,El-23,11:45,12:21,36.5,30.4,1,"1,2,3,4,5,6,7",8/3/2026,60,0,0,True,3
Durrës,Belsh,DR4,Durrës – Kavajë – Durrës,SHQIPONJA,https://www.dpshtrr.al/operatoret/shqiponja-shpk,K23206026B,Durrës Stacioni i Trenit,DR-1,Kavaje (ish Agjencia),KJ-5,07:30,07:55,25.1,20.9,1,"1,2,3,4,5,6,7",8/3/2026,60,0,0,True,2
Durrës,Belsh,EL17,Elbasan – Belsh – Elbasan,LADI TRANS,https://www.dpshtrr.al/operatoret/ladi-trans-shpk,L33102203A,"Elbasan ""Kryqezimi i Cerrikut""",EL-4,Belsh,El-23,12:15,12:51,36.5,30.4,1,"1,2,3,4,5,6,7",8/3/2026,60,0,0,True,2
Durrës,Belsh,DR6,Durrës – Tiranë – Durrës,DEMOKRACIA 95,https://www.dpshtrr.al/operatoret/demokracia-95-shpk,K31601531F,Durrës Stacioni i Trenit,DR-1,Tiranë Veri-Jug,TR-2,07:00,07:40,40.2,33.5,1,"1,2,3,4,5,6,7",8/3/2026,60,0,0,True,3
Durrës,Belsh,TR14,Tiranë – Fier – Tiranë,KLID EKSPRESS,https://www.dpshtrr.al/operatoret/klid-ekspres-shpk,K22301004Q,Tiranë Veri-Jug,TR-2,Fier,FR-8,08:00,10:11,131.5,109.6,1,"1,2,3,4,5,6,7",8/3/2026,60,0,0,True,3
Durrës,Belsh,EL31,Belsh – Elbasan – Belsh,LIQENI EXPRES SHPK,https://www.dpshtrr.al/operatoret/liqeni-express-shpk,L63622202S,"Elbasan ""Kryqezimi i Cerrikut""",EL-4,Belsh,El-23,12:45,13:21,36.5,30.4,1,"1,2,3,4,5,6,7",8/3/2026,60,0,0,True,3
Durrës,Belsh,DR36,Durrës – Belsh – Durrës,TEUTA - 95,https://www.dpshtrr.al/operatoret/teuta-95-shpk,K31529513G,Durrës (Plepa),DR-3,Belsh,El-23,06:40,07:49,69.4,57.8,1,"1,2,3,4,5,6,7",8/3/2026,60,0,0,True,0
Durrës,Belsh,DR20,Durrës – Cërrik – Durrës,ALDARS,http://dpshtrr.al,K61905503J,Durrës (Plepa),DR-3,Cerrik,EL-12,06:50,08:04,74.3,61.9,1,"1,2,3,4,5,6,7",8/3/2026,60,0,0,True,1
Durrës,Belsh,DR5,Durrës – Elbasan – Durrës,TEUTA - 95,https://www.dpshtrr.al/operatoret/teuta-95-shpk,K31529513G,Durrës (Plepa),DR-3,"Elbasan ""Kryqezimi i Cerrikut""",EL-4,06:30,08:04,94.2,78.5,1,"1,2,3,4,5,6,7",8/3/2026,60,0,0,True,1
Durrës,Belsh,DR28,Durrës – Lushnje – Durrës,XHESI TURIST,https://www.dpshtrr.al,M32407505V,Durrës (Plepa),DR-3,Lushnjë,LU-1,07:15,08:08,53.4,44.5,1,"1,2,3,4,5,6,7",8/3/2026,60,0,0,True,1
Durrës,Belsh,EL17,Elbasan – Belsh – Elbasan,LADI TRANS,https://www.dpshtrr.al/operatoret/ladi-trans-shpk,L33102203A,"Elbasan ""Kryqezimi i Cerrikut""",EL-4,Belsh,El-23,09:15,09:51,36.5,30.4,1,"1,2,3,4,5,6,7",8/3/2026,60,0,0,True,1
Durrës,Belsh,DR13,Durrës – Librazhd – Durrës,TEUTA - 95,https://www.dpshtrr.al/operatoret/teuta-95-shpk,K31529513G,Durrës (Plepa),DR-3,Librazhd,LB-3,07:00,08:57,117.2,97.6,1,"1,2,3,4,5,6,7",8/3/2026,60,0,0,True,2
Durrës,Belsh,EL31,Belsh – Elbasan – Belsh,LIQENI EXPRES SHPK,https://www.dpshtrr.al/operatoret/liqeni-express-shpk,L63622202S,"Elbasan ""Kryqezimi i Cerrikut""",EL-4,Belsh,El-23,09:45,10:21,36.5,30.4,1,"1,2,3,4,5,6,7",8/3/2026,60,0,0,True,2
Durrës,Belsh,EL46,Cërrik – Papër – Rrogozhinë – Durrës,ERENER-TRANS,https://www.dpshtrr.al/operatoret/erener-trans-shpk,K42727207M,Durrës (Plepa),DR-3,Cerrik,EL-12,11:00,12:14,74.3,61.9,1,"1,2,3,4,5,6,7",8/3/2026,60,0,0,True,1
Durrës,Belsh,EL54,Cërrik – Belsh – Cërrik,ERENER-TRANS,https://www.dpshtrr.al/operatoret/erener-trans-shpk,K42727207M,Cerrik,EL-12,Belsh,El-23,12:20,12:31,12.0,10.0,1,"1,2,3,4,5,6,7",8/3/2026,60,0,0,True,1
Durrës,Belsh,DR44,Durrës – Golem – Durrës,F.D.A LINE BUS,https://www.dpshtrr.al/operatoret/fda-line-bus-shpk,L01510503R,Plepa-Durres,DR-7,Durrës Stacioni i Trenit,DR-1,08:18,08:42,24.2,8.1,1,"1,2,3,4,5,6,7",8/3/2026,60,0,0,True,4
Durrës,Belsh,EL1,Elbasan – Durrës – Elbasan,TRANSEL,https://www.dpshtrr.al/operatoret/transel-shpk,K63320202V,Durrës (Plepa),DR-3,"Elbasan ""Kryqezimi i Cerrikut""",EL-4,12:10,13:38,88.6,73.8,1,"1,2,3,4,5,6,7",8/3/2026,60,0,0,True,4
Durrës,Belsh,EL31,Belsh – Elbasan – Belsh,LIQENI EXPRES SHPK,https://www.dpshtrr.al/operatoret/liqeni-express-shpk,L63622202S,"Elbasan ""Kryqezimi i Cerrikut""",EL-4,Belsh,El-23,13:45,14:21,36.5,30.4,1,"1,2,3,4,5,6,7",8/3/2026,60,0,0,True,4
Durrës,Belsh,EL30,Belsh – Lushnje – Belsh,LIQENI EXPRES SHPK,https://www.dpshtrr.al/operatoret/liqeni-express-shpk,L63622202S,Lushnjë,LU-1,Belsh,El-23,14:00,14:30,30.1,25.1,1,"1,2,3,4,5,6,7",8/3/2026,60,0,0,True,3
Durrës,Belsh,EL46,Cërrik – Papër – Rrogozhinë – Durrës,ERENER-TRANS,https://www.dpshtrr.al/operatoret/erener-trans-shpk,K42727207M,Durrës (Plepa),DR-3,Cerrik,EL-12,13:00,14:14,74.3,61.9,1,"1,2,3,4,5,6,7",8/3/2026,60,0,0,True,4
Durrës,Belsh,EL54,Cërrik – Belsh – Cërrik,ERENER-TRANS,https://www.dpshtrr.al/operatoret/erener-trans-shpk,K42727207M,Cerrik,EL-12,Belsh,El-23,14:20,14:31,12.0,10.0,1,"1,2,3,4,5,6,7",8/3/2026,60,0,0,True,4
Durrës,Belsh,DR44,Durrës – Golem – Durrës,F.D.A LINE BUS,https://www.dpshtrr.al/operatoret/fda-line-bus-shpk,L01510503R,Plepa-Durres,DR-7,Durrës Stacioni i Trenit,DR-1,10:18,10:42,24.2,8.1,1,"1,2,3,4,5,6,7",8/3/2026,60,0,0,True,3
Durrës,Belsh,DR43,Durrës – Shijak – Durrës,ANDROMEDA GROUP,https://www.dpshtrr.al/operatoret/andromeda-group-shpk,L61307527C,Durrës Stacioni i Trenit,DR-1,Shijak,DR-16,11:00,11:16,16.1,13.4,1,"1,2,3,4,5,6,7",8/3/2026,60,0,0,True,3
Durrës,Belsh,EL31,Belsh – Elbasan – Belsh,LIQENI EXPRES SHPK,https://www.dpshtrr.al/operatoret/liqeni-express-shpk,L63622202S,"Elbasan ""Kryqezimi i Cerrikut""",EL-4,Belsh,El-23,15:45,16:21,36.5,30.4,1,"1,2,3,4,5,6,7",8/3/2026,60,0,0,True,3
Durrës,Belsh,DR4,Durrës – Kavajë – Durrës,SHQIPONJA,https://www.dpshtrr.al/operatoret/shqiponja-shpk,K23206026B,Durrës Stacioni i Trenit,DR-1,Kavaje (ish Agjencia),KJ-5,09:00,09:25,25.1,20.9,1,"1,2,3,4,5,6,7",8/3/2026,60,0,0,True,4
Durrës,Belsh,TR28,Tiranë – Lushnjë – Tiranë,PIKO,https://www.dpshtrr.al/operatoret/piko-shpk,K22301006J,Tiranë Veri-Jug,TR-2,Lushnjë,LU-1,09:10,10:48,98.1,81.7,1,"1,2,3,4,5,6,7",8/3/2026,60,0,0,True,4
Durrës,Belsh,DR56,Shijak – Durrës – Shijak,SHIJAKU & CO,https://www.dpshtrr.al/operatoret/shijakuco-shpk,L62413505H,Durrës Stacioni i Trenit,DR-1,Shijak,DR-16,11:30,11:46,16.1,13.4,1,"1,2,3,4,5,6,7",8/3/2026,60,0,0,True,4
Durrës,Belsh,EL28,Belsh – Durrës – Belsh (me kalim Rrogozhinë),LIQENI EXPRES SHPK,https://www.dpshtrr.al/operatoret/liqeni-express-shpk,L63622202S,Durrës (Plepa),DR-3,Belsh,El-23,15:00,16:26,86.3,71.9,1,"1,2,3,4,5,6,7",8/3/2026,60,0,0,True,4
Durrës,Belsh,BR14,Kucove – Durres – Kucove,KUCOVA,https://www.dpshtrr.al/operatoret/kucova-shpk,K17621107D,Durrës Stacioni i Trenit,DR-1,Kucove,BR-46,12:45,14:24,99.3,82.7,1,"1,2,3,4,5,6,7",8/3/2026,60,0,0,True,4
Durrës,Belsh,EL49,"Cërrik – Kuçovë – Cërrik (ma kalim Gostimë, Mollas, Klos)",QAFA E BLIRIT,https://www.dpshtrr.al/operatoret/qafa-e-blirit-shpk,K72715201W,Kucove,BR-46,Cerrik,EL-12,15:00,15:40,40.1,33.4,1,"1,2,3,4,5,6,7",8/3/2026,60,0,0,True,4
Durrës,Belsh,EL66,Belsh – Cërrik – Belsh,eTransport,https://www.dpshtrr.al/operatoret-etransport,1,Cerrik,EL-12,Belsh,El-23,00:00,00:11,12.0,10.0,1,"1,2,3,4,5,6,7",8/3/2026,60,0,0,True,4
Durrës,Belsh,FR23,Lushnjë – Tiranë – Lushnjë,KOHA EKSPRES,https://www.dpshtrr.al/operatoret/koha-ekspres-shpk,K34017402I,Tiranë Veri-Jug,TR-2,Lushnjë,LU-1,11:00,12:38,98.1,81.7,1,"1,2,3,4,5,6,7",8/3/2026,60,0,0,True,4
Durrës,Belsh,FR46,Lushnjë – Belsh – Lushnjë,eTransport,https://www.dpshtrr.al/operatoret-etransport,1,Lushnjë,LU-1,Belsh,El-23,00:00,00:29,29.7,24.7,1,"1,2,3,4,5,6,7",8/3/2026,60,0,0,True,4
Durrës,Belsh,BR8,Kuçovë – Tiranë  – Kuçovë,KUCOVA,https://www.dpshtrr.al/operatoret/kucova-shpk,K17621107D,Tiranë Veri-Jug,TR-2,Kucove,BR-46,11:45,14:00,135.9,113.2,1,"1,2,3,4,5,6,7",8/3/2026,60,0,0,True,4
Durrës,Belsh,EL61,Belsh – Kuçovë – Belsh,eTransport,https://www.dpshtrr.al/operatoret-etransport,1,Kucove,BR-46,Belsh,El-23,00:00,00:30,30.8,25.7,1,"1,2,3,4,5,6,7",8/3/2026,60,0,0,True,4
Durrës,Belsh,DR17,Durrës – Kamëz – Durrës,AUTO DUKA TRANS,https://www.dpshtrr.al/operatoret/auto-duka-trans-shpk,L62415504J,Durrës Stacioni i Trenit,DR-1,Kamëz,TR-00096,10:45,11:31,46.3,38.6,1,"1,2,3,4,5,6,7",8/3/2026,60,0,0,True,4
Durrës,Belsh,EL44,Gramsh – Kamzë – Gramsh,DIOMELA,https://www.dpshtrr.al/operatoret/diomela-shpk,K96615802E,Kamëz,TR-00096,Gramsh,EL-6,12:30,14:16,106.2,88.5,1,"1,2,3,4,5,6,7",8/3/2026,60,0,0,True,4
Durrës,Belsh,EL63,Belsh – Gramsh – Belsh,eTransport,https://www.dpshtrr.al/operatoret-etransport,1,Gramsh,EL-6,Belsh,El-23,00:00,00:42,42.1,35.1,1,"1,2,3,4,5,6,7",8/3/2026,60,0,0,True,4
Durrës,Berat,TR19,Tiranë – Berat – Tiranë,TIBE,https://www.dpshtrr.al/operatoret/tibe-shpk,K31327069U,Tiranë Veri-Jug,TR-2,Berat,BR-1,07:00,09:20,141.0,117.5,1,"1,2,3,4,5,6,7",8/3/2026,60,0,0,True,1
Durrës,Berat,TR19,Tiranë – Berat – Tiranë,TIBE,https://www.dpshtrr.al/operatoret/tibe-shpk,K31327069U,Tiranë Veri-Jug,TR-2,Berat,BR-1,07:30,09:50,141.0,117.5,1,"1,2,3,4,5,6,7",8/3/2026,60,0,0,True,1
Durrës,Berat,TR65,"Tiranë – Durrës – Tiranë (me kalim nga Plepat, Ndroq)",RIKI TRANS,https://www.dpshtrr.al/operatoret/riki-trans-shpk,L71309505G,Tiranë Veri-Jug,TR-2,Durrës (Plepa),DR-3,07:00,07:44,44.4,37.0,1,"1,2,3,4,5,6,7",8/3/2026,60,0,0,True,3
Durrës,Berat,DR12,Durrës – Berat – Durrës,LEDJAN,https://www.dpshtrr.al/operatoret/ledjan-shpk,K31529517P,Durrës (Plepa),DR-3,Berat,BR-1,08:15,09:51,96.2,80.2,1,"1,2,3,4,5,6,7",8/3/2026,60,0,0,True,3
Durrës,Berat,TR19,Tiranë – Berat – Tiranë,TIBE,https://www.dpshtrr.al/operatoret/tibe-shpk,K31327069U,Tiranë Veri-Jug,TR-2,Berat,BR-1,08:00,10:20,141.0,117.5,1,"1,2,3,4,5,6,7",8/3/2026,60,0,0,True,1
Durrës,Berat,BR38,Berat – Kuçovë - Berat,SHQIPONJA,https://www.dpshtrr.al/operatoret/shqiponja-shpk,K23206026B,Kucove,BR-46,Berat,BR-1,10:10,10:25,15.5,12.9,1,"1,2,3,4,5,6,7",8/3/2026,60,0,0,True,4
Durrës,Berat,DR12,Durrës – Berat – Durrës,LEDJAN,https://www.dpshtrr.al/operatoret/ledjan-shpk,K31529517P,Durrës (Plepa),DR-3,Berat,BR-1,09:15,10:51,96.2,80.2,1,"1,2,3,4,5,6,7",8/3/2026,60,0,0,True,2
Durrës,Berat,TR19,Tiranë – Berat – Tiranë,TIBE,https://www.dpshtrr.al/operatoret/tibe-shpk,K31327069U,Tiranë Veri-Jug,TR-2,Berat,BR-1,08:50,11:10,141.0,117.5,1,"1,2,3,4,5,6,7",8/3/2026,60,0,0,True,1
Durrës,Berat,DR18,Durrës – Kuçovë – Durrës,ESLI TRANS,https://www.dpshtrr.al/operatoret/esli-trans-shpk,K91928501T,Durrës (Plepa),DR-3,Kucove,BR-46,06:10,07:41,91.2,75.9,1,"1,2,3,4,5,6,7",8/3/2026,60,0,0,True,1
Durrës,Berat,DR12,Durrës – Berat – Durrës,LEDJAN,https://www.dpshtrr.al/operatoret/ledjan-shpk,K31529517P,Durrës (Plepa),DR-3,Berat,BR-1,07:15,08:51,96.2,80.2,1,"1,2,3,4,5,6,7",8/3/2026,60,0,0,True,0
Durrës,Berat,BR28,Berat – Lushnje - Berat,STAR TRANS OR,https://www.dpshtrr.al/operatoret/star-trans-or-shpk,L63204002T,Lushnjë,LU-1,Berat,BR-1,08:30,09:11,41.8,34.8,1,"1,2,3,4,5,6,7",8/3/2026,60,0,0,True,1
Durrës,Berat,DR21,Durrës – Fier – Durrës,DEMOKRACIA 95,https://www.dpshtrr.al/operatoret/demokracia-95-shpk,K31601531F,Durrës (Plepa),DR-3,Fier,FR-8,06:45,08:11,86.8,72.3,1,"1,2,3,4,5,6,7",8/3/2026,60,0,0,True,1
Durrës,Berat,FR2,Fier – Berat – Fier,ÇUKO,https://www.dpshtrr.al/operatoret/cuko-shpk,J62903571K,Fier,FR-8,Berat,BR-1,08:30,09:22,52.1,43.4,1,"1,2,3,4,5,6,7",8/3/2026,60,0,0,True,1
Durrës,Berat,DR28,Durrës – Lushnje – Durrës,XHESI TURIST,https://www.dpshtrr.al,M32407505V,Durrës (Plepa),DR-3,Lushnjë,LU-1,08:00,08:53,53.4,44.5,1,"1,2,3,4,5,6,7",8/3/2026,60,0,0,True,1
Durrës,Berat,BR28,Berat – Lushnje - Berat,STAR TRANS OR,https://www.dpshtrr.al/operatoret/star-trans-or-shpk,L63204002T,Lushnjë,LU-1,Berat,BR-1,09:30,10:11,41.8,34.8,1,"1,2,3,4,5,6,7",8/3/2026,60,0,0,True,1
Durrës,Berat,TR19,Tiranë – Berat – Tiranë,TIBE,https://www.dpshtrr.al/operatoret/tibe-shpk,K31327069U,Tiranë Veri-Jug,TR-2,Berat,BR-1,09:50,12:10,141.0,117.5,1,"1,2,3,4,5,6,7",8/3/2026,60,0,0,True,2
Durrës,Berat,TR19,Tiranë – Berat – Tiranë,TIBE,https://www.dpshtrr.al/operatoret/tibe-shpk,K31327069U,Tiranë Veri-Jug,TR-2,Berat,BR-1,10:10,12:30,141.0,117.5,1,"1,2,3,4,5,6,7",8/3/2026,60,0,0,True,2
Durrës,Berat,TR19,Tiranë – Berat – Tiranë,TIBE,https://www.dpshtrr.al/operatoret/tibe-shpk,K31327069U,Tiranë Veri-Jug,TR-2,Berat,BR-1,11:00,13:20,141.0,117.5,1,"1,2,3,4,5,6,7",8/3/2026,60,0,0,True,2
Durrës,Berat,BR33,Berat – Tiranë – Berat,MANGALEMI,https://www.dpshtrr.al/operatoret/mangalemi-shpk,K23206025Q,Tiranë Veri-Jug,TR-2,Berat,BR-1,11:30,13:50,141.0,117.5,1,"1,2,3,4,5,6,7",8/3/2026,60,0,0,True,2
Durrës,Berat,BR33,Berat – Tiranë – Berat,MANGALEMI,https://www.dpshtrr.al/operatoret/mangalemi-shpk,K23206025Q,Tiranë Veri-Jug,TR-2,Berat,BR-1,12:00,14:20,141.0,117.5,1,"1,2,3,4,5,6,7",8/3/2026,60,0,0,True,2
Durrës,Berat,BR33,Berat – Tiranë – Berat,MANGALEMI,https://www.dpshtrr.al/operatoret/mangalemi-shpk,K23206025Q,Tiranë Veri-Jug,TR-2,Berat,BR-1,12:30,14:50,141.0,117.5,1,"1,2,3,4,5,6,7",8/3/2026,60,0,0,True,3
Durrës,Berat,BR33,Berat – Tiranë – Berat,MANGALEMI,https://www.dpshtrr.al/operatoret/mangalemi-shpk,K23206025Q,Tiranë Veri-Jug,TR-2,Berat,BR-1,13:00,15:20,141.0,117.5,1,"1,2,3,4,5,6,7",8/3/2026,60,0,0,True,3
Durrës,Bilisht,DR17,Durrës – Kamëz – Durrës,AUTO DUKA TRANS,https://www.dpshtrr.al/operatoret/auto-duka-trans-shpk,L62415504J,Durrës Stacioni i Trenit,DR-1,Kamëz,TR-00096,06:15,07:01,46.3,38.6,1,"1,2,3,4,5,6,7",8/3/2026,60,0,0,True,2
Durrës,Bilisht,TR69,Kamëz – Korçë – Kamëz,SHPRESA - AL,https://www.dpshtrr.al/operatoret/shpresa-al-shpk,K31321021N,Kamëz,TR-00096,Korçë,KO-2,07:30,10:57,207.2,172.7,1,"1,2,3,4,5,6,7",8/3/2026,60,0,0,True,2
Durrës,Bilisht,KO25,Bilisht - Korçë - Bilisht,XHEA TRANS,https://www.dpshtrr.al/operatoret/xhea-trans-shpk,L36331601E,Korçë,KO-2,Bilisht,KO-1,11:30,12:01,31.9,26.6,1,"1,2,3,4,5,6,7",8/3/2026,60,0,0,True,2
Durrës,Bilisht,DR59,Shijak – Korçë – Shijak,RIKI TRANS,https://www.dpshtrr.al/operatoret/riki-trans-shpk,L71309505G,Shijak,DR-16,Korçë,KO-2,07:00,10:52,232.4,193.6,1,"1,2,3,4,5,6,7",8/3/2026,60,0,0,True,2
Durrës,Bilisht,KO25,Bilisht - Korçë - Bilisht,XHEA TRANS,https://www.dpshtrr.al/operatoret/xhea-trans-shpk,L36331601E,Korçë,KO-2,Bilisht,KO-1,12:30,13:01,31.9,26.6,1,"1,2,3,4,5,6,7",8/3/2026,60,0,0,True,2
Durrës,Bilisht,KO25,Bilisht - Korçë - Bilisht,XHEA TRANS,https://www.dpshtrr.al/operatoret/xhea-trans-shpk,L36331601E,Korçë,KO-2,Bilisht,KO-1,13:30,14:01,31.9,26.6,1,"1,2,3,4,5,6,7",8/3/2026,60,0,0,True,3
Durrës,Bilisht,KO24,Bilisht - Tiranë - Bilisht,EKSPRES BILISHT REVANI,https://www.dpshtrr.al/operatoret/ekspres-bilisht-revani-shpk,K77323601P,Tiranë Jug-Lindje,TR-1,Bilisht,KO-1,11:00,14:30,210.1,166.7,1,"1,2,3,4,5,6,7",8/3/2026,60,0,0,True,4
Durrës,Bilisht,KO25,Bilisht - Korçë - Bilisht,XHEA TRANS,https://www.dpshtrr.al/operatoret/xhea-trans-shpk,L36331601E,Korçë,KO-2,Bilisht,KO-1,14:30,15:01,31.9,26.6,1,"1,2,3,4,5,6,7",8/3/2026,60,0,0,True,3
Durrës,Bilisht,KO24,Bilisht - Tiranë - Bilisht,EKSPRES BILISHT REVANI,https://www.dpshtrr.al/operatoret/ekspres-bilisht-revani-shpk,K77323601P,Tiranë Jug-Lindje,TR-1,Bilisht,KO-1,11:45,15:15,210.1,166.7,1,"1,2,3,4,5,6,7",8/3/2026,60,0,0,True,4
Durrës,Bilisht,KO24,Bilisht - Tiranë - Bilisht,EKSPRES BILISHT REVANI,https://www.dpshtrr.al/operatoret/ekspres-bilisht-revani-shpk,K77323601P,Tiranë Jug-Lindje,TR-1,Bilisht,KO-1,12:45,16:15,210.1,166.7,1,"1,2,3,4,5,6,7",8/3/2026,60,0,0,True,4
Durrës,Bilisht,KO24,Bilisht - Tiranë - Bilisht,EKSPRES BILISHT REVANI,https://www.dpshtrr.al/operatoret/ekspres-bilisht-revani-shpk,K77323601P,Tiranë Jug-Lindje,TR-1,Bilisht,KO-1,14:30,18:00,210.1,166.7,1,"1,2,3,4,5,6,7",8/3/2026,60,0,0,True,4
Durrës,Bilisht,DR37,Durrës – Bilisht – Durrës,ARMEND,https://www.dpshtrr.al/operatoret/armed-shpk,K41606511R,Durrës (Plepa),DR-3,Bilisht,KO-1,06:00,09:56,236.8,197.3,1,"1,2,3,4,5,6,7",8/3/2026,60,0,0,True,0
Durrës,Bilisht,DR2,Durrës – Korçë – Durrës,DEMOKRACIA 95,https://www.dpshtrr.al/operatoret/demokracia-95-shpk,K31601531F,Durrës (Plepa),DR-3,Korçë,KO-2,05:30,09:04,214.3,178.6,1,"1,2,3,4,5,6,7",8/3/2026,60,0,0,True,1
Durrës,Bilisht,KO10,Korçë - Bilisht - Korçë,START BUS KORCA,https://www.dpshtrr.al/operatoret/start-bus-korca-shpk,K24722001V,Korçë,KO-2,Bilisht,KO-1,09:30,10:01,31.9,26.6,1,"1,2,3,4,5,6,7",8/3/2026,60,0,0,True,1
Durrës,Bilisht,DR2,Durrës – Korçë – Durrës,DEMOKRACIA 95,https://www.dpshtrr.al/operatoret/demokracia-95-shpk,K31601531F,Durrës (Plepa),DR-3,Korçë,KO-2,06:15,09:49,214.3,178.6,1,"1,2,3,4,5,6,7",8/3/2026,60,0,0,True,1
Durrës,Bilisht,KO10,Korçë - Bilisht - Korçë,START BUS KORCA,https://www.dpshtrr.al/operatoret/start-bus-korca-shpk,K24722001V,Korçë,KO-2,Bilisht,KO-1,10:30,11:01,31.9,26.6,1,"1,2,3,4,5,6,7",8/3/2026,60,0,0,True,1
Durrës,Bilisht,DR26,Durrës – Pogradec – Durrës,EIGA,https://www.dpshtrr.al/operatoret/eiga-shpk,K51611501N,Durrës (Plepa),DR-3,Pogradec,PG-5,06:40,09:51,191.8,159.8,1,"1,2,3,4,5,6,7",8/3/2026,60,0,0,True,2
Durrës,Bilisht,KO16,Pogradec - Korçë - Pogradec,SHQIPONJA TRANS,https://www.dpshtrr.al/operatoret/shqiponja-trans-shpk,K53807603C,Pogradec,PG-5,Korçë,KO-2,10:00,10:45,45.8,38.1,1,"1,2,3,4,5,6,7",8/3/2026,60,0,0,True,2
Durrës,Bilisht,DR23,Durrës – Ersekë – Durrës,XHEJNI TRAVEL,https://www.dpshtrr.al/operatoret/xhejni-travel-shpk,L62415503B,Durrës (Plepa),DR-3,Ersekë,ER-1,06:00,10:05,245.1,204.2,1,"1,2,3,4,5,6,7",8/3/2026,60,0,0,True,2
Durrës,Bilisht,KO21,Ersekë - Korçë- Ersekë,ER-TRANS,https://www.dpshtrr.al/operatoret/er-trans-shpk,K98628001R,Ersekë,ER-1,Korçë,KO-2,10:30,11:19,49.5,41.3,1,"1,2,3,4,5,6,7",8/3/2026,60,0,0,True,2
Durrës,Bilisht,DR26,Durrës – Pogradec – Durrës,EIGA,https://www.dpshtrr.al/operatoret/eiga-shpk,K51611501N,Durrës (Plepa),DR-3,Pogradec,PG-5,08:30,11:41,191.8,159.8,1,"1,2,3,4,5,6,7",8/3/2026,60,0,0,True,2
Durrës,Bilisht,KO16,Pogradec - Korçë - Pogradec,SHQIPONJA TRANS,https://www.dpshtrr.al/operatoret/shqiponja-trans-shpk,K53807603C,Pogradec,PG-5,Korçë,KO-2,12:00,12:45,45.8,38.1,1,"1,2,3,4,5,6,7",8/3/2026,60,0,0,True,2
Durrës,Bilisht,TR72,Kamëz – Pogradec – Kamëz,EDI&SENA TRAVEL&TOURS,https://www.dpshtrr.al/operatoret/edisena-travel-tours-shpk,L71928009G,Kamëz,TR-00096,Pogradec,PG-5,10:00,12:41,161.6,134.6,1,"1,2,3,4,5,6,7",8/3/2026,60,0,0,True,4
Durrës,Bilisht,KO16,Pogradec - Korçë - Pogradec,SHQIPONJA TRANS,https://www.dpshtrr.al/operatoret/shqiponja-trans-shpk,K53807603C,Pogradec,PG-5,Korçë,KO-2,13:00,13:45,45.8,38.1,1,"1,2,3,4,5,6,7",8/3/2026,60,0,0,True,4
Durrës,Bilisht,DR17,Durrës – Kamëz – Durrës,AUTO DUKA TRANS,https://www.dpshtrr.al/operatoret/auto-duka-trans-shpk,L62415504J,Durrës Stacioni i Trenit,DR-1,Kamëz,TR-00096,08:45,09:31,46.3,38.6,1,"1,2,3,4,5,6,7",8/3/2026,60,0,0,True,4
Durrës,Bilisht,KO24,Bilisht - Tiranë - Bilisht,EKSPRES BILISHT REVANI,https://www.dpshtrr.al/operatoret/ekspres-bilisht-revani-shpk,K77323601P,Tiranë Jug-Lindje,TR-1,Bilisht,KO-1,15:30,19:00,210.1,166.7,1,"1,2,3,4,5,6,7",8/3/2026,60,0,0,True,4
Durrës,Bilisht,DR17,Durrës – Kamëz – Durrës,AUTO DUKA TRANS,https://www.dpshtrr.al/operatoret/auto-duka-trans-shpk,L62415504J,Durrës Stacioni i Trenit,DR-1,Kamëz,TR-00096,07:45,08:31,46.3,38.6,1,"1,2,3,4,5,6,7",8/3/2026,60,0,0,True,3
Durrës,Bilisht,KO26,Korçë-Kamëz-Korçë,RIKI TRANS,https://www.dpshtrr.al/operatoret/riki-trans-shpk,L71309505G,Kamëz,TR-00096,Korçë,KO-2,12:00,15:27,207.2,172.7,1,"1,2,3,4,5,6,7",8/3/2026,60,0,0,True,3
Durrës,Bilisht,KO10,Korçë - Bilisht - Korçë,START BUS KORCA,https://www.dpshtrr.al/operatoret/start-bus-korca-shpk,K24722001V,Korçë,KO-2,Bilisht,KO-1,07:30,08:01,31.9,26.6,1,"1,2,3,4,5,6,7",8/4/2026,60,0,0,True,3
Durrës,Bulqizë,DR31,Durrës – Bulqizë – Durrës,RIGERSI TRANS 2011,https://www.dpshtrr.al/operatoret/rigersi-trans-2011-shpk,K31406538L,Durrës Stacioni i Trenit,DR-1,Bulqizë,BZ-1,06:30,08:24,114.0,95.0,1,"1,2,3,4,5,6,7",8/3/2026,60,0,0,True,0
Durrës,Bulqizë,DR31,Durrës – Bulqizë – Durrës,RIGERSI TRANS 2011,https://www.dpshtrr.al/operatoret/rigersi-trans-2011-shpk,K31406538L,Durrës Stacioni i Trenit,DR-1,Bulqizë,BZ-1,07:30,09:24,114.0,95.0,1,"1,2,3,4,5,6,7",8/3/2026,60,0,0,True,0
Durrës,Bulqizë,DR31,Durrës – Bulqizë – Durrës,RIGERSI TRANS 2011,https://www.dpshtrr.al/operatoret/rigersi-trans-2011-shpk,K31406538L,Durrës Stacioni i Trenit,DR-1,Bulqizë,BZ-1,08:30,10:24,114.0,95.0,1,"1,2,3,4,5,6,7",8/3/2026,60,0,0,True,0
Durrës,Bulqizë,DR31,Durrës – Bulqizë – Durrës,RIGERSI TRANS 2011,https://www.dpshtrr.al/operatoret/rigersi-trans-2011-shpk,K31406538L,Durrës Stacioni i Trenit,DR-1,Bulqizë,BZ-1,09:30,11:24,114.0,95.0,1,"1,2,3,4,5,6,7",8/3/2026,60,0,0,True,0
Durrës,Bulqizë,DI13,Bulqizë – Durrës – Bulqizë,BULQIZA,https://www.dpshtrr.al/operatoret/bulqiza-shpk,K47220406W,Durrës Stacioni i Trenit,DR-1,Bulqizë,BZ-1,11:00,12:54,114.0,95.0,1,"1,2,3,4,5,6,7",8/3/2026,60,0,0,True,0
Durrës,Bulqizë,DI20,Bulqizë – Elbasan – Bulqizë,ARNES-2017,https://www.dpshtrr.al,L77002401F,"Elbasan ""Kryqezimi i Cerrikut""",EL-4,Bulqizë,BZ-1,09:30,11:32,122.3,101.9,1,"1,2,3,4,5,6,7",8/3/2026,60,0,0,True,1
Durrës,Bulqizë,TR11,Tiranë – Peshkopi – Tiranë,SHPRESA - AL,https://www.dpshtrr.al/operatoret/shpresa-al-shpk,K31321021N,Tiranë Veri-Jug,TR-2,Peshkopi,DI-3,10:20,12:25,125.8,104.8,1,"1,2,3,4,5,6,7",8/3/2026,60,0,0,True,2
Durrës,Bulqizë,DI14,Bulqizë – Peshkopi – Bulqizë,LEOGITA TRANS,https://www.dpshtrr.al/operatoret/leo-gita-trans-shpk,L47307701I,Peshkopi,DI-3,Bulqizë,BZ-1,12:30,13:25,55.7,46.4,1,"1,2,3,4,5,6,7",8/3/2026,60,0,0,True,2
Durrës,Bulqizë,DI12,Bulqizë – Tiranë – Bulqizë,BULQIZA,https://www.dpshtrr.al/operatoret/bulqiza-shpk,K47220406W,Tiranë Veri-Jug,TR-2,Bulqizë,BZ-1,12:30,13:43,73.9,61.6,1,"1,2,3,4,5,6,7",8/3/2026,60,0,0,True,2
Durrës,Bulqizë,DI13,Bulqizë – Durrës – Bulqizë,BULQIZA,https://www.dpshtrr.al/operatoret/bulqiza-shpk,K47220406W,Durrës Stacioni i Trenit,DR-1,Bulqizë,BZ-1,12:30,14:24,114.0,95.0,1,"1,2,3,4,5,6,7",8/3/2026,60,0,0,True,2
Durrës,Bulqizë,DI12,Bulqizë – Tiranë – Bulqizë,BULQIZA,https://www.dpshtrr.al/operatoret/bulqiza-shpk,K47220406W,Tiranë Veri-Jug,TR-2,Bulqizë,BZ-1,13:30,14:43,73.9,61.6,1,"1,2,3,4,5,6,7",8/3/2026,60,0,0,True,3
Durrës,Burrel,TR9,Tiranë – Burrel – Tiranë,MARSONI AL TRANSPORT,https://www.dpshtrr.al/operatoret/marsoni-al-transport-shpk,L62415024Q,Tiranë Veri-Jug,TR-2,Burrel,BZ-3,07:00,08:48,108.2,90.2,1,"1,2,3,4,5,6,7",8/3/2026,60,0,0,True,1
Durrës,Burrel,DR9,Durrës – Burrel – Durrës,RIGERSI TRANS 2011,https://www.dpshtrr.al/operatoret/rigersi-trans-2011-shpk,K31406538L,Durrës Stacioni i Trenit,DR-1,Burrel,BZ-3,07:00,09:02,122.8,102.3,1,"1,2,3,4,5,6,7",8/3/2026,60,0,0,True,0
Durrës,Burrel,TR9,Tiranë – Burrel – Tiranë,MARSONI AL TRANSPORT,https://www.dpshtrr.al/operatoret/marsoni-al-transport-shpk,L62415024Q,Tiranë Veri-Jug,TR-2,Burrel,BZ-3,08:00,09:48,108.2,90.2,1,"1,2,3,4,5,6,7",8/3/2026,60,0,0,True,1
Durrës,Burrel,DR9,Durrës – Burrel – Durrës,RIGERSI TRANS 2011,https://www.dpshtrr.al/operatoret/rigersi-trans-2011-shpk,K31406538L,Durrës Stacioni i Trenit,DR-1,Burrel,BZ-3,08:00,10:02,122.8,102.3,1,"1,2,3,4,5,6,7",8/3/2026,60,0,0,True,0
Durrës,Burrel,TR83,Kamëz - Burrel - Kamëz,META 2017,https://www.dpshtrr.al/operatoret/meta-2017-shpk,L77510901V,Kamëz,TR-00096,Burrel,BZ-3,08:30,10:05,95.1,79.3,1,"1,2,3,4,5,6,7",8/3/2026,60,0,0,True,1
Durrës,Burrel,DI9,Burrel – Durrës – Burrel,4 ORTAKËT,https://www.dpshtrr.al/operatoret/4-ortaket-shpk,K87618901S,Durrës Stacioni i Trenit,DR-1,Burrel,BZ-3,11:30,13:28,118.1,98.4,1,"1,2,3,4,5,6,7",8/3/2026,60,0,0,True,0
Durrës,Burrel,DI17,Klos – Burrel – Klos,META 2017,https://www.dpshtrr.al/operatoret/meta-2017-shpk,L77510901V,Klos,DI-101,Burrel,BZ-3,13:00,13:21,21.1,17.6,1,"1,2,3,4,5,6,7",8/3/2026,60,0,0,True,2
Durrës,Burrel,DI8,Burrel – Tiranë – Burrel,4 ORTAKËT,https://www.dpshtrr.al/operatoret/4-ortaket-shpk,K87618901S,Tiranë Veri-Jug,TR-2,Burrel,BZ-3,13:00,14:17,78.0,65.0,1,"1,2,3,4,5,6,7",8/3/2026,60,0,0,True,1
Durrës,Burrel,DI8,Burrel – Tiranë – Burrel,4 ORTAKËT,https://www.dpshtrr.al/operatoret/4-ortaket-shpk,K87618901S,Tiranë Veri-Jug,TR-2,Burrel,BZ-3,14:00,15:17,78.0,65.0,1,"1,2,3,4,5,6,7",8/3/2026,60,0,0,True,3
Durrës,Cerrik,EL53,Cërrik – Elbasan – Cërrik,GOSTIMA,https://www.dpshtrr.al/operatoret/gostima-2003-shpk,K33128202G,"Elbasan ""Kryqezimi i Cerrikut""",EL-4,Cerrik,EL-12,09:30,09:48,18.9,15.8,1,"1,2,3,4,5,6,7",8/3/2026,60,0,0,True,2
Durrës,Cerrik,EL18,Elbasan – Cërrik – Elbasan,UDHËTARI 2001,https://www.dpshtrr.al/operatoret/udhetari-2001-shpk,K23425201O,"Elbasan ""Kryqezimi i Cerrikut""",EL-4,Cerrik,EL-12,11:00,11:18,18.9,15.8,1,"1,2,3,4,5,6,7",8/3/2026,60,0,0,True,3
Durrës,Cerrik,EL53,Cërrik – Elbasan – Cërrik,GOSTIMA,https://www.dpshtrr.al/operatoret/gostima-2003-shpk,K33128202G,"Elbasan ""Kryqezimi i Cerrikut""",EL-4,Cerrik,EL-12,11:30,11:48,18.9,15.8,1,"1,2,3,4,5,6,7",8/3/2026,60,0,0,True,3
Durrës,Cerrik,EL18,Elbasan – Cërrik – Elbasan,UDHËTARI 2001,https://www.dpshtrr.al/operatoret/udhetari-2001-shpk,K23425201O,"Elbasan ""Kryqezimi i Cerrikut""",EL-4,Cerrik,EL-12,10:00,10:18,18.9,15.8,1,"1,2,3,4,5,6,7",8/3/2026,60,0,0,True,2
Durrës,Cerrik,EL53,Cërrik – Elbasan – Cërrik,GOSTIMA,https://www.dpshtrr.al/operatoret/gostima-2003-shpk,K33128202G,"Elbasan ""Kryqezimi i Cerrikut""",EL-4,Cerrik,EL-12,12:30,12:48,18.9,15.8,1,"1,2,3,4,5,6,7",8/3/2026,60,0,0,True,3
Durrës,Cerrik,EL18,Elbasan – Cërrik – Elbasan,UDHËTARI 2001,https://www.dpshtrr.al/operatoret/udhetari-2001-shpk,K23425201O,"Elbasan ""Kryqezimi i Cerrikut""",EL-4,Cerrik,EL-12,13:00,13:18,18.9,15.8,1,"1,2,3,4,5,6,7",8/3/2026,60,0,0,True,4
Durrës,Cerrik,EL18,Elbasan – Cërrik – Elbasan,UDHËTARI 2001,https://www.dpshtrr.al/operatoret/udhetari-2001-shpk,K23425201O,"Elbasan ""Kryqezimi i Cerrikut""",EL-4,Cerrik,EL-12,15:00,15:18,18.9,15.8,1,"1,2,3,4,5,6,7",8/3/2026,60,0,0,True,4
Durrës,Cerrik,EL47,"Cërrik – Tiranë – Cërrik (me kalim nga Papër, Rrogozhinë)",ERENER-TRANS,https://www.dpshtrr.al/operatoret/erener-trans-shpk,K42727207M,Tiranë Veri-Jug,TR-2,Cerrik,EL-12,13:50,15:49,119.1,99.2,1,"1,2,3,4,5,6,7",8/3/2026,60,0,0,True,2
Durrës,Cerrik,EL18,Elbasan – Cërrik – Elbasan,UDHËTARI 2001,https://www.dpshtrr.al/operatoret/udhetari-2001-shpk,K23425201O,"Elbasan ""Kryqezimi i Cerrikut""",EL-4,Cerrik,EL-12,15:30,15:48,18.9,15.8,1,"1,2,3,4,5,6,7",8/3/2026,60,0,0,True,4
Durrës,Cerrik,DR60,Durrës – Cërrik – Durrës,eTransport,https://www.dpshtrr.al/operatoret-etransport,1,Durrës (Plepa),DR-3,Cerrik,EL-12,00:00,01:14,74.3,61.9,1,"1,2,3,4,5,6,7",8/3/2026,60,0,0,True,4
Durrës,Corovode,TR47,Tiranë – Poliçan – Tiranë (pa të drejtë qëndrimi në Berat),SHEHI TRANS,https://www.dpshtrr.al/operatoret/shehi-trans-shpk,L42304029T,Tiranë Veri-Jug,TR-2,Polican,SK-1,07:05,09:57,172.8,143.9,1,"1,2,3,4,5,6,7",8/3/2026,60,0,0,True,2
Durrës,Corovode,TR16,Tiranë – Vlorë – Tiranë,EL-ALBA TRANS,https://www.dpshtrr.al/operatoret/el-alba-trans-shpk,J62014003V,Tiranë Veri-Jug,TR-2,Vlorë,VL-28,07:35,10:37,183.0,152.4,1,"1,2,3,4,5,6,7",8/3/2026,60,0,0,True,2
Durrës,Corovode,BR1,Çorovode – Tirane – Corovode,FASTBAS,https://www.dpshtrr.al/operatoret/fastbas-shpk,K29309405K,Tiranë Veri-Jug,TR-2,Corovode,BR-11,11:10,14:34,204.6,170.5,1,"1,2,3,4,5,6,7",8/3/2026,60,0,0,True,1
Durrës,Corovode,BR1,Çorovode – Tirane – Corovode,FASTBAS,https://www.dpshtrr.al/operatoret/fastbas-shpk,K29309405K,Tiranë Veri-Jug,TR-2,Corovode,BR-11,13:00,16:24,204.6,170.5,1,"1,2,3,4,5,6,7",8/3/2026,60,0,0,True,2
Durrës,Corovode,BR1,Çorovode – Tirane – Corovode,FASTBAS,https://www.dpshtrr.al/operatoret/fastbas-shpk,K29309405K,Tiranë Veri-Jug,TR-2,Corovode,BR-11,14:30,17:54,204.6,170.5,1,"1,2,3,4,5,6,7",8/3/2026,60,0,0,True,1
Durrës,Corovode,DR6,Durrës – Tiranë – Durrës,DEMOKRACIA 95,https://www.dpshtrr.al/operatoret/demokracia-95-shpk,K31601531F,Durrës Stacioni i Trenit,DR-1,Tiranë Veri-Jug,TR-2,07:40,08:20,40.2,33.5,1,"1,2,3,4,5,6,7",8/3/2026,60,0,0,True,1
Durrës,Corovode,BR1,Çorovode – Tirane – Corovode,FASTBAS,https://www.dpshtrr.al/operatoret/fastbas-shpk,K29309405K,Tiranë Veri-Jug,TR-2,Corovode,BR-11,16:10,19:34,204.6,170.5,1,"1,2,3,4,5,6,7",8/3/2026,60,0,0,True,1
Durrës,Corovode,BR50,Poliçan – Çorovodë – Poliçan,eTransport,https://www.dpshtrr.al/operatoret-etransport,1,Polican,SK-1,Corovode,BR-11,00:00,00:31,31.8,26.5,1,"1,2,3,4,5,6,7",8/3/2026,60,0,0,True,2
Durrës,Corovode,DR15,Durrës – Çorovodë – Durrës,QANI,https://www.dpshtrr.al/operatoret/qani-shpk,K31317004D,Durrës (Plepa),DR-3,Corovode,BR-11,06:40,09:19,159.8,133.2,1,"1,2,3,4,5,6,7",8/3/2026,60,0,0,True,0
Durrës,Corovode,DR7,Durrës – Vlorë – Durrës,TRANS KOMOD,https://www.dpshtrr.al/operatoret/trans-komod-shpk,L62420503D,Durrës (Plepa),DR-3,Vlorë,VL-28,06:30,08:48,138.2,115.2,1,"1,2,3,4,5,6,7",8/3/2026,60,0,0,True,1
Durrës,Corovode,BR47,Çorovodë – Durrës – Çorovodë,eTransport,https://www.dpshtrr.al/operatoret-etransport,1,Durrës (Plepa),DR-3,Corovode,BR-11,00:00,02:39,159.9,133.2,1,"1,2,3,4,5,6,7",8/3/2026,60,0,0,True,0
Durrës,Corovode,BR4,Poliçan – Tiranë – Poliçan,POLICANI TRANS,https://www.dpshtrr.al/operatoret/policani-trans-shpk,K99502401C,Tiranë Veri-Jug,TR-2,Polican,SK-1,12:15,15:07,172.8,143.9,1,"1,2,3,4,5,6,7",8/3/2026,60,0,0,True,3
Durrës,Corovode,BR42,Çorovodë – Përmet – Çorovodë,eTransport,https://www.dpshtrr.al/operatoret-etransport,1,Përmet,PR-1,Corovode,BR-11,00:00,00:57,57.9,48.2,1,"1,2,3,4,5,6,7",8/3/2026,60,0,0,True,3
Durrës,Corovode,BR48,Çorovodë – Berat – Çorovodë,eTransport,https://www.dpshtrr.al/operatoret-etransport,1,Berat,BR-1,Corovode,BR-11,00:00,01:04,64.7,53.9,1,"1,2,3,4,5,6,7",8/3/2026,60,0,0,True,4
Durrës,Corovode,BR43,Kuçovë – Çorovodë – Kuçovë,ALBENIO,http://dpshtrr.al,L27910101D,Kucove,BR-46,Corovode,BR-11,00:00,01:19,79.2,66.0,1,"1,2,3,4,5,6,7",8/3/2026,60,0,0,True,3
Durrës,Elbasan,DR35,Durrës – Peqin – Durrës,SE-AL,https://www.dpshtrr.al/operatoret/se-al-shpk,L01811504Q,Durrës (Plepa),DR-3,Peqin,EL-7,08:00,08:46,46.5,38.8,1,"1,2,3,4,5,6,7",8/3/2026,60,0,0,True,3
Durrës,Elbasan,EL19,Elbasan – Peqin – Elbasan,D.D-Transport 2022,https://www.dpshtrr.al,M23217202B,Peqin,EL-7,"Elbasan ""Kryqezimi i Cerrikut""",EL-4,09:30,10:11,41.3,34.4,1,"1,2,3,4,5,6,7",8/3/2026,60,0,0,True,3
Durrës,Elbasan,DR58,Shijak – Librazhd – Shijak,VËLLEZËRIT SHKALLA,https://www.dpshtrr.al/operatoret/vellezerit-shkalla,L01621503G,Shijak,DR-16,Librazhd,LB-3,06:30,08:40,130.8,109.0,1,"1,2,3,4,5,6,7",8/3/2026,60,0,0,True,3
Durrës,Elbasan,EL16,Elbasan – Tiranë – Elbasan,ERA TRAVEL 2013,https://www.dpshtrr.al/operatoret/era-travel-2013-shpk,L33122201P,Tiranë Jug-Lindje,TR-1,Elbasan Pallati i Sportit,EL-3,12:30,13:19,49.0,32.7,1,"1,2,3,4,5,6,7",8/3/2026,60,0,0,True,4
Durrës,Elbasan,DR13,Durrës – Librazhd – Durrës,TEUTA - 95,https://www.dpshtrr.al/operatoret/teuta-95-shpk,K31529513G,Durrës (Plepa),DR-3,Librazhd,LB-3,08:20,10:17,117.2,97.6,1,"1,2,3,4,5,6,7",8/3/2026,60,0,0,True,2
Durrës,Elbasan,TR46,Tiranë – Librazhd – Tiranë,GREEN BUS,https://www.dpshtrr.al/operatoret/green-bus-travel,L81523015O,Librazhd,LB-3,Tiranë Jug-Lindje,TR-1,11:00,12:08,68.3,56.9,1,"1,2,3,4,5,6,7",8/3/2026,60,0,0,True,2
Durrës,Elbasan,DR4,Durrës – Kavajë – Durrës,SHQIPONJA,https://www.dpshtrr.al/operatoret/shqiponja-shpk,K23206026B,Durrës Stacioni i Trenit,DR-1,Kavaje (ish Agjencia),KJ-5,08:00,08:25,25.1,20.9,1,"1,2,3,4,5,6,7",8/3/2026,60,0,0,True,2
Durrës,Elbasan,EL1,Elbasan – Durrës – Elbasan,TRANSEL,https://www.dpshtrr.al/operatoret/transel-shpk,K63320202V,Durrës (Plepa),DR-3,"Elbasan ""Kryqezimi i Cerrikut""",EL-4,11:15,12:43,88.6,73.8,1,"1,2,3,4,5,6,7",8/3/2026,60,0,0,True,3
Durrës,Elbasan,TR14,Tiranë – Fier – Tiranë,KLID EKSPRESS,https://www.dpshtrr.al/operatoret/klid-ekspres-shpk,K22301004Q,Tiranë Veri-Jug,TR-2,Fier,FR-8,08:50,11:01,131.5,109.6,1,"1,2,3,4,5,6,7",8/3/2026,60,0,0,True,4
Durrës,Elbasan,FR4,Fier – Kuçovë – Fier,ÇUKO,https://www.dpshtrr.al/operatoret/cuko-shpk,J62903571K,Fier,FR-8,Kucove,BR-46,11:15,12:01,46.8,39.0,1,"1,2,3,4,5,6,7",8/3/2026,60,0,0,True,4
Durrës,Elbasan,EL16,Elbasan – Tiranë – Elbasan,ERA TRAVEL 2013,https://www.dpshtrr.al/operatoret/era-travel-2013-shpk,L33122201P,Tiranë Jug-Lindje,TR-1,Elbasan Pallati i Sportit,EL-3,14:30,15:19,49.0,32.7,1,"1,2,3,4,5,6,7",8/3/2026,60,0,0,True,4
Durrës,Elbasan,DR56,Shijak – Durrës – Shijak,SHIJAKU & CO,https://www.dpshtrr.al/operatoret/shijakuco-shpk,L62413505H,Durrës Stacioni i Trenit,DR-1,Shijak,DR-16,09:30,09:46,16.1,13.4,1,"1,2,3,4,5,6,7",8/3/2026,60,0,0,True,2
Durrës,Elbasan,EL58,Elbasan – Shijak – Elbasan (pa të drejtë hyrje në Durrës),eTransport,https://www.dpshtrr.al/operatoret-etransport,1,Shijak,DR-16,Elbasan Pallati i Sportit,EL-3,00:00,01:18,78.5,65.4,1,"1,2,3,4,5,6,7",8/3/2026,60,0,0,True,2
Durrës,Elbasan,EL57,Elbasan – Shkodër – Elbasan,eTransport,https://www.dpshtrr.al/operatoret-etransport,1,Shkodër,SH-15,Elbasan Pallati i Sportit,EL-3,00:00,02:44,164.9,137.4,1,"1,2,3,4,5,6,7",8/3/2026,60,0,0,True,2
Durrës,Elbasan,GJ6,Gjirokastër - Tiranë - Gjirokastër,ARGJIRO,https://www.dpshtrr.al/operatoret/argjiro-shpk,J93316647D,Tiranë Veri-Jug,TR-2,Gjirokastër,GJ-1,12:00,16:31,271.8,226.4,1,"1,2,3,4,5,6,7",8/3/2026,60,0,0,True,3
Durrës,Elbasan,EL55,Elbasan – Gjirokastër – Elbasan,eTransport,https://www.dpshtrr.al/operatoret-etransport,1,Gjirokastër,GJ-1,Elbasan Pallati i Sportit,EL-3,00:00,03:56,236.7,197.2,1,"1,2,3,4,5,6,7",8/3/2026,60,0,0,True,3
Durrës,Elbasan,FR23,Lushnjë – Tiranë – Lushnjë,KOHA EKSPRES,https://www.dpshtrr.al/operatoret/koha-ekspres-shpk,K34017402I,Tiranë Veri-Jug,TR-2,Lushnjë,LU-1,12:00,13:38,98.1,81.7,1,"1,2,3,4,5,6,7",8/3/2026,60,0,0,True,3
Durrës,Elbasan,FR24,Lushnjë – Elbasan – Lushnjë,ENSU VIAGGIO,https://www.dpshtrr.al,L94001402E,Lushnjë,LU-1,Elbasan Pallati i Sportit,EL-3,06:30,07:43,73.1,60.9,1,"1,2,3,4,5,6,7",8/4/2026,60,0,0,True,3
Durrës,Elbasan,TR65,"Tiranë – Durrës – Tiranë (me kalim nga Plepat, Ndroq)",RIKI TRANS,https://www.dpshtrr.al/operatoret/riki-trans-shpk,L71309505G,Tiranë Veri-Jug,TR-2,Durrës (Plepa),DR-3,13:30,14:14,44.4,37.0,1,"1,2,3,4,5,6,7",8/3/2026,60,0,0,True,4
Durrës,Elbasan,EL1,Elbasan – Durrës – Elbasan,TRANSEL,https://www.dpshtrr.al/operatoret/transel-shpk,K63320202V,Durrës (Plepa),DR-3,"Elbasan ""Kryqezimi i Cerrikut""",EL-4,14:45,16:13,88.6,73.8,1,"1,2,3,4,5,6,7",8/3/2026,60,0,0,True,4
Durrës,Elbasan,DR43,Durrës – Shijak – Durrës,ANDROMEDA GROUP,https://www.dpshtrr.al/operatoret/andromeda-group-shpk,L61307527C,Durrës Stacioni i Trenit,DR-1,Shijak,DR-16,09:00,09:16,16.1,13.4,1,"1,2,3,4,5,6,7",8/3/2026,60,0,0,True,3
Durrës,Elbasan,FR24,Lushnjë – Elbasan – Lushnjë,ENSU VIAGGIO,https://www.dpshtrr.al,L94001402E,Lushnjë,LU-1,Elbasan Pallati i Sportit,EL-3,07:15,08:28,73.1,60.9,1,"1,2,3,4,5,6,7",8/4/2026,60,0,0,True,4
Durrës,Elbasan,FR23,Lushnjë – Tiranë – Lushnjë,KOHA EKSPRES,https://www.dpshtrr.al/operatoret/koha-ekspres-shpk,K34017402I,Tiranë Veri-Jug,TR-2,Lushnjë,LU-1,13:00,14:38,98.1,81.7,1,"1,2,3,4,5,6,7",8/3/2026,60,0,0,True,4
Durrës,Ersekë,KO21,Ersekë - Korçë- Ersekë,ER-TRANS,https://www.dpshtrr.al/operatoret/er-trans-shpk,K98628001R,Korçë,KO-2,Ersekë,ER-1,11:00,11:49,49.6,41.3,1,"1,2,3,4,5,6,7",8/3/2026,60,0,0,True,2
Durrës,Ersekë,KO21,Ersekë - Korçë- Ersekë,ER-TRANS,https://www.dpshtrr.al/operatoret/er-trans-shpk,K98628001R,Korçë,KO-2,Ersekë,ER-1,12:00,12:49,49.6,41.3,1,"1,2,3,4,5,6,7",8/3/2026,60,0,0,True,2
Durrës,Ersekë,KO21,Ersekë - Korçë- Ersekë,ER-TRANS,https://www.dpshtrr.al/operatoret/er-trans-shpk,K98628001R,Korçë,KO-2,Ersekë,ER-1,13:00,13:49,49.6,41.3,1,"1,2,3,4,5,6,7",8/3/2026,60,0,0,True,3
Durrës,Ersekë,KO18,Ersekë - Tiranë - Ersekë,ER-TRANS,https://www.dpshtrr.al/operatoret/er-trans-shpk,K98628001R,Tiranë Jug-Lindje,TR-1,Ersekë,ER-1,10:00,14:04,244.8,193.9,1,"1,2,3,4,5,6,7",8/3/2026,60,0,0,True,4
Durrës,Ersekë,KO21,Ersekë - Korçë- Ersekë,ER-TRANS,https://www.dpshtrr.al/operatoret/er-trans-shpk,K98628001R,Korçë,KO-2,Ersekë,ER-1,16:30,17:19,49.6,41.3,1,"1,2,3,4,5,6,7",8/3/2026,60,0,0,True,3
Durrës,Ersekë,DR17,Durrës – Kamëz – Durrës,AUTO DUKA TRANS,https://www.dpshtrr.al/operatoret/auto-duka-trans-shpk,L62415504J,Durrës Stacioni i Trenit,DR-1,Kamëz,TR-00096,06:45,07:31,46.3,38.6,1,"1,2,3,4,5,6,7",8/3/2026,60,0,0,True,3
Durrës,Ersekë,KO21,Ersekë - Korçë- Ersekë,ER-TRANS,https://www.dpshtrr.al/operatoret/er-trans-shpk,K98628001R,Korçë,KO-2,Ersekë,ER-1,17:30,18:19,49.6,41.3,1,"1,2,3,4,5,6,7",8/3/2026,60,0,0,True,3
Durrës,Ersekë,KO18,Ersekë - Tiranë - Ersekë,ER-TRANS,https://www.dpshtrr.al/operatoret/er-trans-shpk,K98628001R,Tiranë Jug-Lindje,TR-1,Ersekë,ER-1,14:30,18:34,244.8,193.9,1,"1,2,3,4,5,6,7",8/3/2026,60,0,0,True,4
Durrës,Ersekë,KO11,Korçë - Ersekë - Korçë,RIKI TRANS,https://www.dpshtrr.al/operatoret/riki-trans-shpk,L71309505G,Korçë,KO-2,Ersekë,ER-1,10:00,10:49,49.6,41.3,1,"1,2,3,4,5,6,7",8/3/2026,60,0,0,True,1
Durrës,Ersekë,KO34,Ersekë – Durrës – Ersekë,eTransport,https://www.dpshtrr.al/operatoret-etransport,1,Durrës (Plepa),DR-3,Ersekë,ER-1,00:00,04:05,245.2,204.3,1,"1,2,3,4,5,6,7",8/3/2026,60,0,0,True,0
Durrës,Ersekë,KO26,Korçë-Kamëz-Korçë,RIKI TRANS,https://www.dpshtrr.al/operatoret/riki-trans-shpk,L71309505G,Kamëz,TR-00096,Korçë,KO-2,14:00,17:27,207.2,172.7,1,"1,2,3,4,5,6,7",8/3/2026,60,0,0,True,3
Durrës,Ersekë,KO11,Korçë - Ersekë - Korçë,RIKI TRANS,https://www.dpshtrr.al/operatoret/riki-trans-shpk,L71309505G,Korçë,KO-2,Ersekë,ER-1,07:00,07:49,49.6,41.3,1,"1,2,3,4,5,6,7",8/4/2026,60,0,0,True,3
Durrës,Ersekë,KO2,Korçë - Durrës - Korçë,START BUS KORCA,https://www.dpshtrr.al/operatoret/start-bus-korca-shpk,K24722001V,Durrës (Plepa),DR-3,Korçë,KO-2,14:00,17:54,234.5,195.3,1,"1,2,3,4,5,6,7",8/3/2026,60,0,0,True,4
Durrës,Ersekë,KO11,Korçë - Ersekë - Korçë,RIKI TRANS,https://www.dpshtrr.al/operatoret/riki-trans-shpk,L71309505G,Korçë,KO-2,Ersekë,ER-1,08:00,08:49,49.6,41.3,1,"1,2,3,4,5,6,7",8/4/2026,60,0,0,True,4
Durrës,Fier,TR14,Tiranë – Fier – Tiranë,KLID EKSPRESS,https://www.dpshtrr.al/operatoret/klid-ekspres-shpk,K22301004Q,Tiranë Veri-Jug,TR-2,Fier,FR-8,06:45,08:56,131.5,109.6,1,"1,2,3,4,5,6,7",8/3/2026,60,0,0,True,1
Durrës,Fier,TR14,Tiranë – Fier – Tiranë,KLID EKSPRESS,https://www.dpshtrr.al/operatoret/klid-ekspres-shpk,K22301004Q,Tiranë Veri-Jug,TR-2,Fier,FR-8,07:10,09:21,131.5,109.6,1,"1,2,3,4,5,6,7",8/3/2026,60,0,0,True,1
Durrës,Fier,TR14,Tiranë – Fier – Tiranë,KLID EKSPRESS,https://www.dpshtrr.al/operatoret/klid-ekspres-shpk,K22301004Q,Tiranë Veri-Jug,TR-2,Fier,FR-8,07:35,09:46,131.5,109.6,1,"1,2,3,4,5,6,7",8/3/2026,60,0,0,True,1
Durrës,Fier,TR14,Tiranë – Fier – Tiranë,KLID EKSPRESS,https://www.dpshtrr.al/operatoret/klid-ekspres-shpk,K22301004Q,Tiranë Veri-Jug,TR-2,Fier,FR-8,08:25,10:36,131.5,109.6,1,"1,2,3,4,5,6,7",8/3/2026,60,0,0,True,1
Durrës,Fier,FR11,Fier – Durrës – Fier,KOMPAKT,https://www.dpshtrr.al/operatoret/kompakt-shpk,K23407401F,Durrës (Plepa),DR-3,Fier,FR-8,09:15,10:41,86.8,72.3,1,"1,2,3,4,5,6,7",8/3/2026,60,0,0,True,2
Durrës,Fier,DR21,Durrës – Fier – Durrës,DEMOKRACIA 95,https://www.dpshtrr.al/operatoret/demokracia-95-shpk,K31601531F,Durrës (Plepa),DR-3,Fier,FR-8,08:45,10:11,86.8,72.3,1,"1,2,3,4,5,6,7",8/3/2026,60,0,0,True,0
Durrës,Fier,FR11,Fier – Durrës – Fier,KOMPAKT,https://www.dpshtrr.al/operatoret/kompakt-shpk,K23407401F,Durrës (Plepa),DR-3,Fier,FR-8,10:45,12:11,86.8,72.3,1,"1,2,3,4,5,6,7",8/3/2026,60,0,0,True,0
Durrës,Fier,TR14,Tiranë – Fier – Tiranë,KLID EKSPRESS,https://www.dpshtrr.al/operatoret/klid-ekspres-shpk,K22301004Q,Tiranë Veri-Jug,TR-2,Fier,FR-8,10:05,12:16,131.5,109.6,1,"1,2,3,4,5,6,7",8/3/2026,60,0,0,True,2
Durrës,Fier,FR1,Fier – Tiranë – Fier,KOMPAKT,https://www.dpshtrr.al/operatoret/kompakt-shpk,K23407401F,Tiranë Veri-Jug,TR-2,Fier,FR-8,11:00,13:11,131.5,109.6,1,"1,2,3,4,5,6,7",8/3/2026,60,0,0,True,2
Durrës,Fier,FR1,Fier – Tiranë – Fier,KOMPAKT,https://www.dpshtrr.al/operatoret/kompakt-shpk,K23407401F,Tiranë Veri-Jug,TR-2,Fier,FR-8,11:45,13:56,131.5,109.6,1,"1,2,3,4,5,6,7",8/3/2026,60,0,0,True,2
Durrës,Fier,FR12,"Fier – Rinas – Fier (nga Ura e Dajlanit, Vorë)",EURO - ALBANIA TRAVEL,https://www.dpshtrr.al/operatoret/euro-albania-travel-shpk,L33609403Q,Rinas Aeroport,TR-4,Fier,FR-8,12:00,14:05,126.0,105.0,1,"1,2,3,4,5,6,7",8/3/2026,60,0,0,True,2
Durrës,Fier,FR1,Fier – Tiranë – Fier,KOMPAKT,https://www.dpshtrr.al/operatoret/kompakt-shpk,K23407401F,Tiranë Veri-Jug,TR-2,Fier,FR-8,13:15,15:26,131.5,109.6,1,"1,2,3,4,5,6,7",8/3/2026,60,0,0,True,3
Durrës,Fushe- Arrez,DR24,Durrës – Fushë Arrëz – Durrës,ANDI 2011,https://www.dpshtrr.al/operatoret/andi-2011-shpk,L62416503G,Durrës Stacioni i Trenit,DR-1,Fushe- Arrez,SH-10,06:45,09:47,182.6,152.1,1,"1,2,3,4,5,6,7",8/3/2026,60,0,0,True,0
Durrës,Fushe- Arrez,TR6,Tiranë – Fushë Arrëz – Tiranë,SHPRESA - AL,https://www.dpshtrr.al/operatoret/shpresa-al-shpk,K31321021N,Tiranë Veri-Jug,TR-2,Fushe- Arrez,SH-10,07:40,10:21,161.1,134.2,1,"1,2,3,4,5,6,7",8/3/2026,60,0,0,True,1
Durrës,Fushe- Arrez,TR6,Tiranë – Fushë Arrëz – Tiranë,SHPRESA - AL,https://www.dpshtrr.al/operatoret/shpresa-al-shpk,K31321021N,Tiranë Veri-Jug,TR-2,Fushe- Arrez,SH-10,08:10,10:51,161.1,134.2,1,"1,2,3,4,5,6,7",8/3/2026,60,0,0,True,1
Durrës,Fushe- Arrez,DR24,Durrës – Fushë Arrëz – Durrës,ANDI 2011,https://www.dpshtrr.al/operatoret/andi-2011-shpk,L62416503G,Durrës Stacioni i Trenit,DR-1,Fushe- Arrez,SH-10,08:45,11:47,182.6,152.1,1,"1,2,3,4,5,6,7",8/3/2026,60,0,0,True,0
Durrës,Fushe- Arrez,DR3,Durrës – Shkodër – Durrës,NORD,https://www.dpshtrr.al/operatoret/nord-shpk,K31526521F,Durrës Stacioni i Trenit,DR-1,Shkodër,SH-15,07:30,09:38,128.4,107.0,1,"1,2,3,4,5,6,7",8/3/2026,60,0,0,True,1
Durrës,Fushe- Arrez,ShK21,Fushë Arrëz - Shkodër- Fushë Arrëz,MIRDITA - N,https://www.dpshtrr.al/operatoret/mirdita-n-shpk,L29526302D,Shkodër,SH-15,Fushe- Arrez,SH-10,12:00,13:28,88.7,73.9,1,"1,2,3,4,5,6,7",8/3/2026,60,0,0,True,1
Durrës,Fushe- Arrez,ShK2,Shkodër - Lezhë - Shkodër,ROKI TOURS,https://www.dpshtrr.al/operatoret/roki-tours-shpk,L16306004D,Shkodër,SH-15,Lezhë Veri,LE-3,10:15,11:00,45.0,37.5,1,"1,2,3,4,5,6,7",8/3/2026,60,0,0,True,3
Durrës,Fushe- Arrez,ShK18,Fushë Arrëz - Lezhë- Fushë Arrëz,MIRDITA - N,https://www.dpshtrr.al/operatoret/mirdita-n-shpk,L29526302D,Lezhë Veri,LE-3,Fushe- Arrez,SH-10,12:00,13:48,108.3,90.3,1,"1,2,3,4,5,6,7",8/3/2026,60,0,0,True,3
Durrës,Fushe- Arrez,ShK19,Fushë Arrëz - Tiranë- Fushë Arrëz,PRENGA,https://www.dpshtrr.al/operatoret/prenga-shpk,K19629306F,Tiranë Veri-Jug,TR-2,Fushe- Arrez,SH-10,12:00,14:41,161.2,134.3,1,"1,2,3,4,5,6,7",8/3/2026,60,0,0,True,1
Durrës,Fushe- Arrez,ShK20,Fushë Arrëz - Durrës- Fushë Arrëz,PAVABLE,https://www.dpshtrr.al/operatoret/pavable-shpk,K09111324M,Durrës Stacioni i Trenit,DR-1,Fushe- Arrez,SH-10,13:00,16:02,182.6,152.1,1,"1,2,3,4,5,6,7",8/3/2026,60,0,0,True,0
Durrës,Fushe- Arrez,ShK21,Fushë Arrëz - Shkodër- Fushë Arrëz,MIRDITA - N,https://www.dpshtrr.al/operatoret/mirdita-n-shpk,L29526302D,Shkodër,SH-15,Fushe- Arrez,SH-10,15:00,16:28,88.7,73.9,1,"1,2,3,4,5,6,7",8/3/2026,60,0,0,True,2
Durrës,Fushe- Arrez,ShK19,Fushë Arrëz - Tiranë- Fushë Arrëz,PRENGA,https://www.dpshtrr.al/operatoret/prenga-shpk,K19629306F,Tiranë Veri-Jug,TR-2,Fushe- Arrez,SH-10,14:00,16:41,161.2,134.3,1,"1,2,3,4,5,6,7",8/3/2026,60,0,0,True,1
Durrës,Fushe- Arrez,LE1,Lezhë - Shkodër - Lezhë,LINDA - 80,https://www.dpshtrr.al/operatoret/linda-80-shpk,K37513530U,Shkodër,SH-15,Lezhë Veri,LE-3,13:30,14:15,45.0,37.5,1,"1,2,3,4,5,6,7",8/3/2026,60,0,0,True,3
Durrës,Fushe- Arrez,ShK18,Fushë Arrëz - Lezhë- Fushë Arrëz,MIRDITA - N,https://www.dpshtrr.al/operatoret/mirdita-n-shpk,L29526302D,Lezhë Veri,LE-3,Fushe- Arrez,SH-10,16:00,17:48,108.3,90.3,1,"1,2,3,4,5,6,7",8/3/2026,60,0,0,True,3
Durrës,Fushe- Arrez,ShK1,Shkodër - Tiranë - Shkodër,ROZAFA ORTAKËT,https://www.dpshtrr.al/operatoret/rozafa-ortaket-shpk,K26702001R,Tiranë Veri-Jug,TR-2,Shkodër,SH-15,12:00,13:48,108.2,90.2,1,"1,2,3,4,5,6,7",8/3/2026,60,0,0,True,4
Durrës,Fushe- Arrez,LE1,Lezhë - Shkodër - Lezhë,LINDA - 80,https://www.dpshtrr.al/operatoret/linda-80-shpk,K37513530U,Shkodër,SH-15,Lezhë Veri,LE-3,14:30,15:15,45.0,37.5,1,"1,2,3,4,5,6,7",8/3/2026,60,0,0,True,4
Durrës,Fushe- Arrez,ShK22,Pukë - Tiranë - Pukë,TËRBUNI TRANS,https://www.dpshtrr.al/operatoret/terbuni-trans-shpk,L39525301O,Tiranë Veri-Jug,TR-2,Puke,PU-1,13:00,15:27,147.7,123.1,1,"1,2,3,4,5,6,7",8/3/2026,60,0,0,True,4
Durrës,Fushe- Arrez,ShK27,Pukë – Fushë Arrëz – Pukë,eTransport,https://www.dpshtrr.al/operatoret-etransport,1,Puke,PU-1,Fushe- Arrez,SH-10,00:00,00:24,24.4,20.4,1,"1,2,3,4,5,6,7",8/3/2026,60,0,0,True,4
Durrës,Fushe- Arrez,ShK22,Pukë - Tiranë - Pukë,TËRBUNI TRANS,https://www.dpshtrr.al/operatoret/terbuni-trans-shpk,L39525301O,Tiranë Veri-Jug,TR-2,Puke,PU-1,14:00,16:27,147.7,123.1,1,"1,2,3,4,5,6,7",8/3/2026,60,0,0,True,4
Durrës,Fushe- Arrez,ShK31,Fushë Arrëz – Pukë – Fushë Arrëz,eTransport,https://www.dpshtrr.al/operatoret-etransport,1,Puke,PU-1,Fushe- Arrez,SH-10,00:00,00:24,24.4,20.4,1,"1,2,3,4,5,6,7",8/3/2026,60,0,0,True,4
Durrës,Fushë-Krujë,TR1,Tiranë – Fushë Krujë – Tiranë (me kalim nga Kamza),Luna,https://www.dpshtrr.al/operatoret/lu-na-shpk,K31412087P,Tiranë Veri-Jug,TR-2,Fushë-Krujë,KR-10,07:00,07:19,19.9,16.6,1,"1,2,3,4,5,6,7",8/3/2026,60,0,0,True,1
Durrës,Fushë-Krujë,DR33,Durrës – Fushë Krujë – Durrës,LONDON EYE,https://www.dpshtrr.al/operatoret/london-eye-shpk,L81326031F,Durrës Stacioni i Trenit,DR-1,Fushë-Krujë,KR-10,07:00,07:41,41.5,34.6,1,"1,2,3,4,5,6,7",8/3/2026,60,0,0,True,0
Durrës,Fushë-Krujë,DR41,Durrës – Fushë Krujë – Durrës,LONDON EYE,https://www.dpshtrr.al/operatoret/london-eye-shpk,L81326031F,Durrës Stacioni i Trenit,DR-1,Fushë-Krujë,KR-10,07:00,07:41,41.5,34.6,1,"1,2,3,4,5,6,7",8/3/2026,60,0,0,True,0
Durrës,Fushë-Krujë,DR48,Fushë Krujë – Tiranë – Fushë Krujë (me kalim nga Kamza),MAGIC GLOBE,https://www.dpshtrr.al/operatoret/magic-globe-shpk,L41427021C,Tiranë Veri-Jug,TR-2,Fushë-Krujë,KR-10,07:30,07:49,19.9,16.6,1,"1,2,3,4,5,6,7",8/3/2026,60,0,0,True,1
Durrës,Fushë-Krujë,DR53,Fushë Krujë – Durrës – Fushë Krujë,BORA TRANS,https://www.dpshtrr.al/operatoret/bora-trans-shpk,L43810201A,Durrës Stacioni i Trenit,DR-1,Fushë-Krujë,KR-10,08:00,08:41,41.5,34.6,1,"1,2,3,4,5,6,7",8/3/2026,60,0,0,True,0
Durrës,Fushë-Krujë,DR40,Durrës – Krujë – Durrës,DURRËSI,https://www.dpshtrr.al/operatoret/durresi-shpk,K31702518J,Durrës Stacioni i Trenit,DR-1,Kruje,KR-1,07:30,08:23,53.6,44.7,1,"1,2,3,4,5,6,7",8/3/2026,60,0,0,True,1
Durrës,Fushë-Krujë,DR50,Krujë – Fushë Krujë – Krujë,SHKELZENI AGJENSI,https://www.dpshtrr.al/operatoret/shkelzeni-agjensi-shpk,K41921002D,Kruje,KR-1,Fushë-Krujë,KR-10,08:30,08:42,12.4,10.3,1,"1,2,3,4,5,6,7",8/3/2026,60,0,0,True,1
Durrës,Fushë-Krujë,DR33,Durrës – Fushë Krujë – Durrës,LONDON EYE,https://www.dpshtrr.al/operatoret/london-eye-shpk,L81326031F,Durrës Stacioni i Trenit,DR-1,Fushë-Krujë,KR-10,09:00,09:41,41.5,34.6,1,"1,2,3,4,5,6,7",8/3/2026,60,0,0,True,0
Durrës,Fushë-Krujë,DR41,Durrës – Fushë Krujë – Durrës,LONDON EYE,https://www.dpshtrr.al/operatoret/london-eye-shpk,L81326031F,Durrës Stacioni i Trenit,DR-1,Fushë-Krujë,KR-10,09:00,09:41,41.5,34.6,1,"1,2,3,4,5,6,7",8/3/2026,60,0,0,True,0
Durrës,Fushë-Krujë,DR49,Fushë Krujë – Tiranë – Fushë Krujë (me kalim nga Rinasi dhe Qafa e Kasharit),MAGIC GLOBE,https://www.dpshtrr.al/operatoret/magic-globe-shpk,L41427021C,Tiranë Veri-Jug,TR-2,Fushë-Krujë,KR-10,08:00,08:29,29.7,24.7,1,"1,2,3,4,5,6,7",8/3/2026,60,0,0,True,1
Durrës,Fushë-Krujë,DR48,Fushë Krujë – Tiranë – Fushë Krujë (me kalim nga Kamza),MAGIC GLOBE,https://www.dpshtrr.al/operatoret/magic-globe-shpk,L41427021C,Tiranë Veri-Jug,TR-2,Fushë-Krujë,KR-10,08:30,08:49,19.9,16.6,1,"1,2,3,4,5,6,7",8/3/2026,60,0,0,True,1
Durrës,Fushë-Krujë,TR1,Tiranë – Fushë Krujë – Tiranë (me kalim nga Kamza),Luna,https://www.dpshtrr.al/operatoret/lu-na-shpk,K31412087P,Tiranë Veri-Jug,TR-2,Fushë-Krujë,KR-10,09:00,09:19,19.9,16.6,1,"1,2,3,4,5,6,7",8/3/2026,60,0,0,True,1
Durrës,Fushë-Krujë,TR1,Tiranë – Fushë Krujë – Tiranë (me kalim nga Kamza),Luna,https://www.dpshtrr.al/operatoret/lu-na-shpk,K31412087P,Tiranë Veri-Jug,TR-2,Fushë-Krujë,KR-10,10:00,10:19,19.9,16.6,1,"1,2,3,4,5,6,7",8/3/2026,60,0,0,True,1
Durrës,Fushë-Krujë,DR48,Fushë Krujë – Tiranë – Fushë Krujë (me kalim nga Kamza),MAGIC GLOBE,https://www.dpshtrr.al/operatoret/magic-globe-shpk,L41427021C,Tiranë Veri-Jug,TR-2,Fushë-Krujë,KR-10,10:30,10:49,19.9,16.6,1,"1,2,3,4,5,6,7",8/3/2026,60,0,0,True,1
Durrës,Fushë-Krujë,TR1,Tiranë – Fushë Krujë – Tiranë (me kalim nga Kamza),Luna,https://www.dpshtrr.al/operatoret/lu-na-shpk,K31412087P,Tiranë Veri-Jug,TR-2,Fushë-Krujë,KR-10,11:00,11:19,19.9,16.6,1,"1,2,3,4,5,6,7",8/3/2026,60,0,0,True,1
Durrës,Fushë-Krujë,DR40,Durrës – Krujë – Durrës,DURRËSI,https://www.dpshtrr.al/operatoret/durresi-shpk,K31702518J,Durrës Stacioni i Trenit,DR-1,Kruje,KR-1,08:00,08:53,53.6,44.7,1,"1,2,3,4,5,6,7",8/3/2026,60,0,0,True,2
Durrës,Fushë-Krujë,DR50,Krujë – Fushë Krujë – Krujë,SHKELZENI AGJENSI,https://www.dpshtrr.al/operatoret/shkelzeni-agjensi-shpk,K41921002D,Kruje,KR-1,Fushë-Krujë,KR-10,09:00,09:12,12.4,10.3,1,"1,2,3,4,5,6,7",8/3/2026,60,0,0,True,2
Durrës,Fushë-Krujë,DR53,Fushë Krujë – Durrës – Fushë Krujë,BORA TRANS,https://www.dpshtrr.al/operatoret/bora-trans-shpk,L43810201A,Durrës Stacioni i Trenit,DR-1,Fushë-Krujë,KR-10,10:00,10:41,41.5,34.6,1,"1,2,3,4,5,6,7",8/3/2026,60,0,0,True,1
Durrës,Fushë-Krujë,DR33,Durrës – Fushë Krujë – Durrës,LONDON EYE,https://www.dpshtrr.al/operatoret/london-eye-shpk,L81326031F,Durrës Stacioni i Trenit,DR-1,Fushë-Krujë,KR-10,11:00,11:41,41.5,34.6,1,"1,2,3,4,5,6,7",8/3/2026,60,0,0,True,1
Durrës,Fushë-Krujë,DR41,Durrës – Fushë Krujë – Durrës,LONDON EYE,https://www.dpshtrr.al/operatoret/london-eye-shpk,L81326031F,Durrës Stacioni i Trenit,DR-1,Fushë-Krujë,KR-10,11:00,11:41,41.5,34.6,1,"1,2,3,4,5,6,7",8/3/2026,60,0,0,True,1
Durrës,Fushë-Krujë,DR53,Fushë Krujë – Durrës – Fushë Krujë,BORA TRANS,https://www.dpshtrr.al/operatoret/bora-trans-shpk,L43810201A,Durrës Stacioni i Trenit,DR-1,Fushë-Krujë,KR-10,12:00,12:41,41.5,34.6,1,"1,2,3,4,5,6,7",8/3/2026,60,0,0,True,2
Durrës,Fushë-Krujë,TR1,Tiranë – Fushë Krujë – Tiranë (me kalim nga Kamza),Luna,https://www.dpshtrr.al/operatoret/lu-na-shpk,K31412087P,Tiranë Veri-Jug,TR-2,Fushë-Krujë,KR-10,13:00,13:19,19.9,16.6,1,"1,2,3,4,5,6,7",8/3/2026,60,0,0,True,3
Durrës,Gjirokastër,TR15,Tiranë – Gjirokastër – Tiranë,TIRKA 2000,https://www.dpshtrr.al/operatoret/tirka-2000-shpk,J72027001C,Tiranë Veri-Jug,TR-2,Gjirokastër,GJ-1,06:45,11:16,271.1,225.8,1,"1,2,3,4,5,6,7",8/3/2026,60,0,0,True,1
Durrës,Gjirokastër,TR58,Tiranë – Dropull – Tiranë,PIKO,https://www.dpshtrr.al/operatoret/piko-shpk,K22301006J,Tiranë Veri-Jug,TR-2,Dropull,GJ-11,07:00,11:55,295.3,246.0,1,"1,2,3,4,5,6,7",8/3/2026,60,0,0,True,3
Durrës,Gjirokastër,GJ9,Dropull - Gjirokastër - Dropull,GREEN BUS,https://www.dpshtrr.al/operatoret/green-bus-travel,L81523015O,Dropull,GJ-11,Gjirokastër,GJ-1,12:00,12:24,24.2,20.2,1,"1,2,3,4,5,6,7",8/3/2026,60,0,0,True,3
Durrës,Gjirokastër,GJ7,Gjirokastër - Durrës - Gjirokastër,ARGJIRO,https://www.dpshtrr.al/operatoret/argjiro-shpk,J93316647D,Durrës (Plepa),DR-3,Gjirokastër,GJ-1,11:00,14:47,227.1,189.2,1,"1,2,3,4,5,6,7",8/3/2026,60,0,0,True,2
Durrës,Gjirokastër,DR22,Durrës – Gjirokastër – Durrës,KOPO TRANS,https://www.dpshtrr.al/operatoret/kopo-trans-shpk,L78921201C,Durrës (Plepa),DR-3,Gjirokastër,GJ-1,07:10,10:57,227.1,189.2,1,"1,2,3,4,5,6,7",8/3/2026,60,0,0,True,0
Durrës,Gjirokastër,DR1,Durrës – Sarandë – Durrës,NORD,https://www.dpshtrr.al/operatoret/nord-shpk,K31526521F,Durrës (Plepa),DR-3,Sarandë,SR-7,06:30,10:58,268.9,224.0,1,"1,2,3,4,5,6,7",8/3/2026,60,0,0,True,1
Durrës,Gjirokastër,DR16,Durrës – Përmet – Durrës,ESLI TRANS,https://www.dpshtrr.al/operatoret/esli-trans-shpk,K91928501T,Durrës (Plepa),DR-3,Përmet,PR-1,06:00,10:03,243.4,202.7,1,"1,2,3,4,5,6,7",8/3/2026,60,0,0,True,1
Durrës,Gjirokastër,DR4,Durrës – Kavajë – Durrës,SHQIPONJA,https://www.dpshtrr.al/operatoret/shqiponja-shpk,K23206026B,Durrës Stacioni i Trenit,DR-1,Kavaje (ish Agjencia),KJ-5,10:00,10:25,25.1,20.9,1,"1,2,3,4,5,6,7",8/3/2026,60,0,0,True,3
Durrës,Gjirokastër,GJ1,Gjirokastër - Elbasan - Gjirokastër,ARGJIRO,https://www.dpshtrr.al/operatoret/argjiro-shpk,J93316647D,"Elbasan ""Kryqezimi i Cerrikut""",EL-4,Gjirokastër,GJ-1,13:00,17:07,247.9,206.5,1,"1,2,3,4,5,6,7",8/3/2026,60,0,0,True,3
Durrës,Gjirokastër,GJ6,Gjirokastër - Tiranë - Gjirokastër,ARGJIRO,https://www.dpshtrr.al/operatoret/argjiro-shpk,J93316647D,Tiranë Veri-Jug,TR-2,Gjirokastër,GJ-1,13:00,17:31,271.8,226.4,1,"1,2,3,4,5,6,7",8/3/2026,60,0,0,True,2
Durrës,Gjirokastër,GJ6,Gjirokastër - Tiranë - Gjirokastër,ARGJIRO,https://www.dpshtrr.al/operatoret/argjiro-shpk,J93316647D,Tiranë Veri-Jug,TR-2,Gjirokastër,GJ-1,14:30,19:01,271.8,226.4,1,"1,2,3,4,5,6,7",8/3/2026,60,0,0,True,2
Durrës,Gjirokastër,TR15,Tiranë – Gjirokastër – Tiranë,TIRKA 2000,https://www.dpshtrr.al/operatoret/tirka-2000-shpk,J72027001C,Tiranë Veri-Jug,TR-2,Gjirokastër,GJ-1,15:30,20:01,271.1,225.8,1,"1,2,3,4,5,6,7",8/3/2026,60,0,0,True,3
Durrës,Golem,DR44,Durrës – Golem – Durrës,F.D.A LINE BUS,https://www.dpshtrr.al/operatoret/fda-line-bus-shpk,L01510503R,Durrës Stacioni i Trenit,DR-1,Golem,DR-22,06:00,06:41,41.2,13.7,1,"1,2,3,4,5,6,7",8/3/2026,60,0,0,True,0
Durrës,Golem,DR44,Durrës – Golem – Durrës,F.D.A LINE BUS,https://www.dpshtrr.al/operatoret/fda-line-bus-shpk,L01510503R,Durrës Stacioni i Trenit,DR-1,Golem,DR-22,07:00,07:41,41.2,13.7,1,"1,2,3,4,5,6,7",8/3/2026,60,0,0,True,0
Durrës,Golem,DR45,Golem – Durrës - Golem,F.D.A LINE BUS,https://www.dpshtrr.al/operatoret/fda-line-bus-shpk,L01510503R,Durrës Stacioni i Trenit,DR-1,Golem,DR-22,07:30,08:11,41.2,13.7,1,"1,2,3,4,5,6,7",8/3/2026,60,0,0,True,0
Durrës,Golem,DR44,Durrës – Golem – Durrës,F.D.A LINE BUS,https://www.dpshtrr.al/operatoret/fda-line-bus-shpk,L01510503R,Durrës Stacioni i Trenit,DR-1,Golem,DR-22,08:00,08:41,41.2,13.7,1,"1,2,3,4,5,6,7",8/3/2026,60,0,0,True,0
Durrës,Golem,DR45,Golem – Durrës - Golem,F.D.A LINE BUS,https://www.dpshtrr.al/operatoret/fda-line-bus-shpk,L01510503R,Durrës Stacioni i Trenit,DR-1,Golem,DR-22,08:30,09:11,41.2,13.7,1,"1,2,3,4,5,6,7",8/3/2026,60,0,0,True,0
Durrës,Golem,DR44,Durrës – Golem – Durrës,F.D.A LINE BUS,https://www.dpshtrr.al/operatoret/fda-line-bus-shpk,L01510503R,Durrës Stacioni i Trenit,DR-1,Golem,DR-22,09:00,09:41,41.2,13.7,1,"1,2,3,4,5,6,7",8/3/2026,60,0,0,True,0
Durrës,Golem,DR45,Golem – Durrës - Golem,F.D.A LINE BUS,https://www.dpshtrr.al/operatoret/fda-line-bus-shpk,L01510503R,Durrës Stacioni i Trenit,DR-1,Golem,DR-22,09:30,10:11,41.2,13.7,1,"1,2,3,4,5,6,7",8/3/2026,60,0,0,True,0
Durrës,Golem,DR44,Durrës – Golem – Durrës,F.D.A LINE BUS,https://www.dpshtrr.al/operatoret/fda-line-bus-shpk,L01510503R,Durrës Stacioni i Trenit,DR-1,Golem,DR-22,10:00,10:41,41.2,13.7,1,"1,2,3,4,5,6,7",8/3/2026,60,0,0,True,0
Durrës,Golem,DR45,Golem – Durrës - Golem,F.D.A LINE BUS,https://www.dpshtrr.al/operatoret/fda-line-bus-shpk,L01510503R,Durrës Stacioni i Trenit,DR-1,Golem,DR-22,10:30,11:11,41.2,13.7,1,"1,2,3,4,5,6,7",8/3/2026,60,0,0,True,2
Durrës,Golem,DR44,Durrës – Golem – Durrës,F.D.A LINE BUS,https://www.dpshtrr.al/operatoret/fda-line-bus-shpk,L01510503R,Durrës Stacioni i Trenit,DR-1,Golem,DR-22,11:00,11:41,41.2,13.7,1,"1,2,3,4,5,6,7",8/3/2026,60,0,0,True,2
Durrës,Golem,DR45,Golem – Durrës - Golem,F.D.A LINE BUS,https://www.dpshtrr.al/operatoret/fda-line-bus-shpk,L01510503R,Durrës Stacioni i Trenit,DR-1,Golem,DR-22,11:30,12:11,41.2,13.7,1,"1,2,3,4,5,6,7",8/3/2026,60,0,0,True,2
Durrës,Golem,DR44,Durrës – Golem – Durrës,F.D.A LINE BUS,https://www.dpshtrr.al/operatoret/fda-line-bus-shpk,L01510503R,Durrës Stacioni i Trenit,DR-1,Golem,DR-22,12:00,12:41,41.2,13.7,1,"1,2,3,4,5,6,7",8/3/2026,60,0,0,True,2
Durrës,Gramsh,DR11,Durrës – Gramsh – Durrës,ALFA TRANS,https://www.dpshtrr.al/operatoret/alfa-trans-shpk,K31528554O,Durrës (Plepa),DR-3,Gramsh,EL-6,07:30,09:17,107.7,89.7,1,"1,2,3,4,5,6,7",8/3/2026,60,0,0,True,0
Durrës,Gramsh,EL43,Gramsh – Durrës – Gramsh,TOMKLEDE,https://www.dpshtrr.al/operatoret/tomklede-shpk,K47103803D,Durrës (Plepa),DR-3,Gramsh,EL-6,14:30,16:17,107.7,89.7,1,"1,2,3,4,5,6,7",8/3/2026,60,0,0,True,0
Durrës,Gramsh,EL43,Gramsh – Durrës – Gramsh,TOMKLEDE,https://www.dpshtrr.al/operatoret/tomklede-shpk,K47103803D,Durrës (Plepa),DR-3,Gramsh,EL-6,16:00,17:47,107.7,89.7,1,"1,2,3,4,5,6,7",8/3/2026,60,0,0,True,0
Durrës,Gramsh,EL45,Gramsh – Elbasan – Gramsh,AURORA 2,https://www.dpshtrr.al/operatoret/aurora-2-shpk,K16410809V,"Elbasan ""Kryqezimi i Cerrikut""",EL-4,Gramsh,EL-6,15:00,15:48,48.6,40.5,1,"1,2,3,4,5,6,7",8/3/2026,60,0,0,True,4
Durrës,Gramsh,EL44,Gramsh – Kamzë – Gramsh,DIOMELA,https://www.dpshtrr.al/operatoret/diomela-shpk,K96615802E,Kamëz,TR-00096,Gramsh,EL-6,14:30,16:16,106.2,88.5,1,"1,2,3,4,5,6,7",8/3/2026,60,0,0,True,2
Durrës,Gramsh,DR17,Durrës – Kamëz – Durrës,AUTO DUKA TRANS,https://www.dpshtrr.al/operatoret/auto-duka-trans-shpk,L62415504J,Durrës Stacioni i Trenit,DR-1,Kamëz,TR-00096,09:45,10:31,46.3,38.6,1,"1,2,3,4,5,6,7",8/3/2026,60,0,0,True,3
Durrës,Gramsh,EL45,Gramsh – Elbasan – Gramsh,AURORA 2,https://www.dpshtrr.al/operatoret/aurora-2-shpk,K16410809V,"Elbasan ""Kryqezimi i Cerrikut""",EL-4,Gramsh,EL-6,16:00,16:48,48.6,40.5,1,"1,2,3,4,5,6,7",8/3/2026,60,0,0,True,4
Durrës,Gramsh,DR17,Durrës – Kamëz – Durrës,AUTO DUKA TRANS,https://www.dpshtrr.al/operatoret/auto-duka-trans-shpk,L62415504J,Durrës Stacioni i Trenit,DR-1,Kamëz,TR-00096,11:45,12:31,46.3,38.6,1,"1,2,3,4,5,6,7",8/3/2026,60,0,0,True,3
Durrës,Gramsh,TR71,Kamëz – Gramsh - Kamëz,VALAMRJA - 07,https://www.dpshtrr.al/operatoret/valamarja-07-shpk,K72029014V,Kamëz,TR-00096,Gramsh,EL-6,06:00,07:46,106.2,88.5,1,"1,2,3,4,5,6,7",8/4/2026,60,0,0,True,3
Durrës,Kamëz,TR66,Kamëz – Durrës – Kamëz,SHPRESA - AL,https://www.dpshtrr.al/operatoret/shpresa-al-shpk,K31321021N,Durrës Stacioni i Trenit,DR-1,Kamëz,TR-00096,07:00,07:46,46.3,38.6,1,"1,2,3,4,5,6,7",8/3/2026,60,0,0,True,0
Durrës,Kamëz,TR66,Kamëz – Durrës – Kamëz,SHPRESA - AL,https://www.dpshtrr.al/operatoret/shpresa-al-shpk,K31321021N,Durrës Stacioni i Trenit,DR-1,Kamëz,TR-00096,07:30,08:16,46.3,38.6,1,"1,2,3,4,5,6,7",8/3/2026,60,0,0,True,0
Durrës,Kamëz,TR66,Kamëz – Durrës – Kamëz,SHPRESA - AL,https://www.dpshtrr.al/operatoret/shpresa-al-shpk,K31321021N,Durrës Stacioni i Trenit,DR-1,Kamëz,TR-00096,08:00,08:46,46.3,38.6,1,"1,2,3,4,5,6,7",8/3/2026,60,0,0,True,0
Durrës,Kamëz,TR66,Kamëz – Durrës – Kamëz,SHPRESA - AL,https://www.dpshtrr.al/operatoret/shpresa-al-shpk,K31321021N,Durrës Stacioni i Trenit,DR-1,Kamëz,TR-00096,11:00,11:46,46.3,38.6,1,"1,2,3,4,5,6,7",8/3/2026,60,0,0,True,2
Durrës,Kamëz,DR17,Durrës – Kamëz – Durrës,AUTO DUKA TRANS,https://www.dpshtrr.al/operatoret/auto-duka-trans-shpk,L62415504J,Durrës Stacioni i Trenit,DR-1,Kamëz,TR-00096,11:15,12:01,46.3,38.6,1,"1,2,3,4,5,6,7",8/3/2026,60,0,0,True,2
Durrës,Kavajë,TR62,Tiranë – Kavajë – Tiranë,CITY KAVAJA,https://www.dpshtrr.al/operatoret/city-kavaja-shpk,L63621801S,Tiranë Veri-Jug,TR-2,Kavaje (ish Agjencia),KJ-5,07:00,08:01,61.5,51.2,1,"1,2,3,4,5,6,7",8/3/2026,60,0,0,True,1
Durrës,Kavajë,TR75,Kavajë – Tiranë – Kavajë,CITY KAVAJA,https://www.dpshtrr.al/operatoret/city-kavaja-shpk,L63621801S,Tiranë Veri-Jug,TR-2,Kavaje (linja TR),KJ-1,08:00,09:01,61.3,51.1,1,"1,2,3,4,5,6,7",8/3/2026,60,0,0,True,1
Durrës,Kavajë,TR75,Kavajë – Tiranë – Kavajë,CITY KAVAJA,https://www.dpshtrr.al/operatoret/city-kavaja-shpk,L63621801S,Tiranë Veri-Jug,TR-2,Kavaje (linja TR),KJ-1,09:00,10:01,61.3,51.1,1,"1,2,3,4,5,6,7",8/3/2026,60,0,0,True,1
Durrës,Kavajë,TR75,Kavajë – Tiranë – Kavajë,CITY KAVAJA,https://www.dpshtrr.al/operatoret/city-kavaja-shpk,L63621801S,Tiranë Veri-Jug,TR-2,Kavaje (linja TR),KJ-1,11:00,12:01,61.3,51.1,1,"1,2,3,4,5,6,7",8/3/2026,60,0,0,True,1
Durrës,Kavajë,TR75,Kavajë – Tiranë – Kavajë,CITY KAVAJA,https://www.dpshtrr.al/operatoret/city-kavaja-shpk,L63621801S,Tiranë Veri-Jug,TR-2,Kavaje (linja TR),KJ-1,12:00,13:01,61.3,51.1,1,"1,2,3,4,5,6,7",8/3/2026,60,0,0,True,1
Durrës,Kavajë,TR75,Kavajë – Tiranë – Kavajë,CITY KAVAJA,https://www.dpshtrr.al/operatoret/city-kavaja-shpk,L63621801S,Tiranë Veri-Jug,TR-2,Kavaje (linja TR),KJ-1,14:00,15:01,61.3,51.1,1,"1,2,3,4,5,6,7",8/3/2026,60,0,0,True,2
Durrës,Kavajë,TR75,Kavajë – Tiranë – Kavajë,CITY KAVAJA,https://www.dpshtrr.al/operatoret/city-kavaja-shpk,L63621801S,Tiranë Veri-Jug,TR-2,Kavaje (linja TR),KJ-1,15:00,16:01,61.3,51.1,1,"1,2,3,4,5,6,7",8/3/2026,60,0,0,True,1
Durrës,Kavajë,TR75,Kavajë – Tiranë – Kavajë,CITY KAVAJA,https://www.dpshtrr.al/operatoret/city-kavaja-shpk,L63621801S,Tiranë Veri-Jug,TR-2,Kavaje (linja TR),KJ-1,17:00,18:01,61.3,51.1,1,"1,2,3,4,5,6,7",8/3/2026,60,0,0,True,1
Durrës,Kavajë,TR75,Kavajë – Tiranë – Kavajë,CITY KAVAJA,https://www.dpshtrr.al/operatoret/city-kavaja-shpk,L63621801S,Tiranë Veri-Jug,TR-2,Kavaje (linja TR),KJ-1,18:00,19:01,61.3,51.1,1,"1,2,3,4,5,6,7",8/3/2026,60,0,0,True,1
Durrës,Kavajë,TR62,Tiranë – Kavajë – Tiranë,CITY KAVAJA,https://www.dpshtrr.al/operatoret/city-kavaja-shpk,L63621801S,Tiranë Veri-Jug,TR-2,Kavaje (ish Agjencia),KJ-5,10:00,11:01,61.5,51.2,1,"1,2,3,4,5,6,7",8/3/2026,60,0,0,True,1
Durrës,Kavajë,TR73,Kavajë – Durrës – Kavajë,ALDO TOURS,https://www.dpshtrr.al/operatoret/aldo-tours-2013-shpk,L33129802C,Durrës Stacioni i Trenit,DR-1,Kavaje (ish Agjencia),KJ-5,11:00,11:25,25.1,20.9,1,"1,2,3,4,5,6,7",8/3/2026,60,0,0,True,2
Durrës,Kavajë,TR73,Kavajë – Durrës – Kavajë,ALDO TOURS,https://www.dpshtrr.al/operatoret/aldo-tours-2013-shpk,L33129802C,Durrës Stacioni i Trenit,DR-1,Kavaje (ish Agjencia),KJ-5,11:30,11:55,25.1,20.9,1,"1,2,3,4,5,6,7",8/3/2026,60,0,0,True,2
Durrës,Kavajë,TR73,Kavajë – Durrës – Kavajë,ALDO TOURS,https://www.dpshtrr.al/operatoret/aldo-tours-2013-shpk,L33129802C,Durrës Stacioni i Trenit,DR-1,Kavaje (ish Agjencia),KJ-5,12:00,12:25,25.1,20.9,1,"1,2,3,4,5,6,7",8/3/2026,60,0,0,True,2
Durrës,Kavajë,TR73,Kavajë – Durrës – Kavajë,ALDO TOURS,https://www.dpshtrr.al/operatoret/aldo-tours-2013-shpk,L33129802C,Durrës Stacioni i Trenit,DR-1,Kavaje (ish Agjencia),KJ-5,10:30,10:55,25.1,20.9,1,"1,2,3,4,5,6,7",8/3/2026,60,0,0,True,1
Durrës,Kavajë,TR75,Kavajë – Tiranë – Kavajë,CITY KAVAJA,https://www.dpshtrr.al/operatoret/city-kavaja-shpk,L63621801S,Tiranë Veri-Jug,TR-2,Kavaje (linja TR),KJ-1,19:00,20:01,61.3,51.1,1,"1,2,3,4,5,6,7",8/3/2026,60,0,0,True,2
Durrës,Korçë,KO3,Korçë - Tiranë - Korçë,START BUS KORCA,https://www.dpshtrr.al/operatoret/start-bus-korca-shpk,K24722001V,Tiranë Jug-Lindje,TR-1,Korçë,KO-2,12:00,15:15,195.6,155.3,1,"1,2,3,4,5,6,7",8/3/2026,60,0,0,True,4
Durrës,Korçë,DR25,Durrës – Prrenjas – Durrës,EIGA,https://www.dpshtrr.al/operatoret/eiga-shpk,K51611501N,Durrës (Plepa),DR-3,Prrenjas,LB-5,07:00,09:31,151.0,125.8,1,"1,2,3,4,5,6,7",8/3/2026,60,0,0,True,2
Durrës,Korçë,KO8,Korçë - Lushnjë - Korçë,START BUS KORCA,https://www.dpshtrr.al/operatoret/start-bus-korca-shpk,K24722001V,Lushnjë,LU-1,Korçë,KO-2,12:00,15:39,219.7,183.1,1,"1,2,3,4,5,6,7",8/3/2026,60,0,0,True,3
Durrës,Korçë,KO27,Korçë-Elbasan-Korçë,MORAVA 93,https://www.dpshtrr.al/operatoret/morava-93-shpk,K33804004D,"Elbasan ""Kryqezimi i Cerrikut""",EL-4,Korçë,KO-2,14:00,16:27,147.2,122.7,1,"1,2,3,4,5,6,7",8/3/2026,60,0,0,True,3
Durrës,Korçë,KO5,Korçë - Berat- Korçë,START BUS KORCA,https://www.dpshtrr.al/operatoret/start-bus-korca-shpk,K24722001V,Berat,BR-1,Korçë,KO-2,15:00,18:44,224.6,187.1,1,"1,2,3,4,5,6,7",8/3/2026,60,0,0,True,3
Durrës,Korçë,KO2,Korçë - Durrës - Korçë,START BUS KORCA,https://www.dpshtrr.al/operatoret/start-bus-korca-shpk,K24722001V,Durrës (Plepa),DR-3,Korçë,KO-2,15:00,18:54,234.5,195.3,1,"1,2,3,4,5,6,7",8/3/2026,60,0,0,True,3
Durrës,Korçë,KO26,Korçë-Kamëz-Korçë,RIKI TRANS,https://www.dpshtrr.al/operatoret/riki-trans-shpk,L71309505G,Kamëz,TR-00096,Korçë,KO-2,16:00,19:27,207.2,172.7,1,"1,2,3,4,5,6,7",8/3/2026,60,0,0,True,3
Durrës,Kruje,TR26,Tiranë – Krujë – Tiranë,SHPRESA - AL,https://www.dpshtrr.al/operatoret/shpresa-al-shpk,K31321021N,Tiranë Veri-Jug,TR-2,Kruje,KR-1,07:00,07:32,32.1,26.7,1,"1,2,3,4,5,6,7",8/3/2026,60,0,0,True,1
Durrës,Kruje,DR52,Fushë Krujë – Krujë – Fushë Krujë,MAGIC GLOBE,https://www.dpshtrr.al/operatoret/magic-globe-shpk,L41427021C,Fushë-Krujë,KR-10,Kruje,KR-1,08:00,08:12,12.4,10.3,1,"1,2,3,4,5,6,7",8/3/2026,60,0,0,True,1
Durrës,Kruje,TR26,Tiranë – Krujë – Tiranë,SHPRESA - AL,https://www.dpshtrr.al/operatoret/shpresa-al-shpk,K31321021N,Tiranë Veri-Jug,TR-2,Kruje,KR-1,08:00,08:32,32.1,26.7,1,"1,2,3,4,5,6,7",8/3/2026,60,0,0,True,1
Durrës,Kruje,DR52,Fushë Krujë – Krujë – Fushë Krujë,MAGIC GLOBE,https://www.dpshtrr.al/operatoret/magic-globe-shpk,L41427021C,Fushë-Krujë,KR-10,Kruje,KR-1,09:00,09:12,12.4,10.3,1,"1,2,3,4,5,6,7",8/3/2026,60,0,0,True,1
Durrës,Kruje,DR52,Fushë Krujë – Krujë – Fushë Krujë,MAGIC GLOBE,https://www.dpshtrr.al/operatoret/magic-globe-shpk,L41427021C,Fushë-Krujë,KR-10,Kruje,KR-1,10:00,10:12,12.4,10.3,1,"1,2,3,4,5,6,7",8/3/2026,60,0,0,True,1
Durrës,Kruje,DR40,Durrës – Krujë – Durrës,DURRËSI,https://www.dpshtrr.al/operatoret/durresi-shpk,K31702518J,Durrës Stacioni i Trenit,DR-1,Kruje,KR-1,09:30,10:23,53.6,44.7,1,"1,2,3,4,5,6,7",8/3/2026,60,0,0,True,0
Durrës,Kruje,TR26,Tiranë – Krujë – Tiranë,SHPRESA - AL,https://www.dpshtrr.al/operatoret/shpresa-al-shpk,K31321021N,Tiranë Veri-Jug,TR-2,Kruje,KR-1,09:00,09:32,32.1,26.7,1,"1,2,3,4,5,6,7",8/3/2026,60,0,0,True,1
Durrës,Kruje,DR47,Krujë – Tiranë – Krujë,A & A TRANS,https://www.dpshtrr.al/operatoret/trans-shpk,L04001204A,Tiranë Veri-Jug,TR-2,Kruje,KR-1,10:00,10:32,32.1,26.7,1,"1,2,3,4,5,6,7",8/3/2026,60,0,0,True,1
Durrës,Kruje,DR52,Fushë Krujë – Krujë – Fushë Krujë,MAGIC GLOBE,https://www.dpshtrr.al/operatoret/magic-globe-shpk,L41427021C,Fushë-Krujë,KR-10,Kruje,KR-1,11:00,11:12,12.4,10.3,1,"1,2,3,4,5,6,7",8/3/2026,60,0,0,True,2
Durrës,Kruje,DR47,Krujë – Tiranë – Krujë,A & A TRANS,https://www.dpshtrr.al/operatoret/trans-shpk,L04001204A,Tiranë Veri-Jug,TR-2,Kruje,KR-1,11:00,11:32,32.1,26.7,1,"1,2,3,4,5,6,7",8/3/2026,60,0,0,True,1
Durrës,Kruje,DR52,Fushë Krujë – Krujë – Fushë Krujë,MAGIC GLOBE,https://www.dpshtrr.al/operatoret/magic-globe-shpk,L41427021C,Fushë-Krujë,KR-10,Kruje,KR-1,12:00,12:12,12.4,10.3,1,"1,2,3,4,5,6,7",8/3/2026,60,0,0,True,2
Durrës,Kruje,DR50,Krujë – Fushë Krujë – Krujë,SHKELZENI AGJENSI,https://www.dpshtrr.al/operatoret/shkelzeni-agjensi-shpk,K41921002D,Fushë-Krujë,KR-10,Kruje,KR-1,12:00,12:12,12.4,10.3,1,"1,2,3,4,5,6,7",8/3/2026,60,0,0,True,2
Durrës,Kruje,DR51,Krujë – Durrës – Krujë,SHKELZENI AGJENSI,https://www.dpshtrr.al/operatoret/shkelzeni-agjensi-shpk,K41921002D,Durrës Stacioni i Trenit,DR-1,Kruje,KR-1,12:00,12:53,53.6,44.7,1,"1,2,3,4,5,6,7",8/3/2026,60,0,0,True,2
Durrës,Kruje,DR52,Fushë Krujë – Krujë – Fushë Krujë,MAGIC GLOBE,https://www.dpshtrr.al/operatoret/magic-globe-shpk,L41427021C,Fushë-Krujë,KR-10,Kruje,KR-1,13:00,13:12,12.4,10.3,1,"1,2,3,4,5,6,7",8/3/2026,60,0,0,True,3
Durrës,Krumë,DR30,Durrës – Krumë – Durrës (pa të drejtë qëndrimi në Kukës),VËLLEZËRIT SHPATA,https://www.dpshtrr.al/operatoret/vellezer-shpata-shpk,K81705504N,Durrës Stacioni i Trenit,DR-1,Krumë,KRU-4,06:30,10:04,214.3,178.5,1,"1,2,3,4,5,6,7",8/3/2026,60,0,0,True,0
Durrës,Krumë,TR27,Tiranë – Krumë – Tiranë,SHPRESA - AL,https://www.dpshtrr.al/operatoret/shpresa-al-shpk,K31321021N,Tiranë Veri-Jug,TR-2,Krumë,KRU-4,07:00,10:25,205.1,170.8,1,"1,2,3,4,5,6,7",8/3/2026,60,0,0,True,1
Durrës,Krumë,DR10,Durrës – Kukës – Durrës,ARMEND,https://www.dpshtrr.al/operatoret/armed-shpk,K41606511R,Durrës Stacioni i Trenit,DR-1,Kukës,KU-1,06:15,09:16,181.3,151.0,1,"1,2,3,4,5,6,7",8/3/2026,60,0,0,True,1
Durrës,Krumë,KU6,Kukës - Krumë - Kukës,FAT - 5,https://www.dpshtrr.al/operatoret/fat-5-shpk,K37509289U,Kukës,KU-1,Krumë,KRU-4,10:00,10:34,34.7,28.9,1,"1,2,3,4,5,6,7",8/3/2026,60,0,0,True,1
Durrës,Krumë,TR27,Tiranë – Krumë – Tiranë,SHPRESA - AL,https://www.dpshtrr.al/operatoret/shpresa-al-shpk,K31321021N,Tiranë Veri-Jug,TR-2,Krumë,KRU-4,07:30,10:55,205.1,170.8,1,"1,2,3,4,5,6,7",8/3/2026,60,0,0,True,1
Durrës,Krumë,DR30,Durrës – Krumë – Durrës (pa të drejtë qëndrimi në Kukës),VËLLEZËRIT SHPATA,https://www.dpshtrr.al/operatoret/vellezer-shpata-shpk,K81705504N,Durrës Stacioni i Trenit,DR-1,Krumë,KRU-4,08:00,11:34,214.3,178.5,1,"1,2,3,4,5,6,7",8/3/2026,60,0,0,True,0
Durrës,Krumë,DR10,Durrës – Kukës – Durrës,ARMEND,https://www.dpshtrr.al/operatoret/armed-shpk,K41606511R,Durrës Stacioni i Trenit,DR-1,Kukës,KU-1,07:00,10:01,181.3,151.0,1,"1,2,3,4,5,6,7",8/3/2026,60,0,0,True,1
Durrës,Krumë,KU14,Krumë - Kukës - Krumë,NELI TOURS,https://www.dpshtrr.al/operatoret/neli-tours,L47027901T,Kukës,KU-1,Krumë,KRU-4,11:00,11:34,34.7,28.9,1,"1,2,3,4,5,6,7",8/3/2026,60,0,0,True,1
Durrës,Krumë,TR27,Tiranë – Krumë – Tiranë,SHPRESA - AL,https://www.dpshtrr.al/operatoret/shpresa-al-shpk,K31321021N,Tiranë Veri-Jug,TR-2,Krumë,KRU-4,08:30,11:55,205.1,170.8,1,"1,2,3,4,5,6,7",8/3/2026,60,0,0,True,1
Durrës,Krumë,DR10,Durrës – Kukës – Durrës,ARMEND,https://www.dpshtrr.al/operatoret/armed-shpk,K41606511R,Durrës Stacioni i Trenit,DR-1,Kukës,KU-1,09:30,12:31,181.3,151.0,1,"1,2,3,4,5,6,7",8/3/2026,60,0,0,True,1
Durrës,Krumë,KU14,Krumë - Kukës - Krumë,NELI TOURS,https://www.dpshtrr.al/operatoret/neli-tours,L47027901T,Kukës,KU-1,Krumë,KRU-4,13:00,13:34,34.7,28.9,1,"1,2,3,4,5,6,7",8/3/2026,60,0,0,True,1
Durrës,Krumë,TR7,Tiranë – Kukës – Tiranë,BIT + D 2010,https://www.dpshtrr.al/operatoret/bit-d-2010-shpk,L01908016U,Tiranë Veri-Jug,TR-2,Kukës,KU-1,08:00,10:50,170.4,142.0,1,"1,2,3,4,5,6,7",8/3/2026,60,0,0,True,2
Durrës,Krumë,TR7,Tiranë – Kukës – Tiranë,BIT + D 2010,https://www.dpshtrr.al/operatoret/bit-d-2010-shpk,L01908016U,Tiranë Veri-Jug,TR-2,Kukës,KU-1,09:00,11:50,170.4,142.0,1,"1,2,3,4,5,6,7",8/3/2026,60,0,0,True,2
Durrës,Krumë,KU6,Kukës - Krumë - Kukës,FAT - 5,https://www.dpshtrr.al/operatoret/fat-5-shpk,K37509289U,Kukës,KU-1,Krumë,KRU-4,12:00,12:34,34.7,28.9,1,"1,2,3,4,5,6,7",8/3/2026,60,0,0,True,2
Durrës,Krumë,TR27,Tiranë – Krumë – Tiranë,SHPRESA - AL,https://www.dpshtrr.al/operatoret/shpresa-al-shpk,K31321021N,Tiranë Veri-Jug,TR-2,Krumë,KRU-4,10:00,13:25,205.1,170.8,1,"1,2,3,4,5,6,7",8/3/2026,60,0,0,True,1
Durrës,Krumë,TR7,Tiranë – Kukës – Tiranë,BIT + D 2010,https://www.dpshtrr.al/operatoret/bit-d-2010-shpk,L01908016U,Tiranë Veri-Jug,TR-2,Kukës,KU-1,10:00,12:50,170.4,142.0,1,"1,2,3,4,5,6,7",8/3/2026,60,0,0,True,2
Durrës,Krumë,TR7,Tiranë – Kukës – Tiranë,BIT + D 2010,https://www.dpshtrr.al/operatoret/bit-d-2010-shpk,L01908016U,Tiranë Veri-Jug,TR-2,Kukës,KU-1,11:00,13:50,170.4,142.0,1,"1,2,3,4,5,6,7",8/3/2026,60,0,0,True,2
Durrës,Krumë,TR67,Kamëz – Kukës – Kamëz,BUZMADHE,https://www.dpshtrr.al/operatoret/buzmadhe-shpk,L62419007A,Kamëz,TR-00096,Kukës,KU-1,09:00,11:34,154.9,129.0,1,"1,2,3,4,5,6,7",8/3/2026,60,0,0,True,3
Durrës,Krumë,KU13,Krumë - Durrës - Krumë,QJL TRANS,https://www.dpshtrr.al/operatoret/qjl-trans-shpk,L56816901K,Durrës Stacioni i Trenit,DR-1,Krumë,KRU-4,14:00,17:35,215.6,179.6,1,"1,2,3,4,5,6,7",8/3/2026,60,0,0,True,1
Durrës,Krumë,KU12,Krumë - Tiranë - Krumë,SEIDI TOURS,https://www.dpshtrr.al/operatoret/seidi-tours-shpk,K97116901R,Tiranë Veri-Jug,TR-2,Krumë,KRU-4,15:30,18:44,194.1,161.7,1,"1,2,3,4,5,6,7",8/3/2026,60,0,0,True,2
Durrës,Krumë,KU3,Kukës - Kamzë - Kukës,FAT - 5,https://www.dpshtrr.al/operatoret/fat-5-shpk,K37509289U,Kamëz,TR-00096,Kukës,KU-1,11:00,13:34,154.9,129.0,1,"1,2,3,4,5,6,7",8/3/2026,60,0,0,True,4
Durrës,Kucove,FR4,Fier – Kuçovë – Fier,ÇUKO,https://www.dpshtrr.al/operatoret/cuko-shpk,J62903571K,Fier,FR-8,Kucove,BR-46,09:45,10:31,46.8,39.0,1,"1,2,3,4,5,6,7",8/3/2026,60,0,0,True,2
Durrës,Kucove,BR12,Kuçove – Fier  – Kuçove,INTERBAN K,https://www.dpshtrr.al/operatoret/interban-k-shpk,L57508102P,Fier,FR-8,Kucove,BR-46,10:00,10:46,46.8,39.0,1,"1,2,3,4,5,6,7",8/3/2026,60,0,0,True,2
Durrës,Kucove,TR20,Tiranë – Kuçovë – Tiranë,TIBE,https://www.dpshtrr.al/operatoret/tibe-shpk,K31327069U,Tiranë Veri-Jug,TR-2,Kucove,BR-46,11:00,13:15,135.9,113.2,1,"1,2,3,4,5,6,7",8/3/2026,60,0,0,True,2
Durrës,Kucove,BR15,Kucove – Elbasan – Kucove,AMADA,https://www.dpshtrr.al/operatoret/amada-shpk,K88603102U,"Elbasan ""Kryqezimi i Cerrikut""",EL-4,Kucove,BR-46,12:30,13:33,63.6,53.0,1,"1,2,3,4,5,6,7",8/3/2026,60,0,0,True,3
Durrës,Kucove,BR8,Kuçovë – Tiranë  – Kuçovë,KUCOVA,https://www.dpshtrr.al/operatoret/kucova-shpk,K17621107D,Tiranë Veri-Jug,TR-2,Kucove,BR-46,12:45,15:00,135.9,113.2,1,"1,2,3,4,5,6,7",8/3/2026,60,0,0,True,3
Durrës,Kukës,TR7,Tiranë – Kukës – Tiranë,BIT + D 2010,https://www.dpshtrr.al/operatoret/bit-d-2010-shpk,L01908016U,Tiranë Veri-Jug,TR-2,Kukës,KU-1,07:00,09:50,170.4,142.0,1,"1,2,3,4,5,6,7",8/3/2026,60,0,0,True,1
Durrës,Kukës,TR67,Kamëz – Kukës – Kamëz,BUZMADHE,https://www.dpshtrr.al/operatoret/buzmadhe-shpk,L62419007A,Kamëz,TR-00096,Kukës,KU-1,08:00,10:34,154.9,129.0,1,"1,2,3,4,5,6,7",8/3/2026,60,0,0,True,1
Durrës,Kukës,KU5,Kukës - Durrës - Kukës,FAT - 5,https://www.dpshtrr.al/operatoret/fat-5-shpk,K37509289U,Durrës Stacioni i Trenit,DR-1,Kukës,KU-1,11:00,14:02,182.6,152.1,1,"1,2,3,4,5,6,7",8/3/2026,60,0,0,True,0
Durrës,Kukës,DI2,Peshkopi – Kukës – Peshkopi,ALBTRANS INTERNATIONAL,https://www.dpshtrr.al/operatoret/albtrans-international-shpk,L66605702P,Peshkopi,DI-3,Kukës,KU-1,10:30,11:58,88.5,73.8,1,"1,2,3,4,5,6,7",8/3/2026,60,0,0,True,2
Durrës,Kukës,KU19,Kukës – Peshkopi – Kukës,FAT - 5,https://www.dpshtrr.al/operatoret/fat-5-shpk,K37509289U,Peshkopi,DI-3,Kukës,KU-1,13:00,14:28,88.6,73.8,1,"1,2,3,4,5,6,7",8/3/2026,60,0,0,True,2
Durrës,Kukës,DR10,Durrës – Kukës – Durrës,ARMEND,https://www.dpshtrr.al/operatoret/armed-shpk,K41606511R,Durrës Stacioni i Trenit,DR-1,Kukës,KU-1,12:00,15:01,181.3,151.0,1,"1,2,3,4,5,6,7",8/3/2026,60,0,0,True,2
Durrës,Kukës,KU3,Kukës - Kamzë - Kukës,FAT - 5,https://www.dpshtrr.al/operatoret/fat-5-shpk,K37509289U,Kamëz,TR-00096,Kukës,KU-1,13:00,15:34,154.9,129.0,1,"1,2,3,4,5,6,7",8/3/2026,60,0,0,True,3
Durrës,Laç,TR2,Tiranë – Laç – Tiranë,Luna,https://www.dpshtrr.al/operatoret/lu-na-shpk,K31412087P,Tiranë Veri-Jug,TR-2,Laç,LA-3,07:00,07:46,46.9,39.1,1,"1,2,3,4,5,6,7",8/3/2026,60,0,0,True,1
Durrës,Laç,TR2,Tiranë – Laç – Tiranë,Luna,https://www.dpshtrr.al/operatoret/lu-na-shpk,K31412087P,Tiranë Veri-Jug,TR-2,Laç,LA-3,07:30,08:16,46.9,39.1,1,"1,2,3,4,5,6,7",8/3/2026,60,0,0,True,1
Durrës,Laç,TR2,Tiranë – Laç – Tiranë,Luna,https://www.dpshtrr.al/operatoret/lu-na-shpk,K31412087P,Tiranë Veri-Jug,TR-2,Laç,LA-3,08:00,08:46,46.9,39.1,1,"1,2,3,4,5,6,7",8/3/2026,60,0,0,True,1
Durrës,Laç,TR35,Tiranë – Lezhë – Tiranë,Luna,https://www.dpshtrr.al/operatoret/lu-na-shpk,K31412087P,Tiranë Veri-Jug,TR-2,Lezhë (Katedralja),LE-1,07:00,08:02,62.3,51.9,1,"1,2,3,4,5,6,7",8/3/2026,60,0,0,True,3
Durrës,Laç,LE15,Laç - Lezhë - Laç,LASKA 1,https://www.dpshtrr.al/operatoret/laska-1-shpk,L17709301D,Lezhë (Katedralja),LE-1,Laç,LA-3,08:30,08:54,24.4,20.4,1,"1,2,3,4,5,6,7",8/3/2026,60,0,0,True,3
Durrës,Laç,DR27,Durrës – Laç – Durrës,EIGA,https://www.dpshtrr.al/operatoret/eiga-shpk,K51611501N,Durrës Stacioni i Trenit,DR-1,Laç,LA-3,08:00,09:07,67.1,55.9,1,"1,2,3,4,5,6,7",8/3/2026,60,0,0,True,0
Durrës,Laç,TR2,Tiranë – Laç – Tiranë,Luna,https://www.dpshtrr.al/operatoret/lu-na-shpk,K31412087P,Tiranë Veri-Jug,TR-2,Laç,LA-3,08:30,09:16,46.9,39.1,1,"1,2,3,4,5,6,7",8/3/2026,60,0,0,True,1
Durrës,Laç,DR27,Durrës – Laç – Durrës,EIGA,https://www.dpshtrr.al/operatoret/eiga-shpk,K51611501N,Durrës Stacioni i Trenit,DR-1,Laç,LA-3,10:00,11:07,67.1,55.9,1,"1,2,3,4,5,6,7",8/3/2026,60,0,0,True,0
Durrës,Laç,LE13,Laç - Durrës - Laç,LASKA 1,https://www.dpshtrr.al/operatoret/laska-1-shpk,L17709301D,Durrës Stacioni i Trenit,DR-1,Laç,LA-3,10:00,11:08,68.3,56.9,1,"1,2,3,4,5,6,7",8/3/2026,60,0,0,True,0
Durrës,Laç,LE10,Laç - Tiranë - Laç,LASKA 1,https://www.dpshtrr.al/operatoret/laska-1-shpk,L17709301D,Tiranë Veri-Jug,TR-2,Laç,LA-3,09:00,09:46,46.9,39.1,1,"1,2,3,4,5,6,7",8/3/2026,60,0,0,True,1
Durrës,Laç,LE10,Laç - Tiranë - Laç,LASKA 1,https://www.dpshtrr.al/operatoret/laska-1-shpk,L17709301D,Tiranë Veri-Jug,TR-2,Laç,LA-3,09:30,10:16,46.9,39.1,1,"1,2,3,4,5,6,7",8/3/2026,60,0,0,True,1
Durrës,Laç,LE10,Laç - Tiranë - Laç,LASKA 1,https://www.dpshtrr.al/operatoret/laska-1-shpk,L17709301D,Tiranë Veri-Jug,TR-2,Laç,LA-3,10:00,10:46,46.9,39.1,1,"1,2,3,4,5,6,7",8/3/2026,60,0,0,True,1
Durrës,Laç,LE10,Laç - Tiranë - Laç,LASKA 1,https://www.dpshtrr.al/operatoret/laska-1-shpk,L17709301D,Tiranë Veri-Jug,TR-2,Laç,LA-3,10:30,11:16,46.9,39.1,1,"1,2,3,4,5,6,7",8/3/2026,60,0,0,True,1
Durrës,Laç,LE10,Laç - Tiranë - Laç,LASKA 1,https://www.dpshtrr.al/operatoret/laska-1-shpk,L17709301D,Tiranë Veri-Jug,TR-2,Laç,LA-3,11:00,11:46,46.9,39.1,1,"1,2,3,4,5,6,7",8/3/2026,60,0,0,True,1
Durrës,Laç,LE10,Laç - Tiranë - Laç,LASKA 1,https://www.dpshtrr.al/operatoret/laska-1-shpk,L17709301D,Tiranë Veri-Jug,TR-2,Laç,LA-3,11:30,12:16,46.9,39.1,1,"1,2,3,4,5,6,7",8/3/2026,60,0,0,True,2
Durrës,Laç,LE10,Laç - Tiranë - Laç,LASKA 1,https://www.dpshtrr.al/operatoret/laska-1-shpk,L17709301D,Tiranë Veri-Jug,TR-2,Laç,LA-3,12:00,12:46,46.9,39.1,1,"1,2,3,4,5,6,7",8/3/2026,60,0,0,True,2
Durrës,Laç,LE13,Laç - Durrës - Laç,LASKA 1,https://www.dpshtrr.al/operatoret/laska-1-shpk,L17709301D,Durrës Stacioni i Trenit,DR-1,Laç,LA-3,12:00,13:08,68.3,56.9,1,"1,2,3,4,5,6,7",8/3/2026,60,0,0,True,2
Durrës,Laç,TR2,Tiranë – Laç – Tiranë,Luna,https://www.dpshtrr.al/operatoret/lu-na-shpk,K31412087P,Tiranë Veri-Jug,TR-2,Laç,LA-3,13:00,13:46,46.9,39.1,1,"1,2,3,4,5,6,7",8/3/2026,60,0,0,True,3
Durrës,Lezhë,LE8,Lezhë - Laç- Lezhë,KEIVI TOURS,https://www.dpshtrr.al/operatoret/keivi-tours-shpk,L67617501L,Laç,LA-3,"Lezhë, Veri-Lindje",LE-2,08:30,08:53,23.3,19.4,1,"1,2,3,4,5,6,7",8/3/2026,60,0,0,True,2
Durrës,Lezhë,LE8,Lezhë - Laç- Lezhë,KEIVI TOURS,https://www.dpshtrr.al/operatoret/keivi-tours-shpk,L67617501L,Laç,LA-3,"Lezhë, Veri-Lindje",LE-2,09:00,09:23,23.3,19.4,1,"1,2,3,4,5,6,7",8/3/2026,60,0,0,True,2
Durrës,Lezhë,LE8,Lezhë - Laç- Lezhë,KEIVI TOURS,https://www.dpshtrr.al/operatoret/keivi-tours-shpk,L67617501L,Laç,LA-3,"Lezhë, Veri-Lindje",LE-2,09:30,09:53,23.3,19.4,1,"1,2,3,4,5,6,7",8/3/2026,60,0,0,True,1
Durrës,Lezhë,DR8,Durrës – Rrëshen  – Durrës,NORD,https://www.dpshtrr.al/operatoret/nord-shpk,K31526521F,Durrës Stacioni i Trenit,DR-1,Rrëshen,LA-2,06:30,08:11,101.7,84.7,1,"1,2,3,4,5,6,7",8/3/2026,60,0,0,True,1
Durrës,Lezhë,LE9,Lezhë - Rrëshen- Lezhë,LINDA - 80,https://www.dpshtrr.al/operatoret/linda-80-shpk,K37513530U,Rrëshen,LA-2,"Lezhë, Veri-Lindje",LE-2,11:00,11:47,47.8,39.8,1,"1,2,3,4,5,6,7",8/3/2026,60,0,0,True,1
Durrës,Lezhë,LE8,Lezhë - Laç- Lezhë,KEIVI TOURS,https://www.dpshtrr.al/operatoret/keivi-tours-shpk,L67617501L,Laç,LA-3,"Lezhë, Veri-Lindje",LE-2,11:30,11:53,23.3,19.4,1,"1,2,3,4,5,6,7",8/3/2026,60,0,0,True,2
Durrës,Lezhë,LE8,Lezhë - Laç- Lezhë,KEIVI TOURS,https://www.dpshtrr.al/operatoret/keivi-tours-shpk,L67617501L,Laç,LA-3,"Lezhë, Veri-Lindje",LE-2,12:00,12:23,23.3,19.4,1,"1,2,3,4,5,6,7",8/3/2026,60,0,0,True,1
Durrës,Lezhë,TR8,Tiranë – Rrëshen – Tiranë,BEAM,https://www.dpshtrr.al/operatoret/beam-shpk,K22313004H,Tiranë Veri-Jug,TR-2,Rrëshen,LA-2,09:00,10:27,87.1,72.6,1,"1,2,3,4,5,6,7",8/3/2026,60,0,0,True,2
Durrës,Lezhë,LE9,Lezhë - Rrëshen- Lezhë,LINDA - 80,https://www.dpshtrr.al/operatoret/linda-80-shpk,K37513530U,Rrëshen,LA-2,"Lezhë, Veri-Lindje",LE-2,12:00,12:47,47.8,39.8,1,"1,2,3,4,5,6,7",8/3/2026,60,0,0,True,2
Durrës,Lezhë,LE8,Lezhë - Laç- Lezhë,KEIVI TOURS,https://www.dpshtrr.al/operatoret/keivi-tours-shpk,L67617501L,Laç,LA-3,"Lezhë, Veri-Lindje",LE-2,12:30,12:53,23.3,19.4,1,"1,2,3,4,5,6,7",8/3/2026,60,0,0,True,1
Durrës,Lezhë,TR35,Tiranë – Lezhë – Tiranë,Luna,https://www.dpshtrr.al/operatoret/lu-na-shpk,K31412087P,Tiranë Veri-Jug,TR-2,Lezhë (Katedralja),LE-1,08:00,09:02,62.3,51.9,1,"1,2,3,4,5,6,7",8/3/2026,60,0,0,True,1
Durrës,Lezhë,LE15,Laç - Lezhë - Laç,LASKA 1,https://www.dpshtrr.al/operatoret/laska-1-shpk,L17709301D,Laç,LA-3,Lezhë (Katedralja),LE-1,09:30,09:54,24.2,20.2,1,"1,2,3,4,5,6,7",8/3/2026,60,0,0,True,1
Durrës,Lezhë,TR35,Tiranë – Lezhë – Tiranë,Luna,https://www.dpshtrr.al/operatoret/lu-na-shpk,K31412087P,Tiranë Veri-Jug,TR-2,Lezhë (Katedralja),LE-1,09:00,10:02,62.3,51.9,1,"1,2,3,4,5,6,7",8/3/2026,60,0,0,True,1
Durrës,Lezhë,DR29,Durrës – Lezhë – Durrës,NORD,https://www.dpshtrr.al/operatoret/nord-shpk,K31526521F,Durrës Stacioni i Trenit,DR-1,Lezhë (Katedralja),LE-1,09:00,10:22,82.5,68.7,1,"1,2,3,4,5,6,7",8/3/2026,60,0,0,True,0
Durrës,Lezhë,LE15,Laç - Lezhë - Laç,LASKA 1,https://www.dpshtrr.al/operatoret/laska-1-shpk,L17709301D,Laç,LA-3,Lezhë (Katedralja),LE-1,10:00,10:24,24.2,20.2,1,"1,2,3,4,5,6,7",8/3/2026,60,0,0,True,2
Durrës,Lezhë,DR29,Durrës – Lezhë – Durrës,NORD,https://www.dpshtrr.al/operatoret/nord-shpk,K31526521F,Durrës Stacioni i Trenit,DR-1,Lezhë (Katedralja),LE-1,11:00,12:22,82.5,68.7,1,"1,2,3,4,5,6,7",8/3/2026,60,0,0,True,0
Durrës,Lezhë,LE4,Lezhë - Durrës - Lezhë,LINDA - 80,https://www.dpshtrr.al/operatoret/linda-80-shpk,K37513530U,Durrës Stacioni i Trenit,DR-1,Lezhë (Katedralja),LE-1,11:00,12:23,83.7,69.8,1,"1,2,3,4,5,6,7",8/3/2026,60,0,0,True,0
Durrës,Lezhë,ShK2,Shkodër - Lezhë - Shkodër,ROKI TOURS,https://www.dpshtrr.al/operatoret/roki-tours-shpk,L16306004D,Shkodër,SH-15,Lezhë Veri,LE-3,09:15,10:00,45.0,37.5,1,"1,2,3,4,5,6,7",8/3/2026,60,0,0,True,2
Durrës,Lezhë,ShK2,Shkodër - Lezhë - Shkodër,ROKI TOURS,https://www.dpshtrr.al/operatoret/roki-tours-shpk,L16306004D,Shkodër,SH-15,Lezhë Veri,LE-3,11:15,12:00,45.0,37.5,1,"1,2,3,4,5,6,7",8/3/2026,60,0,0,True,1
Durrës,Lezhë,LE1,Lezhë - Shkodër - Lezhë,LINDA - 80,https://www.dpshtrr.al/operatoret/linda-80-shpk,K37513530U,Shkodër,SH-15,Lezhë Veri,LE-3,11:30,12:15,45.0,37.5,1,"1,2,3,4,5,6,7",8/3/2026,60,0,0,True,2
Durrës,Lezhë,LE1,Lezhë - Shkodër - Lezhë,LINDA - 80,https://www.dpshtrr.al/operatoret/linda-80-shpk,K37513530U,Shkodër,SH-15,Lezhë Veri,LE-3,12:30,13:15,45.0,37.5,1,"1,2,3,4,5,6,7",8/3/2026,60,0,0,True,2
Durrës,Lezhë,LE5,Lezhë - Fushë Arrëz - Lezhë,LINDA - 80,https://www.dpshtrr.al/operatoret/linda-80-shpk,K37513530U,Fushe- Arrez,SH-10,Lezhë Veri,LE-3,11:30,13:18,108.3,90.3,1,"1,2,3,4,5,6,7",8/3/2026,60,0,0,True,1
Durrës,Lezhë,LE5,Lezhë - Fushë Arrëz - Lezhë,LINDA - 80,https://www.dpshtrr.al/operatoret/linda-80-shpk,K37513530U,Fushe- Arrez,SH-10,Lezhë Veri,LE-3,12:30,14:18,108.3,90.3,1,"1,2,3,4,5,6,7",8/3/2026,60,0,0,True,1
Durrës,Lezhë,TR8,Tiranë – Rrëshen – Tiranë,BEAM,https://www.dpshtrr.al/operatoret/beam-shpk,K22313004H,Tiranë Veri-Jug,TR-2,Rrëshen,LA-2,10:30,11:57,87.1,72.6,1,"1,2,3,4,5,6,7",8/3/2026,60,0,0,True,2
Durrës,Lezhë,LE2,Lezhë - Tiranë - Lezhë,LINDA - 80,https://www.dpshtrr.al/operatoret/linda-80-shpk,K37513530U,Tiranë Veri-Jug,TR-2,Lezhë (Katedralja),LE-1,10:00,11:02,62.3,51.9,1,"1,2,3,4,5,6,7",8/3/2026,60,0,0,True,1
Durrës,Lezhë,LE2,Lezhë - Tiranë - Lezhë,LINDA - 80,https://www.dpshtrr.al/operatoret/linda-80-shpk,K37513530U,Tiranë Veri-Jug,TR-2,Lezhë (Katedralja),LE-1,11:00,12:02,62.3,51.9,1,"1,2,3,4,5,6,7",8/3/2026,60,0,0,True,1
Durrës,Lezhë,LE15,Laç - Lezhë - Laç,LASKA 1,https://www.dpshtrr.al/operatoret/laska-1-shpk,L17709301D,Laç,LA-3,Lezhë (Katedralja),LE-1,12:30,12:54,24.2,20.2,1,"1,2,3,4,5,6,7",8/3/2026,60,0,0,True,2
Durrës,Lezhë,LE2,Lezhë - Tiranë - Lezhë,LINDA - 80,https://www.dpshtrr.al/operatoret/linda-80-shpk,K37513530U,Tiranë Veri-Jug,TR-2,Lezhë (Katedralja),LE-1,12:00,13:02,62.3,51.9,1,"1,2,3,4,5,6,7",8/3/2026,60,0,0,True,1
Durrës,Lezhë,ShK22,Pukë - Tiranë - Pukë,TËRBUNI TRANS,https://www.dpshtrr.al/operatoret/terbuni-trans-shpk,L39525301O,Tiranë Veri-Jug,TR-2,Puke,PU-1,10:00,12:27,147.7,123.1,1,"1,2,3,4,5,6,7",8/3/2026,60,0,0,True,2
Durrës,Lezhë,LE3,Lezhë - Pukë - Lezhë,LINDA - 80,https://www.dpshtrr.al/operatoret/linda-80-shpk,K37513530U,Puke,PU-1,Lezhë Veri,LE-3,13:00,14:25,85.0,70.9,1,"1,2,3,4,5,6,7",8/3/2026,60,0,0,True,2
Durrës,Lezhë,LE1,Lezhë - Shkodër - Lezhë,LINDA - 80,https://www.dpshtrr.al/operatoret/linda-80-shpk,K37513530U,Shkodër,SH-15,Lezhë Veri,LE-3,15:30,16:15,45.0,37.5,1,"1,2,3,4,5,6,7",8/3/2026,60,0,0,True,2
Durrës,Lezhë,LE17,Rrëshen - Tiranë - Rrëshen,JUSI-2,https://www.dpshtrr.al/operatoret/jusi-2-shpk,K09112009C,Tiranë Veri-Jug,TR-2,Rrëshen,LA-2,11:00,12:20,80.2,66.8,1,"1,2,3,4,5,6,7",8/3/2026,60,0,0,True,3
Durrës,Lezhë,LE9,Lezhë - Rrëshen- Lezhë,LINDA - 80,https://www.dpshtrr.al/operatoret/linda-80-shpk,K37513530U,Rrëshen,LA-2,"Lezhë, Veri-Lindje",LE-2,13:00,13:47,47.8,39.8,1,"1,2,3,4,5,6,7",8/3/2026,60,0,0,True,3
Durrës,Lezhë,LE8,Lezhë - Laç- Lezhë,KEIVI TOURS,https://www.dpshtrr.al/operatoret/keivi-tours-shpk,L67617501L,Laç,LA-3,"Lezhë, Veri-Lindje",LE-2,14:30,14:53,23.3,19.4,1,"1,2,3,4,5,6,7",8/3/2026,60,0,0,True,3
Durrës,Lezhë,LE8,Lezhë - Laç- Lezhë,KEIVI TOURS,https://www.dpshtrr.al/operatoret/keivi-tours-shpk,L67617501L,Laç,LA-3,"Lezhë, Veri-Lindje",LE-2,15:00,15:23,23.3,19.4,1,"1,2,3,4,5,6,7",8/3/2026,60,0,0,True,3
Durrës,Lezhë,TR5,Tiranë – Mjedë – Pukë – Tiranë,MARKAJ,https://www.dpshtrr.al/operatoret/markaj-shpk,K32313008R,Tiranë Veri-Jug,TR-2,Puke,PU-1,11:45,14:12,147.7,123.1,1,"1,2,3,4,5,6,7",8/3/2026,60,0,0,True,3
Durrës,Lezhë,LE3,Lezhë - Pukë - Lezhë,LINDA - 80,https://www.dpshtrr.al/operatoret/linda-80-shpk,K37513530U,Puke,PU-1,Lezhë Veri,LE-3,15:00,16:25,85.0,70.9,1,"1,2,3,4,5,6,7",8/3/2026,60,0,0,True,3
Durrës,Lezhë,LE8,Lezhë - Laç- Lezhë,KEIVI TOURS,https://www.dpshtrr.al/operatoret/keivi-tours-shpk,L67617501L,Laç,LA-3,"Lezhë, Veri-Lindje",LE-2,15:30,15:53,23.3,19.4,1,"1,2,3,4,5,6,7",8/3/2026,60,0,0,True,3
Durrës,Lezhë,LE8,Lezhë - Laç- Lezhë,KEIVI TOURS,https://www.dpshtrr.al/operatoret/keivi-tours-shpk,L67617501L,Laç,LA-3,"Lezhë, Veri-Lindje",LE-2,17:30,17:53,23.3,19.4,1,"1,2,3,4,5,6,7",8/3/2026,60,0,0,True,4
Durrës,Lezhë,LE2,Lezhë - Tiranë - Lezhë,LINDA - 80,https://www.dpshtrr.al/operatoret/linda-80-shpk,K37513530U,Tiranë Veri-Jug,TR-2,Lezhë (Katedralja),LE-1,12:30,13:32,62.3,51.9,1,"1,2,3,4,5,6,7",8/3/2026,60,0,0,True,3
Durrës,Lezhë,LE15,Laç - Lezhë - Laç,LASKA 1,https://www.dpshtrr.al/operatoret/laska-1-shpk,L17709301D,Laç,LA-3,Lezhë (Katedralja),LE-1,13:30,13:54,24.2,20.2,1,"1,2,3,4,5,6,7",8/3/2026,60,0,0,True,3
Durrës,Lezhë,ShK3,Shkodër - Durrës - Shkodër,ELJAN - SHKODRA,https://www.dpshtrr.al/operatoret/elian-shkodra-shpk,K86622004G,Durrës Stacioni i Trenit,DR-1,Shkodër,SH-15,12:45,14:54,129.7,108.0,1,"1,2,3,4,5,6,7",8/3/2026,60,0,0,True,4
Durrës,Lezhë,ShK10,Shkodër - Vau i Dejës - Shkodër,VELIPOJA EXPRESS,https://www.dpshtrr.al/operatoret/velipoja-ekspres-shpk,K26723001H,Shkodër,SH-15,Vau i Dejës,SH-2,15:00,15:19,19.1,16.0,1,"1,2,3,4,5,6,7",8/3/2026,60,0,0,True,4
Durrës,Lezhë,ShK13,Vau Dejës - Lezhë - Vau Dejës,VAU DEJËS,https://www.dpshtrr.al/operatoret/nordin-shpk,J97113015J,Vau i Dejës,SH-2,Lezhë Veri,LE-3,07:00,07:38,38.8,32.3,1,"1,2,3,4,5,6,7",8/4/2026,60,0,0,True,4
Durrës,Lezhë,ShK18,Fushë Arrëz - Lezhë- Fushë Arrëz,MIRDITA - N,https://www.dpshtrr.al/operatoret/mirdita-n-shpk,L29526302D,Fushe- Arrez,SH-10,Lezhë Veri,LE-3,06:00,07:48,108.3,90.3,1,"1,2,3,4,5,6,7",8/4/2026,60,0,0,True,3
Durrës,Librazhd,BR16,Kucove – Librazhd – Kucove,DONI TRAVEL,https://www.dpshtrr.al/operatoret/doni-travel-shpk,L72911202R,Kucove,BR-46,Librazhd,LB-3,07:45,09:18,93.6,78.0,1,"1,2,3,4,5,6,7",8/3/2026,60,0,0,True,1
Durrës,Librazhd,EL27,Prrenjas – Librazhd – Prrenjas,ART TRAVEL,https://www.dpshtrr.al/operatoret/art-travel-shpk,L17926601U,Prrenjas,LB-5,Librazhd,LB-3,10:00,10:34,34.2,28.5,1,"1,2,3,4,5,6,7",8/3/2026,60,0,0,True,1
Durrës,Librazhd,EL36,Librazhd – Durrës – Librazhd,PRODANI,https://www.dpshtrr.al/operatoret/prodani,K27713621J,Durrës (Plepa),DR-3,Librazhd,LB-3,11:30,13:27,117.2,97.6,1,"1,2,3,4,5,6,7",8/3/2026,60,0,0,True,0
Durrës,Librazhd,EL21,Elbasan – Librazhd – Elbasan,NE-ER,https://www.dpshtrr.al/operatoret/ne-er-shpk,L52519213M,"Elbasan ""Kryqezimi i Cerrikut""",EL-4,Librazhd,LB-3,13:00,13:29,29.9,25.0,1,"1,2,3,4,5,6,7",8/3/2026,60,0,0,True,4
Durrës,Librazhd,EL39,Librazhd – Elbasan – Librazhd,PRODANI,https://www.dpshtrr.al/operatoret/prodani,K27713621J,"Elbasan ""Kryqezimi i Cerrikut""",EL-4,Librazhd,LB-3,14:30,14:59,29.9,25.0,1,"1,2,3,4,5,6,7",8/3/2026,60,0,0,True,4
Durrës,Librazhd,FR30,Lushnjë – Librazhd – Lushnjë,TRANSUDHËTARE,https://www.dpshtrr.al/operatoret/transudhetare-shpk,J64103414M,Lushnjë,LU-1,Librazhd,LB-3,14:00,15:42,102.4,85.3,1,"1,2,3,4,5,6,7",8/3/2026,60,0,0,True,3
Durrës,Librazhd,EL21,Elbasan – Librazhd – Elbasan,NE-ER,https://www.dpshtrr.al/operatoret/ne-er-shpk,L52519213M,"Elbasan ""Kryqezimi i Cerrikut""",EL-4,Librazhd,LB-3,15:30,15:59,29.9,25.0,1,"1,2,3,4,5,6,7",8/3/2026,60,0,0,True,4
Durrës,Librazhd,FR20,Divjakë – Tiranë – Divjakë,FAZANËT E DIVJAKËS,https://www.dpshtrr.al/operatoret/fazanet-e-divjakes-shpk,K33927402O,Tiranë Veri-Jug,TR-2,Divjake,DV-1,13:10,14:49,99.2,82.7,1,"1,2,3,4,5,6,7",8/3/2026,60,0,0,True,4
Durrës,Lushnjë,TR28,Tiranë – Lushnjë – Tiranë,PIKO,https://www.dpshtrr.al/operatoret/piko-shpk,K22301006J,Tiranë Veri-Jug,TR-2,Lushnjë,LU-1,08:10,09:48,98.1,81.7,1,"1,2,3,4,5,6,7",8/3/2026,60,0,0,True,1
Durrës,Lushnjë,TR28,Tiranë – Lushnjë – Tiranë,PIKO,https://www.dpshtrr.al/operatoret/piko-shpk,K22301006J,Tiranë Veri-Jug,TR-2,Lushnjë,LU-1,08:40,10:18,98.1,81.7,1,"1,2,3,4,5,6,7",8/3/2026,60,0,0,True,1
Durrës,Lushnjë,TR28,Tiranë – Lushnjë – Tiranë,PIKO,https://www.dpshtrr.al/operatoret/piko-shpk,K22301006J,Tiranë Veri-Jug,TR-2,Lushnjë,LU-1,09:40,11:18,98.1,81.7,1,"1,2,3,4,5,6,7",8/3/2026,60,0,0,True,1
Durrës,Lushnjë,FR32,Lushnjë – Fier – Lushnjë,TRANSUDHËTARE,https://www.dpshtrr.al/operatoret/transudhetare-shpk,J64103414M,Fier,FR-8,Lushnjë,LU-1,10:30,11:03,33.5,28.0,1,"1,2,3,4,5,6,7",8/3/2026,60,0,0,True,1
Durrës,Lushnjë,FR23,Lushnjë – Tiranë – Lushnjë,KOHA EKSPRES,https://www.dpshtrr.al/operatoret/koha-ekspres-shpk,K34017402I,Tiranë Veri-Jug,TR-2,Lushnjë,LU-1,11:30,13:08,98.1,81.7,1,"1,2,3,4,5,6,7",8/3/2026,60,0,0,True,2
Durrës,Peqin,DR35,Durrës – Peqin – Durrës,SE-AL,https://www.dpshtrr.al/operatoret/se-al-shpk,L01811504Q,Durrës (Plepa),DR-3,Peqin,EL-7,09:20,10:06,46.5,38.8,1,"1,2,3,4,5,6,7",8/3/2026,60,0,0,True,2
Durrës,Peqin,EL19,Elbasan – Peqin – Elbasan,D.D-Transport 2022,https://www.dpshtrr.al,M23217202B,"Elbasan ""Kryqezimi i Cerrikut""",EL-4,Peqin,EL-7,10:30,11:11,41.4,34.5,1,"1,2,3,4,5,6,7",8/3/2026,60,0,0,True,3
Durrës,Peqin,EL34,Peqin –Elbasan  – Peqin,ALVA SHPK,https://www.dpshtrr.al/operatoret/alva-shpk,K49007105V,"Elbasan ""Kryqezimi i Cerrikut""",EL-4,Peqin,EL-7,11:00,11:41,41.4,34.5,1,"1,2,3,4,5,6,7",8/3/2026,60,0,0,True,2
Durrës,Peqin,EL19,Elbasan – Peqin – Elbasan,D.D-Transport 2022,https://www.dpshtrr.al,M23217202B,"Elbasan ""Kryqezimi i Cerrikut""",EL-4,Peqin,EL-7,11:40,12:21,41.4,34.5,1,"1,2,3,4,5,6,7",8/3/2026,60,0,0,True,3
Durrës,Peqin,EL19,Elbasan – Peqin – Elbasan,D.D-Transport 2022,https://www.dpshtrr.al,M23217202B,"Elbasan ""Kryqezimi i Cerrikut""",EL-4,Peqin,EL-7,12:40,13:21,41.4,34.5,1,"1,2,3,4,5,6,7",8/3/2026,60,0,0,True,2
Durrës,Peqin,EL34,Peqin –Elbasan  – Peqin,ALVA SHPK,https://www.dpshtrr.al/operatoret/alva-shpk,K49007105V,"Elbasan ""Kryqezimi i Cerrikut""",EL-4,Peqin,EL-7,14:00,14:41,41.4,34.5,1,"1,2,3,4,5,6,7",8/3/2026,60,0,0,True,4
Durrës,Peqin,EL34,Peqin –Elbasan  – Peqin,ALVA SHPK,https://www.dpshtrr.al/operatoret/alva-shpk,K49007105V,"Elbasan ""Kryqezimi i Cerrikut""",EL-4,Peqin,EL-7,15:00,15:41,41.4,34.5,1,"1,2,3,4,5,6,7",8/3/2026,60,0,0,True,4
Durrës,Peqin,EL67,Peqin – Fier – Peqin,eTransport,https://www.dpshtrr.al/operatoret-etransport,1,Fier,FR-8,Peqin,EL-7,00:00,00:57,57.4,47.8,1,"1,2,3,4,5,6,7",8/3/2026,60,0,0,True,3
Durrës,Peqin,EL64,Peqin – Fier – Peqin,eTransport,https://www.dpshtrr.al/operatoret-etransport,1,Fier,FR-8,Peqin,EL-7,00:00,00:57,57.4,47.8,1,"1,2,3,4,5,6,7",8/3/2026,60,0,0,True,4
Durrës,Peqin,EL19,Elbasan – Peqin – Elbasan,D.D-Transport 2022,https://www.dpshtrr.al,M23217202B,"Elbasan ""Kryqezimi i Cerrikut""",EL-4,Peqin,EL-7,07:30,08:11,41.4,34.5,1,"1,2,3,4,5,6,7",8/4/2026,60,0,0,True,4
Durrës,Peshkopi,TR11,Tiranë – Peshkopi – Tiranë,SHPRESA - AL,https://www.dpshtrr.al/operatoret/shpresa-al-shpk,K31321021N,Tiranë Veri-Jug,TR-2,Peshkopi,DI-3,07:00,09:05,125.8,104.8,1,"1,2,3,4,5,6,7",8/3/2026,60,0,0,True,1
Durrës,Peshkopi,DR57,Shijak – Peshkopi – Shijak,LEOGITA TRANS,https://www.dpshtrr.al/operatoret/leo-gita-trans-shpk,L47307701I,Shijak,DR-16,Peshkopi,DI-3,07:00,09:34,154.2,128.5,1,"1,2,3,4,5,6,7",8/3/2026,60,0,0,True,1
Durrës,Peshkopi,DR14,Durrës – Peshkopi – Durrës,RIGERSI TRANS 2011,https://www.dpshtrr.al/operatoret/rigersi-trans-2011-shpk,K31406538L,Durrës Stacioni i Trenit,DR-1,Peshkopi,DI-3,07:15,10:00,165.9,138.2,1,"1,2,3,4,5,6,7",8/3/2026,60,0,0,True,0
Durrës,Peshkopi,DR14,Durrës – Peshkopi – Durrës,RIGERSI TRANS 2011,https://www.dpshtrr.al/operatoret/rigersi-trans-2011-shpk,K31406538L,Durrës Stacioni i Trenit,DR-1,Peshkopi,DI-3,07:40,10:25,165.9,138.2,1,"1,2,3,4,5,6,7",8/3/2026,60,0,0,True,0
Durrës,Peshkopi,TR11,Tiranë – Peshkopi – Tiranë,SHPRESA - AL,https://www.dpshtrr.al/operatoret/shpresa-al-shpk,K31321021N,Tiranë Veri-Jug,TR-2,Peshkopi,DI-3,09:00,11:05,125.8,104.8,1,"1,2,3,4,5,6,7",8/3/2026,60,0,0,True,1
Durrës,Peshkopi,TR11,Tiranë – Peshkopi – Tiranë,SHPRESA - AL,https://www.dpshtrr.al/operatoret/shpresa-al-shpk,K31321021N,Tiranë Veri-Jug,TR-2,Peshkopi,DI-3,11:00,13:05,125.8,104.8,1,"1,2,3,4,5,6,7",8/3/2026,60,0,0,True,1
Durrës,Peshkopi,DI1,Peshkopi – Tiranë – Peshkopi,ARIU ARIU,https://www.dpshtrr.al/operatoret/ariu-ariu-shpk,L27418702D,Tiranë Veri-Jug,TR-2,Peshkopi,DI-3,11:20,13:25,125.8,104.8,1,"1,2,3,4,5,6,7",8/3/2026,60,0,0,True,1
Durrës,Peshkopi,DI6,Peshkopi – Kamëz  – Peshkopi,DIBRA F&P,https://www.dpshtrr.al/operatoret/dibra-fp-shpk,L57312701L,Kamëz,TR-00096,Peshkopi,DI-3,10:20,12:31,131.6,109.6,1,"1,2,3,4,5,6,7",8/3/2026,60,0,0,True,2
Durrës,Peshkopi,DI6,Peshkopi – Kamëz  – Peshkopi,DIBRA F&P,https://www.dpshtrr.al/operatoret/dibra-fp-shpk,L57312701L,Kamëz,TR-00096,Peshkopi,DI-3,11:40,13:51,131.6,109.6,1,"1,2,3,4,5,6,7",8/3/2026,60,0,0,True,2
Durrës,Peshkopi,DI6,Peshkopi – Kamëz  – Peshkopi,DIBRA F&P,https://www.dpshtrr.al/operatoret/dibra-fp-shpk,L57312701L,Kamëz,TR-00096,Peshkopi,DI-3,12:20,14:31,131.6,109.6,1,"1,2,3,4,5,6,7",8/3/2026,60,0,0,True,3
Durrës,Peshkopi,DI3,Peshkopi –Durrës  – Peshkopi,ARIU ARIU,https://www.dpshtrr.al/operatoret/ariu-ariu-shpk,L27418702D,Durrës Stacioni i Trenit,DR-1,Peshkopi,DI-3,12:30,15:15,165.9,138.2,1,"1,2,3,4,5,6,7",8/3/2026,60,0,0,True,2
Durrës,Pogradec,EL27,Prrenjas – Librazhd – Prrenjas,ART TRAVEL,https://www.dpshtrr.al/operatoret/art-travel-shpk,L17926601U,Librazhd,LB-3,Prrenjas,LB-5,09:00,09:34,34.2,28.5,1,"1,2,3,4,5,6,7",8/3/2026,60,0,0,True,3
Durrës,Pogradec,KO16,Pogradec - Korçë - Pogradec,SHQIPONJA TRANS,https://www.dpshtrr.al/operatoret/shqiponja-trans-shpk,K53807603C,Korçë,KO-2,Pogradec,PG-5,11:00,11:45,45.8,38.2,1,"1,2,3,4,5,6,7",8/3/2026,60,0,0,True,2
Durrës,Pogradec,KO16,Pogradec - Korçë - Pogradec,SHQIPONJA TRANS,https://www.dpshtrr.al/operatoret/shqiponja-trans-shpk,K53807603C,Korçë,KO-2,Pogradec,PG-5,12:00,12:45,45.8,38.2,1,"1,2,3,4,5,6,7",8/3/2026,60,0,0,True,3
Durrës,Pogradec,KO16,Pogradec - Korçë - Pogradec,SHQIPONJA TRANS,https://www.dpshtrr.al/operatoret/shqiponja-trans-shpk,K53807603C,Korçë,KO-2,Pogradec,PG-5,13:00,13:45,45.8,38.2,1,"1,2,3,4,5,6,7",8/3/2026,60,0,0,True,3
Durrës,Pogradec,KO13,Pogradec - Tiranë - Pogradec,SHQIPONJA TRANS,https://www.dpshtrr.al/operatoret/shqiponja-trans-shpk,K53807603C,Tiranë Jug-Lindje,TR-1,Pogradec,PG-5,12:30,14:59,149.9,117.2,1,"1,2,3,4,5,6,7",8/3/2026,60,0,0,True,4
Durrës,Pogradec,KO16,Pogradec - Korçë - Pogradec,SHQIPONJA TRANS,https://www.dpshtrr.al/operatoret/shqiponja-trans-shpk,K53807603C,Korçë,KO-2,Pogradec,PG-5,10:00,10:45,45.8,38.2,1,"1,2,3,4,5,6,7",8/3/2026,60,0,0,True,1
Durrës,Pogradec,KO17,Pogradec - Maliq - Korçë - Pogradec,XHAFA TRAVEL,https://www.dpshtrr.al/operatoret/xhafatravel-shpk,L74222001M,Korçë,KO-2,Pogradec,PG-5,11:15,12:02,47.6,39.7,1,"1,2,3,4,5,6,7",8/3/2026,60,0,0,True,2
Durrës,Pogradec,EL22,Elbasan – Prrenjas – Elbasan,NE-ER,https://www.dpshtrr.al/operatoret/ne-er-shpk,L52519213M,"Elbasan ""Kryqezimi i Cerrikut""",EL-4,Prrenjas,LB-5,12:15,13:02,47.0,53.2,1,"1,2,3,4,5,6,7",8/3/2026,60,0,0,True,4
Durrës,Pogradec,EL25,Prrenjas – Pogradec – Prrenjas,FLOADER,https://www.dpshtrr.al/operatoret/floader-shpk,L48512601M,Prrenjas,LB-5,Pogradec,PG-5,14:00,14:37,37.8,31.5,1,"1,2,3,4,5,6,7",8/3/2026,60,0,0,True,4
Durrës,Pogradec,KO16,Pogradec - Korçë - Pogradec,SHQIPONJA TRANS,https://www.dpshtrr.al/operatoret/shqiponja-trans-shpk,K53807603C,Korçë,KO-2,Pogradec,PG-5,15:30,16:15,45.8,38.2,1,"1,2,3,4,5,6,7",8/3/2026,60,0,0,True,3
Durrës,Pogradec,KO14,Pogradec - Durrës - Pogradec,SHQIPONJA TRANS,https://www.dpshtrr.al/operatoret/shqiponja-trans-shpk,K53807603C,Durrës (Plepa),DR-3,Pogradec,PG-5,14:30,17:38,188.8,157.3,1,"1,2,3,4,5,6,7",8/3/2026,60,0,0,True,3
Durrës,Pogradec,KO16,Pogradec - Korçë - Pogradec,SHQIPONJA TRANS,https://www.dpshtrr.al/operatoret/shqiponja-trans-shpk,K53807603C,Korçë,KO-2,Pogradec,PG-5,17:30,18:15,45.8,38.2,1,"1,2,3,4,5,6,7",8/3/2026,60,0,0,True,3
Durrës,Pogradec,KO14,Pogradec - Durrës - Pogradec,SHQIPONJA TRANS,https://www.dpshtrr.al/operatoret/shqiponja-trans-shpk,K53807603C,Durrës (Plepa),DR-3,Pogradec,PG-5,15:30,18:38,188.8,157.3,1,"1,2,3,4,5,6,7",8/3/2026,60,0,0,True,3
Durrës,Pogradec,TR24,Tiranë – Gramsh – Tiranë,KESIDA,https://www.dpshtrr.al/operatoret/kesida-shpk,K41619021N,Gramsh,EL-6,Tiranë Jug-Lindje,TR-1,15:30,16:54,84.0,70.3,1,"1,2,3,4,5,6,7",8/3/2026,60,0,0,True,4
Durrës,Pogradec,KO13,Pogradec - Tiranë - Pogradec,SHQIPONJA TRANS,https://www.dpshtrr.al/operatoret/shqiponja-trans-shpk,K53807603C,Tiranë Jug-Lindje,TR-1,Pogradec,PG-5,17:30,19:59,149.9,117.2,1,"1,2,3,4,5,6,7",8/3/2026,60,0,0,True,4
Durrës,Pogradec,KO12,Korçë - Pogradec - Korçë,MORAVA 93,https://www.dpshtrr.al/operatoret/morava-93-shpk,K33804004D,Korçë,KO-2,Pogradec,PG-5,06:00,06:45,45.8,38.2,1,"1,2,3,4,5,6,7",8/4/2026,60,0,0,True,4
Durrës,Pogradec,TR72,Kamëz – Pogradec – Kamëz,EDI&SENA TRAVEL&TOURS,https://www.dpshtrr.al/operatoret/edisena-travel-tours-shpk,L71928009G,Kamëz,TR-00096,Pogradec,PG-5,07:00,09:41,161.6,134.6,1,"1,2,3,4,5,6,7",8/4/2026,60,0,0,True,3
Durrës,Prrenjas,EL40,Librazhd – Prrenjas – Librazhd,SEFA TRANS,https://www.dpshtrr.al/operatoret/sefa-trans-shpk,L47707602A,Librazhd,LB-3,Prrenjas,LB-5,09:30,09:59,29.7,28.5,1,"1,2,3,4,5,6,7",8/3/2026,60,0,0,True,3
Durrës,Prrenjas,EL40,Librazhd – Prrenjas – Librazhd,SEFA TRANS,https://www.dpshtrr.al/operatoret/sefa-trans-shpk,L47707602A,Librazhd,LB-3,Prrenjas,LB-5,10:30,10:59,29.7,28.5,1,"1,2,3,4,5,6,7",8/3/2026,60,0,0,True,3
Durrës,Prrenjas,EL27,Prrenjas – Librazhd – Prrenjas,ART TRAVEL,https://www.dpshtrr.al/operatoret/art-travel-shpk,L17926601U,Librazhd,LB-3,Prrenjas,LB-5,11:00,11:34,34.2,28.5,1,"1,2,3,4,5,6,7",8/3/2026,60,0,0,True,4
Durrës,Prrenjas,EL26,Prrenjas – Elbasan – Prrenjas,LEKA TRAVEL,https://www.dpshtrr.al/operatoret/leka-travel-shpk,L28111601Q,"Elbasan ""Kryqezimi i Cerrikut""",EL-4,Prrenjas,LB-5,10:45,11:48,63.8,53.1,1,"1,2,3,4,5,6,7",8/3/2026,60,0,0,True,3
Durrës,Prrenjas,EL27,Prrenjas – Librazhd – Prrenjas,ART TRAVEL,https://www.dpshtrr.al/operatoret/art-travel-shpk,L17926601U,Librazhd,LB-3,Prrenjas,LB-5,12:00,12:34,34.2,28.5,1,"1,2,3,4,5,6,7",8/3/2026,60,0,0,True,4
Durrës,Prrenjas,EL22,Elbasan – Prrenjas – Elbasan,NE-ER,https://www.dpshtrr.al/operatoret/ne-er-shpk,L52519213M,"Elbasan ""Kryqezimi i Cerrikut""",EL-4,Prrenjas,LB-5,08:30,09:17,47.0,53.2,1,"1,2,3,4,5,6,7",8/3/2026,60,0,0,True,1
Durrës,Prrenjas,EL27,Prrenjas – Librazhd – Prrenjas,ART TRAVEL,https://www.dpshtrr.al/operatoret/art-travel-shpk,L17926601U,Librazhd,LB-3,Prrenjas,LB-5,10:00,10:34,34.2,28.5,1,"1,2,3,4,5,6,7",8/3/2026,60,0,0,True,2
Durrës,Prrenjas,EL26,Prrenjas – Elbasan – Prrenjas,LEKA TRAVEL,https://www.dpshtrr.al/operatoret/leka-travel-shpk,L28111601Q,"Elbasan ""Kryqezimi i Cerrikut""",EL-4,Prrenjas,LB-5,09:45,10:48,63.8,53.1,1,"1,2,3,4,5,6,7",8/3/2026,60,0,0,True,2
Durrës,Prrenjas,EL26,Prrenjas – Elbasan – Prrenjas,LEKA TRAVEL,https://www.dpshtrr.al/operatoret/leka-travel-shpk,L28111601Q,"Elbasan ""Kryqezimi i Cerrikut""",EL-4,Prrenjas,LB-5,11:45,12:48,63.8,53.1,1,"1,2,3,4,5,6,7",8/3/2026,60,0,0,True,4
Durrës,Prrenjas,EL26,Prrenjas – Elbasan – Prrenjas,LEKA TRAVEL,https://www.dpshtrr.al/operatoret/leka-travel-shpk,L28111601Q,"Elbasan ""Kryqezimi i Cerrikut""",EL-4,Prrenjas,LB-5,12:45,13:48,63.8,53.1,1,"1,2,3,4,5,6,7",8/3/2026,60,0,0,True,4
Durrës,Prrenjas,EL40,Librazhd – Prrenjas – Librazhd,SEFA TRANS,https://www.dpshtrr.al/operatoret/sefa-trans-shpk,L47707602A,Librazhd,LB-3,Prrenjas,LB-5,13:30,13:59,29.7,28.5,1,"1,2,3,4,5,6,7",8/3/2026,60,0,0,True,4
Durrës,Prrenjas,EL26,Prrenjas – Elbasan – Prrenjas,LEKA TRAVEL,https://www.dpshtrr.al/operatoret/leka-travel-shpk,L28111601Q,"Elbasan ""Kryqezimi i Cerrikut""",EL-4,Prrenjas,LB-5,13:45,14:48,63.8,53.1,1,"1,2,3,4,5,6,7",8/3/2026,60,0,0,True,4
Durrës,Prrenjas,EL22,Elbasan – Prrenjas – Elbasan,NE-ER,https://www.dpshtrr.al/operatoret/ne-er-shpk,L52519213M,"Elbasan ""Kryqezimi i Cerrikut""",EL-4,Prrenjas,LB-5,14:15,15:02,47.0,53.2,1,"1,2,3,4,5,6,7",8/3/2026,60,0,0,True,4
Durrës,Prrenjas,EL26,Prrenjas – Elbasan – Prrenjas,LEKA TRAVEL,https://www.dpshtrr.al/operatoret/leka-travel-shpk,L28111601Q,"Elbasan ""Kryqezimi i Cerrikut""",EL-4,Prrenjas,LB-5,14:45,15:48,63.8,53.1,1,"1,2,3,4,5,6,7",8/3/2026,60,0,0,True,4
Durrës,Prrenjas,EL27,Prrenjas – Librazhd – Prrenjas,ART TRAVEL,https://www.dpshtrr.al/operatoret/art-travel-shpk,L17926601U,Librazhd,LB-3,Prrenjas,LB-5,16:00,16:34,34.2,28.5,1,"1,2,3,4,5,6,7",8/3/2026,60,0,0,True,4
Durrës,Prrenjas,EL24,Prrenjas – Durrës – Prrenjas,SULA TRAVEL 06,https://www.dpshtrr.al/operatoret/sula-travel-06-shpk,L68320601C,Durrës (Plepa),DR-3,Prrenjas,LB-5,13:30,16:01,151.0,125.8,1,"1,2,3,4,5,6,7",8/3/2026,60,0,0,True,4
Durrës,Prrenjas,EL26,Prrenjas – Elbasan – Prrenjas,LEKA TRAVEL,https://www.dpshtrr.al/operatoret/leka-travel-shpk,L28111601Q,"Elbasan ""Kryqezimi i Cerrikut""",EL-4,Prrenjas,LB-5,15:45,16:48,63.8,53.1,1,"1,2,3,4,5,6,7",8/3/2026,60,0,0,True,4
Durrës,Prrenjas,EL24,Prrenjas – Durrës – Prrenjas,SULA TRAVEL 06,https://www.dpshtrr.al/operatoret/sula-travel-06-shpk,L68320601C,Durrës (Plepa),DR-3,Prrenjas,LB-5,15:30,18:01,151.0,125.8,1,"1,2,3,4,5,6,7",8/3/2026,60,0,0,True,4
Durrës,Prrenjas,EL60,Prrenjas – Korçë – Prrenjas,eTransport,https://www.dpshtrr.al/operatoret-etransport,1,Korçë,KO-2,Prrenjas,LB-5,00:00,01:23,83.3,69.4,1,"1,2,3,4,5,6,7",8/3/2026,60,0,0,True,4
Durrës,Prrenjas,DR43,Durrës – Shijak – Durrës,ANDROMEDA GROUP,https://www.dpshtrr.al/operatoret/andromeda-group-shpk,L61307527C,Durrës Stacioni i Trenit,DR-1,Shijak,DR-16,12:00,12:16,16.1,13.4,1,"1,2,3,4,5,6,7",8/3/2026,60,0,0,True,4
Durrës,Puke,DR19,Durrës – Pukë – Durrës,HADROJ - 04,https://www.dpshtrr.al/operatoret/hadroj-04-shpk,K71612505G,Durrës Stacioni i Trenit,DR-1,Puke,PU-1,05:45,08:37,172.6,143.8,1,"1,2,3,4,5,6,7",8/3/2026,60,0,0,True,0
Durrës,Puke,TR5,Tiranë – Mjedë – Pukë – Tiranë,MARKAJ,https://www.dpshtrr.al/operatoret/markaj-shpk,K32313008R,Tiranë Veri-Jug,TR-2,Puke,PU-1,07:00,09:27,147.7,123.1,1,"1,2,3,4,5,6,7",8/3/2026,60,0,0,True,1
Durrës,Puke,DR19,Durrës – Pukë – Durrës,HADROJ - 04,https://www.dpshtrr.al/operatoret/hadroj-04-shpk,K71612505G,Durrës Stacioni i Trenit,DR-1,Puke,PU-1,06:45,09:37,172.6,143.8,1,"1,2,3,4,5,6,7",8/3/2026,60,0,0,True,0
Durrës,Puke,ShK24,Pukë - Shkodër - Pukë,TËRBUNI TRANS,https://www.dpshtrr.al/operatoret/terbuni-trans-shpk,L39525301O,Shkodër,SH-15,Puke,PU-1,11:00,12:05,65.4,54.5,1,"1,2,3,4,5,6,7",8/3/2026,60,0,0,True,1
Durrës,Puke,ShK24,Pukë - Shkodër - Pukë,TËRBUNI TRANS,https://www.dpshtrr.al/operatoret/terbuni-trans-shpk,L39525301O,Shkodër,SH-15,Puke,PU-1,12:00,13:05,65.4,54.5,1,"1,2,3,4,5,6,7",8/3/2026,60,0,0,True,1
Durrës,Puke,ShK23,Pukë - Kukës - Pukë,TËRBUNI TRANS,https://www.dpshtrr.al/operatoret/terbuni-trans-shpk,L39525301O,Kukës,KU-1,Puke,PU-1,13:00,14:46,106.9,89.0,1,"1,2,3,4,5,6,7",8/3/2026,60,0,0,True,1
Durrës,Puke,ShK32,Pukë – Durrës – Pukë,eTransport,https://www.dpshtrr.al/operatoret-etransport,1,Durrës (Plepa),DR-3,Puke,PU-1,00:00,02:48,169.0,140.8,1,"1,2,3,4,5,6,7",8/3/2026,60,0,0,True,0
Durrës,Puke,ShK22,Pukë - Tiranë - Pukë,TËRBUNI TRANS,https://www.dpshtrr.al/operatoret/terbuni-trans-shpk,L39525301O,Tiranë Veri-Jug,TR-2,Puke,PU-1,16:00,18:27,147.7,123.1,1,"1,2,3,4,5,6,7",8/3/2026,60,0,0,True,2
Durrës,Puke,ShK27,Pukë – Fushë Arrëz – Pukë,eTransport,https://www.dpshtrr.al/operatoret-etransport,1,Fushe- Arrez,SH-10,Puke,PU-1,00:00,00:24,24.4,20.4,1,"1,2,3,4,5,6,7",8/3/2026,60,0,0,True,3
Durrës,Përmet,GJ18,Përmet - Korçë- Përmet,ARSTAR TOURS,https://www.dpshtrr.al/operatoret/arstar-tours-shpk,K89224202G,Korçë,KO-2,Përmet,PR-1,13:00,15:30,150.6,125.5,1,"1,2,3,4,5,6,7",8/3/2026,60,0,0,True,2
Durrës,Përmet,TR16,Tiranë – Vlorë – Tiranë,EL-ALBA TRANS,https://www.dpshtrr.al/operatoret/el-alba-trans-shpk,J62014003V,Tiranë Veri-Jug,TR-2,Vlorë,VL-28,10:05,13:07,183.0,152.4,1,"1,2,3,4,5,6,7",8/3/2026,60,0,0,True,3
Durrës,Përmet,GJ17,Përmet - Vlorë - Përmet,PENTA OIL,http://dpshtrr.al,L06319202R,Vlorë,VL-28,Përmet,PR-1,14:00,16:40,160.4,133.6,1,"1,2,3,4,5,6,7",8/3/2026,60,0,0,True,3
Durrës,Përmet,GJ14,Përmet - Tiranë - Përmet,FJOART TRAVEL,https://www.dpshtrr.al/operatoret/fjoart-travel-shpk,L39129201Q,Tiranë Veri-Jug,TR-2,Përmet,PR-1,15:30,20:18,288.1,240.0,1,"1,2,3,4,5,6,7",8/3/2026,60,0,0,True,3
Durrës,Përmet,GJ14,Përmet - Tiranë - Përmet,FJOART TRAVEL,https://www.dpshtrr.al/operatoret/fjoart-travel-shpk,L39129201Q,Tiranë Veri-Jug,TR-2,Përmet,PR-1,17:00,21:48,288.1,240.0,1,"1,2,3,4,5,6,7",8/3/2026,60,0,0,True,3
Durrës,Rinas Aeroport,DR42,Durrës – Rinas (Aeroport) – Durrës,ADIS,https://www.dpshtrr.al/operatoret/adis-shpk,K31412511R,Durrës Stacioni i Trenit,DR-1,Rinas Aeroport,TR-4,06:00,06:41,41.0,34.2,1,"1,2,3,4,5,6,7",8/3/2026,60,0,0,True,0
Durrës,Rinas Aeroport,DR7,Durrës – Vlorë – Durrës,TRANS KOMOD,https://www.dpshtrr.al/operatoret/trans-komod-shpk,L62420503D,Durrës (Plepa),DR-3,Vlorë,VL-28,08:15,10:33,138.2,115.2,1,"1,2,3,4,5,6,7",8/3/2026,60,0,0,True,1
Durrës,Rrëshen,TR8,Tiranë – Rrëshen – Tiranë,BEAM,https://www.dpshtrr.al/operatoret/beam-shpk,K22313004H,Tiranë Veri-Jug,TR-2,Rrëshen,LA-2,07:30,08:57,87.1,72.6,1,"1,2,3,4,5,6,7",8/3/2026,60,0,0,True,1
Durrës,Rrëshen,LE20,Rrëshen - Laç - Rrëshen,JUSI-2,https://www.dpshtrr.al/operatoret/jusi-2-shpk,K09112009C,Laç,LA-3,Rrëshen,LA-2,09:00,09:37,37.8,31.5,1,"1,2,3,4,5,6,7",8/3/2026,60,0,0,True,2
Durrës,Rrëshen,LE16,Laç - Rrëshen - Laç,LASKA 1,https://www.dpshtrr.al/operatoret/laska-1-shpk,L17709301D,Laç,LA-3,Rrëshen,LA-2,10:00,10:37,37.8,31.5,1,"1,2,3,4,5,6,7",8/3/2026,60,0,0,True,1
Durrës,Rrëshen,LE21,Rrëshen - Lezhë - Rrëshen,JUSI-2,https://www.dpshtrr.al/operatoret/jusi-2-shpk,K09112009C,Lezhë (Katedralja),LE-1,Rrëshen,LA-2,10:00,10:46,46.9,39.1,1,"1,2,3,4,5,6,7",8/3/2026,60,0,0,True,2
Durrës,Rrëshen,LE21,Rrëshen - Lezhë - Rrëshen,JUSI-2,https://www.dpshtrr.al/operatoret/jusi-2-shpk,K09112009C,Lezhë (Katedralja),LE-1,Rrëshen,LA-2,11:00,11:46,46.9,39.1,1,"1,2,3,4,5,6,7",8/3/2026,60,0,0,True,1
Durrës,Rrëshen,LE19,Rrëshen - Durrës - Rrëshen,JUSI-2,https://www.dpshtrr.al/operatoret/jusi-2-shpk,K09112009C,Durrës Stacioni i Trenit,DR-1,Rrëshen,LA-2,13:00,14:41,101.7,84.7,1,"1,2,3,4,5,6,7",8/3/2026,60,0,0,True,0
Durrës,Rrëshen,LE20,Rrëshen - Laç - Rrëshen,JUSI-2,https://www.dpshtrr.al/operatoret/jusi-2-shpk,K09112009C,Laç,LA-3,Rrëshen,LA-2,11:00,11:37,37.8,31.5,1,"1,2,3,4,5,6,7",8/3/2026,60,0,0,True,2
Durrës,Rrëshen,LE20,Rrëshen - Laç - Rrëshen,JUSI-2,https://www.dpshtrr.al/operatoret/jusi-2-shpk,K09112009C,Laç,LA-3,Rrëshen,LA-2,12:30,13:07,37.8,31.5,1,"1,2,3,4,5,6,7",8/3/2026,60,0,0,True,2
Durrës,Rrëshen,LE17,Rrëshen - Tiranë - Rrëshen,JUSI-2,https://www.dpshtrr.al/operatoret/jusi-2-shpk,K09112009C,Tiranë Veri-Jug,TR-2,Rrëshen,LA-2,12:00,13:20,80.2,66.8,1,"1,2,3,4,5,6,7",8/3/2026,60,0,0,True,2
Durrës,Rrëshen,LE17,Rrëshen - Tiranë - Rrëshen,JUSI-2,https://www.dpshtrr.al/operatoret/jusi-2-shpk,K09112009C,Tiranë Veri-Jug,TR-2,Rrëshen,LA-2,13:00,14:20,80.2,66.8,1,"1,2,3,4,5,6,7",8/3/2026,60,0,0,True,3
Durrës,Sarandë,TR17,Tiranë – Sarandë – Tiranë ( me kalim nga Bregu ),OLGENO,https://www.dpshtrr.al/operatoret/olgeno-shpk,K31825016M,Tiranë Veri-Jug,TR-2,Sarandë,SR-7,07:00,12:41,341.0,284.1,1,"1,2,3,4,5,6,7",8/3/2026,60,0,0,True,2
Durrës,Sarandë,VL22,Sarandë - Tiranë - Sarandë (me kalim nga Muzina),TRANS - BUTRINTI,https://www.dpshtrr.al/operatoret/trans-butrinti-shpk,K04814854U,Tiranë Veri-Jug,TR-2,Sarandë,SR-7,07:30,13:06,336.1,280.0,1,"1,2,3,4,5,6,7",8/3/2026,60,0,0,True,1
Durrës,Sarandë,VL22,Sarandë - Tiranë - Sarandë (me kalim nga Muzina),TRANS - BUTRINTI,https://www.dpshtrr.al/operatoret/trans-butrinti-shpk,K04814854U,Tiranë Veri-Jug,TR-2,Sarandë,SR-7,08:30,14:06,336.1,280.0,1,"1,2,3,4,5,6,7",8/3/2026,60,0,0,True,1
Durrës,Sarandë,VL28,Sarandë - Përmet - Sarandë,ARJONI - TRAVEL,https://www.dpshtrr.al/operatoret/arjoni-travel,L23913803A,Përmet,PR-1,Sarandë,SR-7,10:30,12:22,112.6,93.8,1,"1,2,3,4,5,6,7",8/3/2026,60,0,0,True,1
Durrës,Sarandë,TR40,Tiranë – Himarë – Tiranë,OLGENO,https://www.dpshtrr.al/operatoret/olgeno-shpk,K31825016M,Tiranë Veri-Jug,TR-2,Himarë,VL-22,11:00,15:39,279.9,233.2,1,"1,2,3,4,5,6,7",8/3/2026,60,0,0,True,3
Durrës,Sarandë,VL34,Sarandë - Himarë - Sarandë,TRANS-BUS SARANDA,https://www.dpshtrr.al/operatoret/transbus-saranda-shpk,K83725804U,Himarë,VL-22,Sarandë,SR-7,16:00,17:01,61.2,51.0,1,"1,2,3,4,5,6,7",8/3/2026,60,0,0,True,3
Durrës,Sarandë,TR18,Tiranë – Sarandë – Tiranë (me kalim nga Muzina),TISA,https://www.dpshtrr.al/operatoret/tisa-shpk,K31520093K,Tiranë Veri-Jug,TR-2,Sarandë,SR-7,12:30,17:19,289.8,280.0,1,"1,2,3,4,5,6,7",8/3/2026,60,0,0,True,2
Durrës,Sarandë,VL22,Sarandë - Tiranë - Sarandë (me kalim nga Muzina),TRANS - BUTRINTI,https://www.dpshtrr.al/operatoret/trans-butrinti-shpk,K04814854U,Tiranë Veri-Jug,TR-2,Sarandë,SR-7,12:30,18:06,336.1,280.0,1,"1,2,3,4,5,6,7",8/3/2026,60,0,0,True,2
Durrës,Sarandë,VL3,Vlorë - Tiranë - Vlorë,INTERBUZ VLORA,https://www.dpshtrr.al/operatoret/interbuz-vlora-shpk,K37004203O,Tiranë Veri-Jug,TR-2,Vlorë,VL-28,12:30,15:32,183.0,152.4,1,"1,2,3,4,5,6,7",8/3/2026,60,0,0,True,4
Durrës,Sarandë,TR18,Tiranë – Sarandë – Tiranë (me kalim nga Muzina),TISA,https://www.dpshtrr.al/operatoret/tisa-shpk,K31520093K,Tiranë Veri-Jug,TR-2,Sarandë,SR-7,14:00,18:49,289.8,280.0,1,"1,2,3,4,5,6,7",8/3/2026,60,0,0,True,3
Durrës,Shijak,DR34,Durrës – Vorë  – Durrës,RIKI TRANS,https://www.dpshtrr.al/operatoret/riki-trans-shpk,L71309505G,Durrës Stacioni i Trenit,DR-1,Vore,TR-3,07:00,07:27,27.3,22.8,1,"1,2,3,4,5,6,7",8/3/2026,60,0,0,True,1
Durrës,Shijak,TR78,Vorë - Shijak - Vorë,ANDROMEDA GROUP,https://www.dpshtrr.al/operatoret/andromeda-group-shpk,L61307527C,Vore,TR-3,Shijak,DR-16,07:30,07:44,14.3,11.9,1,"1,2,3,4,5,6,7",8/3/2026,60,0,0,True,1
Durrës,Shijak,DR56,Shijak – Durrës – Shijak,SHIJAKU & CO,https://www.dpshtrr.al/operatoret/shijakuco-shpk,L62413505H,Durrës Stacioni i Trenit,DR-1,Shijak,DR-16,07:30,07:46,16.1,13.4,1,"1,2,3,4,5,6,7",8/3/2026,60,0,0,True,0
Durrës,Shijak,DR43,Durrës – Shijak – Durrës,ANDROMEDA GROUP,https://www.dpshtrr.al/operatoret/andromeda-group-shpk,L61307527C,Durrës Stacioni i Trenit,DR-1,Shijak,DR-16,08:00,08:16,16.1,13.4,1,"1,2,3,4,5,6,7",8/3/2026,60,0,0,True,0
Durrës,Shijak,DR56,Shijak – Durrës – Shijak,SHIJAKU & CO,https://www.dpshtrr.al/operatoret/shijakuco-shpk,L62413505H,Durrës Stacioni i Trenit,DR-1,Shijak,DR-16,08:30,08:46,16.1,13.4,1,"1,2,3,4,5,6,7",8/3/2026,60,0,0,True,0
Durrës,Shijak,DR43,Durrës – Shijak – Durrës,ANDROMEDA GROUP,https://www.dpshtrr.al/operatoret/andromeda-group-shpk,L61307527C,Durrës Stacioni i Trenit,DR-1,Shijak,DR-16,10:00,10:16,16.1,13.4,1,"1,2,3,4,5,6,7",8/3/2026,60,0,0,True,2
Durrës,Shijak,TR31,Tiranë – Shijak – Tiranë,IRIDEST,https://www.dpshtrr.al/operatoret/iridest-shpk,K72111030I,Tiranë Veri-Jug,TR-2,Shijak,DR-16,11:00,11:35,35.4,29.5,1,"1,2,3,4,5,6,7",8/3/2026,60,0,0,True,1
Durrës,Shijak,DR56,Shijak – Durrës – Shijak,SHIJAKU & CO,https://www.dpshtrr.al/operatoret/shijakuco-shpk,L62413505H,Durrës Stacioni i Trenit,DR-1,Shijak,DR-16,10:30,10:46,16.1,13.4,1,"1,2,3,4,5,6,7",8/3/2026,60,0,0,True,1
Durrës,Shkodër,ShK14,Vau Dejës - Tiranë - Vau Dejës,VAU DEJËS,https://www.dpshtrr.al/operatoret/nordin-shpk,J97113015J,Tiranë Veri-Jug,TR-2,Vau i Dejës,SH-2,07:00,08:41,101.5,84.5,1,"1,2,3,4,5,6,7",8/3/2026,60,0,0,True,3
Durrës,Shkodër,ShK17,Vau Dejës - Guri Zi - Shkodër - Vau Dejës,VAU DEJËS,https://www.dpshtrr.al/operatoret/nordin-shpk,J97113015J,Vau i Dejës,SH-2,Shkodër,SH-15,09:00,09:23,23.4,19.5,1,"1,2,3,4,5,6,7",8/3/2026,60,0,0,True,3
Durrës,Tiranë,TR33,Tiranë – Rinas (Aeroport) – Tiranë,Luna,https://www.dpshtrr.al/operatoret/lu-na-shpk,K31412087P,Rinas Aeroport,TR-4,Tirane Qendër Aeroport,TR-14,07:00,07:22,22.5,18.7,1,"1,2,3,4,5,6,7",8/3/2026,60,0,0,True,1
Durrës,Tiranë,TR41,Tiranë – Pogradec – Tiranë,KEI,https://www.dpshtrr.al/operatoret/kei-shpk,K72406011J,Pogradec,PG-5,Tiranë Jug-Lindje,TR-1,13:00,15:19,139.3,116.5,1,"1,2,3,4,5,6,7",8/3/2026,60,0,0,True,3
Durrës,Tiranë,TR13,Tiranë – Korçë – Tiranë,EL ALBA 2,https://www.dpshtrr.al/operatoret/elalba-2-shpk,K21402001V,Korçë,KO-2,Tiranë Jug-Lindje,TR-1,15:30,18:34,184.8,154.6,1,"1,2,3,4,5,6,7",8/3/2026,60,0,0,True,4
Durrës,Tiranë,EL16,Elbasan – Tiranë – Elbasan,ERA TRAVEL 2013,https://www.dpshtrr.al/operatoret/era-travel-2013-shpk,L33122201P,Elbasan Pallati i Sportit,EL-3,Tiranë Jug-Lindje,TR-1,05:30,06:08,38.5,32.1,1,"1,2,3,4,5,6,7",8/4/2026,60,0,0,True,4
Durrës,Tiranë,TR64,Tiranë – Elbasan – Tiranë (me kalim nga Tuneli),TIRANA - BUS,https://www.dpshtrr.al/operatoret/tirana-bus-shpk,L41511008N,Elbasan Pallati i Sportit,EL-3,Tiranë Jug-Lindje,TR-1,06:00,06:38,38.1,32.3,1,"1,2,3,4,5,6,7",8/4/2026,60,0,0,True,4
Durrës,Tiranë,KO3,Korçë - Tiranë - Korçë,START BUS KORCA,https://www.dpshtrr.al/operatoret/start-bus-korca-shpk,K24722001V,Korçë,KO-2,Tiranë Jug-Lindje,TR-1,04:00,07:04,184.8,154.5,1,"1,2,3,4,5,6,7",8/4/2026,60,0,0,True,4
Durrës,Vlorë,TR16,Tiranë – Vlorë – Tiranë,EL-ALBA TRANS,https://www.dpshtrr.al/operatoret/el-alba-trans-shpk,J62014003V,Tiranë Veri-Jug,TR-2,Vlorë,VL-28,06:45,09:47,183.0,152.4,1,"1,2,3,4,5,6,7",8/3/2026,60,0,0,True,1
Durrës,Vlorë,TR16,Tiranë – Vlorë – Tiranë,EL-ALBA TRANS,https://www.dpshtrr.al/operatoret/el-alba-trans-shpk,J62014003V,Tiranë Veri-Jug,TR-2,Vlorë,VL-28,07:10,10:12,183.0,152.4,1,"1,2,3,4,5,6,7",8/3/2026,60,0,0,True,1
Durrës,Vlorë,VL3,Vlorë - Tiranë - Vlorë,INTERBUZ VLORA,https://www.dpshtrr.al/operatoret/interbuz-vlora-shpk,K37004203O,Tiranë Veri-Jug,TR-2,Vlorë,VL-28,07:45,10:47,183.0,152.4,1,"1,2,3,4,5,6,7",8/3/2026,60,0,0,True,1
Durrës,Vlorë,TR16,Tiranë – Vlorë – Tiranë,EL-ALBA TRANS,https://www.dpshtrr.al/operatoret/el-alba-trans-shpk,J62014003V,Tiranë Veri-Jug,TR-2,Vlorë,VL-28,08:50,11:52,183.0,152.4,1,"1,2,3,4,5,6,7",8/3/2026,60,0,0,True,1
Durrës,Vlorë,TR16,Tiranë – Vlorë – Tiranë,EL-ALBA TRANS,https://www.dpshtrr.al/operatoret/el-alba-trans-shpk,J62014003V,Tiranë Veri-Jug,TR-2,Vlorë,VL-28,09:15,12:17,183.0,152.4,1,"1,2,3,4,5,6,7",8/3/2026,60,0,0,True,1
Durrës,Vlorë,DR7,Durrës – Vlorë – Durrës,TRANS KOMOD,https://www.dpshtrr.al/operatoret/trans-komod-shpk,L62420503D,Durrës (Plepa),DR-3,Vlorë,VL-28,10:00,12:18,138.2,115.2,1,"1,2,3,4,5,6,7",8/3/2026,60,0,0,True,0
Durrës,Vlorë,VL7,Vlorë - Durrës - Vlorë,INTERBUZ VLORA,https://www.dpshtrr.al/operatoret/interbuz-vlora-shpk,K37004203O,Durrës (Plepa),DR-3,Vlorë,VL-28,10:45,13:03,138.2,115.2,1,"1,2,3,4,5,6,7",8/3/2026,60,0,0,True,0
Durrës,Vlorë,FR3,Fier – Vlorë  – Fier,ARJANI,https://www.dpshtrr.al/operatoret/arjani-shpk,J63208424W,Fier,FR-8,Vlorë,VL-28,13:30,14:15,45.6,38.0,1,"1,2,3,4,5,6,7",8/3/2026,60,0,0,True,3
Durrës,Vlorë,VL3,Vlorë - Tiranë - Vlorë,INTERBUZ VLORA,https://www.dpshtrr.al/operatoret/interbuz-vlora-shpk,K37004203O,Tiranë Veri-Jug,TR-2,Vlorë,VL-28,11:30,14:32,183.0,152.4,1,"1,2,3,4,5,6,7",8/3/2026,60,0,0,True,2
Durrës,Vlorë,VL3,Vlorë - Tiranë - Vlorë,INTERBUZ VLORA,https://www.dpshtrr.al/operatoret/interbuz-vlora-shpk,K37004203O,Tiranë Veri-Jug,TR-2,Vlorë,VL-28,13:00,16:02,183.0,152.4,1,"1,2,3,4,5,6,7",8/3/2026,60,0,0,True,3
Durrës,Vore,TR78,Vorë - Shijak - Vorë,ANDROMEDA GROUP,https://www.dpshtrr.al/operatoret/andromeda-group-shpk,L61307527C,Shijak,DR-16,Vore,TR-3,07:30,07:45,15.6,13.0,1,"1,2,3,4,5,6,7",8/3/2026,60,0,0,True,1
Durrës,Vore,TR77,Vorë - Durrës - Vorë,ALTI 07,https://www.dpshtrr.al/operatoret/alti-07-shpk,L01929003C,Durrës Stacioni i Trenit,DR-1,Vore,TR-3,07:45,08:12,27.3,22.8,1,"1,2,3,4,5,6,7",8/3/2026,60,0,0,True,0
Durrës,Vore,TR78,Vorë - Shijak - Vorë,ANDROMEDA GROUP,https://www.dpshtrr.al/operatoret/andromeda-group-shpk,L61307527C,Shijak,DR-16,Vore,TR-3,08:30,08:45,15.6,13.0,1,"1,2,3,4,5,6,7",8/3/2026,60,0,0,True,1
Durrës,Vore,DR34,Durrës – Vorë  – Durrës,RIKI TRANS,https://www.dpshtrr.al/operatoret/riki-trans-shpk,L71309505G,Durrës Stacioni i Trenit,DR-1,Vore,TR-3,08:30,08:57,27.3,22.8,1,"1,2,3,4,5,6,7",8/3/2026,60,0,0,True,0
Durrës,Vore,TR77,Vorë - Durrës - Vorë,ALTI 07,https://www.dpshtrr.al/operatoret/alti-07-shpk,L01929003C,Durrës Stacioni i Trenit,DR-1,Vore,TR-3,09:15,09:42,27.3,22.8,1,"1,2,3,4,5,6,7",8/3/2026,60,0,0,True,0
Durrës,Vore,DR34,Durrës – Vorë  – Durrës,RIKI TRANS,https://www.dpshtrr.al/operatoret/riki-trans-shpk,L71309505G,Durrës Stacioni i Trenit,DR-1,Vore,TR-3,10:00,10:27,27.3,22.8,1,"1,2,3,4,5,6,7",8/3/2026,60,0,0,True,0
Durrës,Vore,TR77,Vorë - Durrës - Vorë,ALTI 07,https://www.dpshtrr.al/operatoret/alti-07-shpk,L01929003C,Durrës Stacioni i Trenit,DR-1,Vore,TR-3,10:45,11:12,27.3,22.8,1,"1,2,3,4,5,6,7",8/3/2026,60,0,0,True,0
Durrës,Vore,DR34,Durrës – Vorë  – Durrës,RIKI TRANS,https://www.dpshtrr.al/operatoret/riki-trans-shpk,L71309505G,Durrës Stacioni i Trenit,DR-1,Vore,TR-3,11:30,11:57,27.3,22.8,1,"1,2,3,4,5,6,7",8/3/2026,60,0,0,True,2
Durrës,Vore,TR77,Vorë - Durrës - Vorë,ALTI 07,https://www.dpshtrr.al/operatoret/alti-07-shpk,L01929003C,Durrës Stacioni i Trenit,DR-1,Vore,TR-3,12:15,12:42,27.3,22.8,1,"1,2,3,4,5,6,7",8/3/2026,60,0,0,True,2
Durrës,Vore,DR34,Durrës – Vorë  – Durrës,RIKI TRANS,https://www.dpshtrr.al/operatoret/riki-trans-shpk,L71309505G,Durrës Stacioni i Trenit,DR-1,Vore,TR-3,13:00,13:27,27.3,22.8,1,"1,2,3,4,5,6,7",8/3/2026,60,0,0,True,2
Durrës,Vore,TR77,Vorë - Durrës - Vorë,ALTI 07,https://www.dpshtrr.al/operatoret/alti-07-shpk,L01929003C,Durrës Stacioni i Trenit,DR-1,Vore,TR-3,13:45,14:12,27.3,22.8,1,"1,2,3,4,5,6,7",8/3/2026,60,0,0,True,2
Elbasan,Belsh,EL17,Elbasan – Belsh – Elbasan,LADI TRANS,https://www.dpshtrr.al/operatoret/ladi-trans-shpk,L33102203A,"Elbasan ""Kryqezimi i Cerrikut""",EL-4,Belsh,El-23,06:00,06:36,36.5,30.4,1,"1,2,3,4,5,6,7",8/3/2026,60,0,0,True,0
Elbasan,Belsh,EL18,Elbasan – Cërrik – Elbasan,UDHËTARI 2001,https://www.dpshtrr.al/operatoret/udhetari-2001-shpk,K23425201O,"Elbasan ""Kryqezimi i Cerrikut""",EL-4,Cerrik,EL-12,06:00,06:18,18.9,15.8,1,"1,2,3,4,5,6,7",8/3/2026,60,0,0,True,1
Elbasan,Belsh,TR43,Tiranë – Elbasan – Tiranë,EL ALBA 2,https://www.dpshtrr.al/operatoret/elalba-2-shpk,K21402001V,Tiranë Jug-Lindje,TR-1,"Elbasan ""Kryqezimi i Cerrikut""",EL-4,06:30,07:19,49.7,33.7,1,"1,2,3,4,5,6,7",8/3/2026,60,0,0,True,2
Elbasan,Belsh,TR43,Tiranë – Elbasan – Tiranë,EL ALBA 2,https://www.dpshtrr.al/operatoret/elalba-2-shpk,K21402001V,Tiranë Jug-Lindje,TR-1,"Elbasan ""Kryqezimi i Cerrikut""",EL-4,07:00,07:49,49.7,33.7,1,"1,2,3,4,5,6,7",8/3/2026,60,0,0,True,3
Elbasan,Belsh,EL16,Elbasan – Tiranë – Elbasan,ERA TRAVEL 2013,https://www.dpshtrr.al/operatoret/era-travel-2013-shpk,L33122201P,Elbasan Pallati i Sportit,EL-3,Tiranë Jug-Lindje,TR-1,06:30,07:08,38.5,32.1,1,"1,2,3,4,5,6,7",8/3/2026,60,0,0,True,2
Elbasan,Belsh,TR43,Tiranë – Elbasan – Tiranë,EL ALBA 2,https://www.dpshtrr.al/operatoret/elalba-2-shpk,K21402001V,Tiranë Jug-Lindje,TR-1,"Elbasan ""Kryqezimi i Cerrikut""",EL-4,07:30,08:19,49.7,33.7,1,"1,2,3,4,5,6,7",8/3/2026,60,0,0,True,2
Elbasan,Belsh,EL56,Elbasan – Kuçovë – Elbasan (me kalim nga Cërriku),SKAMPA TRANS,https://www.dpshtrr.al/operatoret/skampa-trans-shpk,L82914203S,Elbasan Pallati i Sportit,EL-3,Kucove,BR-46,06:30,07:26,56.9,47.4,1,"1,2,3,4,5,6,7",8/3/2026,60,0,0,True,3
Elbasan,Belsh,BR9,Kuçovë – Elbasan – Kuçovë (me kalim nga Cërriku),AMADA,https://www.dpshtrr.al/operatoret/amada-shpk,K88603102U,Kucove,BR-46,"Elbasan ""Kryqezimi i Cerrikut""",EL-4,07:30,08:25,55.4,46.1,1,"1,2,3,4,5,6,7",8/3/2026,60,0,0,True,3
Elbasan,Belsh,TR64,Tiranë – Elbasan – Tiranë (me kalim nga Tuneli),TIRANA - BUS,https://www.dpshtrr.al/operatoret/tirana-bus-shpk,L41511008N,Elbasan Pallati i Sportit,EL-3,Tiranë Jug-Lindje,TR-1,07:00,07:38,38.1,32.3,1,"1,2,3,4,5,6,7",8/3/2026,60,0,0,True,2
Elbasan,Belsh,EL16,Elbasan – Tiranë – Elbasan,ERA TRAVEL 2013,https://www.dpshtrr.al/operatoret/era-travel-2013-shpk,L33122201P,Elbasan Pallati i Sportit,EL-3,Tiranë Jug-Lindje,TR-1,07:30,08:08,38.5,32.1,1,"1,2,3,4,5,6,7",8/3/2026,60,0,0,True,2
Elbasan,Belsh,TR43,Tiranë – Elbasan – Tiranë,EL ALBA 2,https://www.dpshtrr.al/operatoret/elalba-2-shpk,K21402001V,Tiranë Jug-Lindje,TR-1,"Elbasan ""Kryqezimi i Cerrikut""",EL-4,08:30,09:19,49.7,33.7,1,"1,2,3,4,5,6,7",8/3/2026,60,0,0,True,2
Elbasan,Belsh,TR64,Tiranë – Elbasan – Tiranë (me kalim nga Tuneli),TIRANA - BUS,https://www.dpshtrr.al/operatoret/tirana-bus-shpk,L41511008N,Elbasan Pallati i Sportit,EL-3,Tiranë Jug-Lindje,TR-1,08:00,08:38,38.1,32.3,1,"1,2,3,4,5,6,7",8/3/2026,60,0,0,True,3
Elbasan,Belsh,TR43,Tiranë – Elbasan – Tiranë,EL ALBA 2,https://www.dpshtrr.al/operatoret/elalba-2-shpk,K21402001V,Tiranë Jug-Lindje,TR-1,"Elbasan ""Kryqezimi i Cerrikut""",EL-4,08:45,09:34,49.7,33.7,1,"1,2,3,4,5,6,7",8/3/2026,60,0,0,True,3
Elbasan,Berat,EL53,Cërrik – Elbasan – Cërrik,GOSTIMA,https://www.dpshtrr.al/operatoret/gostima-2003-shpk,K33128202G,"Elbasan ""Kryqezimi i Cerrikut""",EL-4,Cerrik,EL-12,06:30,06:48,18.9,15.8,1,"1,2,3,4,5,6,7",8/3/2026,60,0,0,True,1
Elbasan,Berat,BR20,Kuçovë – Berat – Kuçovë,DOLESE,https://www.dpshtrr.al/operatoret/dolese-shpk,K17621102J,Kucove,BR-46,Berat,BR-1,11:50,12:05,15.5,12.9,1,"1,2,3,4,5,6,7",8/3/2026,60,0,0,True,1
Elbasan,Berat,BR35,Berat – Gramsh – Berat,ERVISI,https://www.dpshtrr.al/operatoret/ervisi-shpk,K32506011I,Gramsh,EL-6,Berat,BR-1,11:00,12:27,87.8,73.1,1,"1,2,3,4,5,6,7",8/3/2026,60,0,0,True,2
Elbasan,Berat,FR25,Lushnjë – Berat – Lushnjë,KOHA EKSPRES,https://www.dpshtrr.al/operatoret/koha-ekspres-shpk,K34017402I,Lushnjë,LU-1,Berat,BR-1,14:45,15:26,41.8,34.8,1,"1,2,3,4,5,6,7",8/3/2026,60,0,0,True,1
Elbasan,Cerrik,EL49,"Cërrik – Kuçovë – Cërrik (ma kalim Gostimë, Mollas, Klos)",QAFA E BLIRIT,https://www.dpshtrr.al/operatoret/qafa-e-blirit-shpk,K72715201W,Kucove,BR-46,Cerrik,EL-12,12:45,13:25,40.1,33.4,1,"1,2,3,4,5,6,7",8/3/2026,60,0,0,True,1
Elbasan,Durrës,EL10,Elbasan – Shijak – Elbasan (pa të drejtë hyrje në Durrës),SKAMPA TRANS,https://www.dpshtrr.al/operatoret/skampa-trans-shpk,L82914203S,"Elbasan ""Kryqezimi i Cerrikut""",EL-4,Shijak,DR-16,10:15,12:01,106.9,89.1,1,"1,2,3,4,5,6,7",8/3/2026,60,0,0,True,1
Elbasan,Durrës,DR56,Shijak – Durrës – Shijak,SHIJAKU & CO,https://www.dpshtrr.al/operatoret/shijakuco-shpk,L62413505H,Shijak,DR-16,Durrës Stacioni i Trenit,DR-1,12:30,12:47,17.1,14.2,1,"1,2,3,4,5,6,7",8/3/2026,60,0,0,True,1
Elbasan,Durrës,EL1,Elbasan – Durrës – Elbasan,TRANSEL,https://www.dpshtrr.al/operatoret/transel-shpk,K63320202V,"Elbasan ""Kryqezimi i Cerrikut""",EL-4,Durrës (Plepa),DR-3,10:45,12:13,88.5,73.8,1,"1,2,3,4,5,6,7",8/3/2026,60,0,0,True,0
Elbasan,Durrës,TR65,"Tiranë – Durrës – Tiranë (me kalim nga Plepat, Ndroq)",RIKI TRANS,https://www.dpshtrr.al/operatoret/riki-trans-shpk,L71309505G,Durrës (Plepa),DR-3,Tiranë Veri-Jug,TR-2,11:00,11:41,41.6,34.7,1,"1,2,3,4,5,6,7",8/3/2026,60,0,0,True,4
Elbasan,Durrës,FR4,Fier – Kuçovë – Fier,ÇUKO,https://www.dpshtrr.al/operatoret/cuko-shpk,J62903571K,Kucove,BR-46,Fier,FR-8,11:15,12:01,46.8,39.0,1,"1,2,3,4,5,6,7",8/3/2026,60,0,0,True,3
Elbasan,Durrës,DR42,Durrës – Rinas (Aeroport) – Durrës,ADIS,https://www.dpshtrr.al/operatoret/adis-shpk,K31412511R,Rinas Aeroport,TR-4,Durrës Stacioni i Trenit,DR-1,14:00,14:40,40.4,33.7,1,"1,2,3,4,5,6,7",8/3/2026,60,0,0,True,3
Elbasan,Durrës,DR18,Durrës – Kuçovë – Durrës,ESLI TRANS,https://www.dpshtrr.al/operatoret/esli-trans-shpk,K91928501T,Kucove,BR-46,Durrës (Plepa),DR-3,12:00,13:30,90.7,75.5,1,"1,2,3,4,5,6,7",8/3/2026,60,0,0,True,1
Elbasan,Durrës,DR28,Durrës – Lushnje – Durrës,XHESI TURIST,https://www.dpshtrr.al,M32407505V,Lushnjë,LU-1,Durrës (Plepa),DR-3,13:15,14:08,53.2,44.3,1,"1,2,3,4,5,6,7",8/3/2026,60,0,0,True,1
Elbasan,Fier,FR14,Fier – Lushnje – Fier,JURVIS,https://www.dpshtrr.al/operatoret/jurvis-shpk,K92626401T,Lushnjë,LU-1,Fier,FR-8,10:30,11:03,33.6,28.0,1,"1,2,3,4,5,6,7",8/3/2026,60,0,0,True,1
Elbasan,Fier,FR32,Lushnjë – Fier – Lushnjë,TRANSUDHËTARE,https://www.dpshtrr.al/operatoret/transudhetare-shpk,J64103414M,Lushnjë,LU-1,Fier,FR-8,13:30,14:03,33.6,28.0,1,"1,2,3,4,5,6,7",8/3/2026,60,0,0,True,1
Elbasan,Fier,FR24,Lushnjë – Elbasan – Lushnjë,ENSU VIAGGIO,https://www.dpshtrr.al,L94001402E,Elbasan Pallati i Sportit,EL-3,Lushnjë,LU-1,12:45,13:58,73.2,61.0,1,"1,2,3,4,5,6,7",8/3/2026,60,0,0,True,1
Elbasan,Fier,FR14,Fier – Lushnje – Fier,JURVIS,https://www.dpshtrr.al/operatoret/jurvis-shpk,K92626401T,Lushnjë,LU-1,Fier,FR-8,15:30,16:03,33.6,28.0,1,"1,2,3,4,5,6,7",8/3/2026,60,0,0,True,1
Elbasan,Gjirokastër,EL15,Elbasan – Gjirokastër – Elbasan,GUCAJ A & R,https://www.dpshtrr.al/operatoret/gucaj-ar-shpk,K72812202S,"Elbasan ""Kryqezimi i Cerrikut""",EL-4,Gjirokastër,GJ-1,06:30,10:28,239.0,199.1,1,"1,2,3,4,5,6,7",8/3/2026,60,0,0,True,0
Elbasan,Gjirokastër,EL4,Elbasan – Sarandë – Elbasan,GUCAJ A & R,https://www.dpshtrr.al/operatoret/gucaj-ar-shpk,K72812202S,"Elbasan ""Kryqezimi i Cerrikut""",EL-4,Sarandë,SR-7,05:30,10:10,280.8,233.9,1,"1,2,3,4,5,6,7",8/3/2026,60,0,0,True,1
Elbasan,Gjirokastër,FR3,Fier – Vlorë  – Fier,ARJANI,https://www.dpshtrr.al/operatoret/arjani-shpk,J63208424W,Fier,FR-8,Vlorë,VL-28,12:30,13:15,45.6,38.0,1,"1,2,3,4,5,6,7",8/3/2026,60,0,0,True,3
Elbasan,Gjirokastër,GJ2,Gjirokastër - Vlorë - Gjirokastër,ARGJIRO,https://www.dpshtrr.al/operatoret/argjiro-shpk,J93316647D,Vlorë,VL-28,Gjirokastër,GJ-1,14:00,16:24,144.1,120.1,1,"1,2,3,4,5,6,7",8/3/2026,60,0,0,True,3
Elbasan,Gjirokastër,EL55,Elbasan – Gjirokastër – Elbasan,eTransport,https://www.dpshtrr.al/operatoret-etransport,1,Elbasan Pallati i Sportit,EL-3,Gjirokastër,GJ-1,00:00,03:53,233.9,194.9,1,"1,2,3,4,5,6,7",8/3/2026,60,0,0,True,0
Elbasan,Gramsh,TR24,Tiranë – Gramsh – Tiranë,KESIDA,https://www.dpshtrr.al/operatoret/kesida-shpk,K41619021N,Tiranë Jug-Lindje,TR-1,Gramsh,EL-6,07:00,08:34,94.6,71.0,1,"1,2,3,4,5,6,7",8/3/2026,60,0,0,True,1
Elbasan,Himarë,EL14,"Elbasan – Himarë – Elbasan (me kalim nga Bregu, pa të drejtë qëndrimi në Vlorë)",TRANSEL,https://www.dpshtrr.al/operatoret/transel-shpk,K63320202V,"Elbasan ""Kryqezimi i Cerrikut""",EL-4,Himarë,VL-22,05:15,09:08,233.6,194.6,1,"1,2,3,4,5,6,7",8/3/2026,60,0,0,True,0
Elbasan,Himarë,EL14,"Elbasan – Himarë – Elbasan (me kalim nga Bregu, pa të drejtë qëndrimi në Vlorë)",TRANSEL,https://www.dpshtrr.al/operatoret/transel-shpk,K63320202V,"Elbasan ""Kryqezimi i Cerrikut""",EL-4,Himarë,VL-22,06:00,09:53,233.6,194.6,1,"1,2,3,4,5,6,7",8/3/2026,60,0,0,True,0
Elbasan,Himarë,VL20,Himarë - Vlorë - Himarë,RUCI TOURS,https://www.dpshtrr.al/operatoret/ruci-tours-shpk,K36510236K,Vlorë,VL-28,Himarë,VL-22,10:00,11:33,93.8,78.1,1,"1,2,3,4,5,6,7",8/3/2026,60,0,0,True,1
Elbasan,Himarë,VL21,Himarë - Sarandë - Himarë,CITY HIMARA,https://www.dpshtrr.al/operatoret/city-himara-shpk,L73731801D,Sarandë,SR-7,Himarë,VL-22,11:00,12:01,61.2,51.0,1,"1,2,3,4,5,6,7",8/3/2026,60,0,0,True,1
Elbasan,Himarë,VL15,Vlorë - Himarë - Vlorë,BREGASI,https://www.dpshtrr.al/operatoret/bregasi-shpk,L76330202K,Vlorë,VL-28,Himarë,VL-22,12:00,13:33,93.8,78.1,1,"1,2,3,4,5,6,7",8/3/2026,60,0,0,True,2
Elbasan,Himarë,VL18,Himarë - Fier - Himarë,HAJDINI TRANSPORT,https://www.dpshtrr.al/operatoret/hajdini-transport-shpk,L36630202P,Fier,FR-8,Himarë,VL-22,11:30,13:52,142.5,118.7,1,"1,2,3,4,5,6,7",8/3/2026,60,0,0,True,2
Elbasan,Himarë,VL21,Himarë - Sarandë - Himarë,CITY HIMARA,https://www.dpshtrr.al/operatoret/city-himara-shpk,L73731801D,Sarandë,SR-7,Himarë,VL-22,13:00,14:01,61.2,51.0,1,"1,2,3,4,5,6,7",8/3/2026,60,0,0,True,1
Elbasan,Himarë,TR46,Tiranë – Librazhd – Tiranë,GREEN BUS,https://www.dpshtrr.al/operatoret/green-bus-travel,L81523015O,Tiranë Jug-Lindje,TR-1,Librazhd,LB-3,07:00,08:09,69.1,57.6,1,"1,2,3,4,5,6,7",8/3/2026,60,0,0,True,3
Elbasan,Himarë,EL37,Librazhd – Vlorë – Librazhd,HAKA TRAVEL,https://www.dpshtrr.al/operatoret/haka-travel-shpk,K87718601D,Librazhd,LB-3,Vlorë,VL-28,08:30,11:28,178.7,148.8,1,"1,2,3,4,5,6,7",8/3/2026,60,0,0,True,3
Elbasan,Himarë,VL20,Himarë - Vlorë - Himarë,RUCI TOURS,https://www.dpshtrr.al/operatoret/ruci-tours-shpk,K36510236K,Vlorë,VL-28,Himarë,VL-22,12:30,14:03,93.8,78.1,1,"1,2,3,4,5,6,7",8/3/2026,60,0,0,True,3
Elbasan,Himarë,VL20,Himarë - Vlorë - Himarë,RUCI TOURS,https://www.dpshtrr.al/operatoret/ruci-tours-shpk,K36510236K,Vlorë,VL-28,Himarë,VL-22,16:00,17:33,93.8,78.1,1,"1,2,3,4,5,6,7",8/3/2026,60,0,0,True,3
Elbasan,Himarë,VL19,Himarë - Tiranë - Himarë,RIVIERA,https://www.dpshtrr.al/operatoret/riviera-shpk,K36514201P,Tiranë Veri-Jug,TR-2,Himarë,VL-22,13:00,17:39,279.9,233.2,1,"1,2,3,4,5,6,7",8/3/2026,60,0,0,True,4
Elbasan,Himarë,VL20,Himarë - Vlorë - Himarë,RUCI TOURS,https://www.dpshtrr.al/operatoret/ruci-tours-shpk,K36510236K,Vlorë,VL-28,Himarë,VL-22,17:00,18:33,93.8,78.1,1,"1,2,3,4,5,6,7",8/3/2026,60,0,0,True,3
Elbasan,Himarë,VL18,Himarë - Fier - Himarë,HAJDINI TRANSPORT,https://www.dpshtrr.al/operatoret/hajdini-transport-shpk,L36630202P,Fier,FR-8,Himarë,VL-22,16:30,18:52,142.5,118.7,1,"1,2,3,4,5,6,7",8/3/2026,60,0,0,True,2
Elbasan,Kavajë,TR74,Kavajë – Elbasan – Kavajë,BRAHIMAJ TOURS,https://www.dpshtrr.al/operatoret/brahimaj-tours-shpk,L63302801G,"Elbasan ""Kryqezimi i Cerrikut""",EL-4,Kavaje (ish Agjencia),KJ-5,13:30,14:42,72.5,60.4,1,"1,2,3,4,5,6,7",8/3/2026,60,0,0,True,0
Elbasan,Kavajë,TR74,Kavajë – Elbasan – Kavajë,BRAHIMAJ TOURS,https://www.dpshtrr.al/operatoret/brahimaj-tours-shpk,L63302801G,"Elbasan ""Kryqezimi i Cerrikut""",EL-4,Kavaje (ish Agjencia),KJ-5,14:30,15:42,72.5,60.4,1,"1,2,3,4,5,6,7",8/3/2026,60,0,0,True,0
Elbasan,Kavajë,TR73,Kavajë – Durrës – Kavajë,ALDO TOURS,https://www.dpshtrr.al/operatoret/aldo-tours-2013-shpk,L33129802C,Durrës Stacioni i Trenit,DR-1,Kavaje (ish Agjencia),KJ-5,13:00,13:25,25.1,20.9,1,"1,2,3,4,5,6,7",8/3/2026,60,0,0,True,4
Elbasan,Kavajë,TR62,Tiranë – Kavajë – Tiranë,CITY KAVAJA,https://www.dpshtrr.al/operatoret/city-kavaja-shpk,L63621801S,Tiranë Veri-Jug,TR-2,Kavaje (ish Agjencia),KJ-5,13:00,14:01,61.5,51.2,1,"1,2,3,4,5,6,7",8/3/2026,60,0,0,True,4
Elbasan,Kavajë,DR4,Durrës – Kavajë – Durrës,SHQIPONJA,https://www.dpshtrr.al/operatoret/shqiponja-shpk,K23206026B,Durrës Stacioni i Trenit,DR-1,Kavaje (ish Agjencia),KJ-5,15:00,15:25,25.1,20.9,1,"1,2,3,4,5,6,7",8/3/2026,60,0,0,True,4
Elbasan,Kavajë,TR20,Tiranë – Kuçovë – Tiranë,TIBE,https://www.dpshtrr.al/operatoret/tibe-shpk,K31327069U,Kucove,BR-46,Tiranë Veri-Jug,TR-2,12:00,14:13,133.2,111.0,1,"1,2,3,4,5,6,7",8/3/2026,60,0,0,True,2
Elbasan,Kavajë,TR28,Tiranë – Lushnjë – Tiranë,PIKO,https://www.dpshtrr.al/operatoret/piko-shpk,K22301006J,Lushnjë,LU-1,Tiranë Veri-Jug,TR-2,14:00,15:35,95.8,79.8,1,"1,2,3,4,5,6,7",8/3/2026,60,0,0,True,2
Elbasan,Korçë,EL5,Elbasan – Korçë – Elbasan,TRANS KELA,https://www.dpshtrr.al/operatoret/trans-kela-shpk,L12704203B,"Elbasan ""Kryqezimi i Cerrikut""",EL-4,Korçë,KO-2,06:30,08:59,149.2,124.3,1,"1,2,3,4,5,6,7",8/3/2026,60,0,0,True,0
Elbasan,Korçë,TR41,Tiranë – Pogradec – Tiranë,KEI,https://www.dpshtrr.al/operatoret/kei-shpk,K72406011J,Tiranë Jug-Lindje,TR-1,Pogradec,PG-5,07:30,09:59,149.9,117.2,1,"1,2,3,4,5,6,7",8/3/2026,60,0,0,True,3
Elbasan,Korçë,EL40,Librazhd – Prrenjas – Librazhd,SEFA TRANS,https://www.dpshtrr.al/operatoret/sefa-trans-shpk,L47707602A,Librazhd,LB-3,Prrenjas,LB-5,07:30,07:59,29.7,28.5,1,"1,2,3,4,5,6,7",8/3/2026,60,0,0,True,3
Elbasan,Korçë,TR13,Tiranë – Korçë – Tiranë,EL ALBA 2,https://www.dpshtrr.al/operatoret/elalba-2-shpk,K21402001V,Tiranë Jug-Lindje,TR-1,Korçë,KO-2,06:30,09:45,195.6,155.8,1,"1,2,3,4,5,6,7",8/3/2026,60,0,0,True,1
Elbasan,Korçë,TR13,Tiranë – Korçë – Tiranë,EL ALBA 2,https://www.dpshtrr.al/operatoret/elalba-2-shpk,K21402001V,Tiranë Jug-Lindje,TR-1,Korçë,KO-2,07:15,10:30,195.6,155.8,1,"1,2,3,4,5,6,7",8/3/2026,60,0,0,True,1
Elbasan,Korçë,TR13,Tiranë – Korçë – Tiranë,EL ALBA 2,https://www.dpshtrr.al/operatoret/elalba-2-shpk,K21402001V,Tiranë Jug-Lindje,TR-1,Korçë,KO-2,08:00,11:15,195.6,155.8,1,"1,2,3,4,5,6,7",8/3/2026,60,0,0,True,1
Elbasan,Korçë,TR41,Tiranë – Pogradec – Tiranë,KEI,https://www.dpshtrr.al/operatoret/kei-shpk,K72406011J,Tiranë Jug-Lindje,TR-1,Pogradec,PG-5,08:30,10:59,149.9,117.2,1,"1,2,3,4,5,6,7",8/3/2026,60,0,0,True,2
Elbasan,Korçë,TR13,Tiranë – Korçë – Tiranë,EL ALBA 2,https://www.dpshtrr.al/operatoret/elalba-2-shpk,K21402001V,Tiranë Jug-Lindje,TR-1,Korçë,KO-2,08:45,12:00,195.6,155.8,1,"1,2,3,4,5,6,7",8/3/2026,60,0,0,True,1
Elbasan,Korçë,EL16,Elbasan – Tiranë – Elbasan,ERA TRAVEL 2013,https://www.dpshtrr.al/operatoret/era-travel-2013-shpk,L33122201P,Elbasan Pallati i Sportit,EL-3,Tiranë Jug-Lindje,TR-1,08:30,09:08,38.5,32.1,1,"1,2,3,4,5,6,7",8/3/2026,60,0,0,True,1
Elbasan,Korçë,TR13,Tiranë – Korçë – Tiranë,EL ALBA 2,https://www.dpshtrr.al/operatoret/elalba-2-shpk,K21402001V,Tiranë Jug-Lindje,TR-1,Korçë,KO-2,09:30,12:45,195.6,155.8,1,"1,2,3,4,5,6,7",8/3/2026,60,0,0,True,1
Elbasan,Korçë,TR64,Tiranë – Elbasan – Tiranë (me kalim nga Tuneli),TIRANA - BUS,https://www.dpshtrr.al/operatoret/tirana-bus-shpk,L41511008N,Elbasan Pallati i Sportit,EL-3,Tiranë Jug-Lindje,TR-1,09:00,09:38,38.1,32.3,1,"1,2,3,4,5,6,7",8/3/2026,60,0,0,True,1
Elbasan,Korçë,TR13,Tiranë – Korçë – Tiranë,EL ALBA 2,https://www.dpshtrr.al/operatoret/elalba-2-shpk,K21402001V,Tiranë Jug-Lindje,TR-1,Korçë,KO-2,10:15,13:30,195.6,155.8,1,"1,2,3,4,5,6,7",8/3/2026,60,0,0,True,1
Elbasan,Kucove,FR4,Fier – Kuçovë – Fier,ÇUKO,https://www.dpshtrr.al/operatoret/cuko-shpk,J62903571K,Fier,FR-8,Kucove,BR-46,14:15,15:01,46.8,39.0,1,"1,2,3,4,5,6,7",8/3/2026,60,0,0,True,2
Elbasan,Librazhd,EL35,Librazhd – Tiranë – Librazhd,MEGI 2001,https://www.dpshtrr.al/operatoret/megi-2001-shpk,K37510651K,Tiranë Jug-Lindje,TR-1,Librazhd,LB-3,11:00,12:09,69.1,57.6,1,"1,2,3,4,5,6,7",8/3/2026,60,0,0,True,1
Elbasan,Lushnjë,FR32,Lushnjë – Fier – Lushnjë,TRANSUDHËTARE,https://www.dpshtrr.al/operatoret/transudhetare-shpk,J64103414M,Fier,FR-8,Lushnjë,LU-1,12:15,12:48,33.5,28.0,1,"1,2,3,4,5,6,7",8/3/2026,60,0,0,True,2
Elbasan,Lushnjë,FR24,Lushnjë – Elbasan – Lushnjë,ENSU VIAGGIO,https://www.dpshtrr.al,L94001402E,Elbasan Pallati i Sportit,EL-3,Lushnjë,LU-1,13:30,14:43,73.2,61.0,1,"1,2,3,4,5,6,7",8/3/2026,60,0,0,True,0
Elbasan,Lushnjë,FR24,Lushnjë – Elbasan – Lushnjë,ENSU VIAGGIO,https://www.dpshtrr.al,L94001402E,Elbasan Pallati i Sportit,EL-3,Lushnjë,LU-1,14:15,15:28,73.2,61.0,1,"1,2,3,4,5,6,7",8/3/2026,60,0,0,True,0
Elbasan,Peqin,TR25,Tiranë – Peqin – Tiranë,BEAM,https://www.dpshtrr.al/operatoret/beam-shpk,K22313004H,Tiranë Jug-Lindje,TR-1,Peqin,EL-7,06:45,08:03,78.1,57.2,1,"1,2,3,4,5,6,7",8/3/2026,60,0,0,True,1
Elbasan,Peqin,EL11,Elbasan – Kuçovë – Elbasan (me kalim nga Cërriku),SKAMPA TRANS,https://www.dpshtrr.al/operatoret/skampa-trans-shpk,L82914203S,Kucove,BR-46,"Elbasan ""Kryqezimi i Cerrikut""",EL-4,11:30,12:33,63.6,53.0,1,"1,2,3,4,5,6,7",8/3/2026,60,0,0,True,2
Elbasan,Peshkopi,EL6,Elbasan – Klenjë – Peshkopi – Elbasan,GINO EXPRESS,https://www.dpshtrr.al/operatoret/gino-express,L42905202H,"Elbasan ""Kryqezimi i Cerrikut""",EL-4,Peshkopi,DI-3,06:30,08:38,128.5,107.1,1,"1,2,3,4,5,6,7",8/3/2026,60,0,0,True,0
Elbasan,Peshkopi,DI14,Bulqizë – Peshkopi – Bulqizë,LEOGITA TRANS,https://www.dpshtrr.al/operatoret/leo-gita-trans-shpk,L47307701I,Bulqizë,BZ-1,Peshkopi,DI-3,11:30,12:25,55.8,46.5,1,"1,2,3,4,5,6,7",8/3/2026,60,0,0,True,3
Elbasan,Peshkopi,DI7,Peshkopi – Bulqizë – Peshkopi,LEOGITA TRANS,https://www.dpshtrr.al/operatoret/leo-gita-trans-shpk,L47307701I,Bulqizë,BZ-1,Peshkopi,DI-3,12:00,12:55,55.8,46.5,1,"1,2,3,4,5,6,7",8/3/2026,60,0,0,True,1
Elbasan,Peshkopi,TR76,Kavajë – Rrogozhinë – Kavajë,LOSHI TOURS,https://www.dpshtrr.al/operatoret/loshi-tours-shpk,L52907801A,Rrogozhine,KJ-4,Kavaje (ish Agjencia),KJ-5,10:30,10:50,20.8,17.3,1,"1,2,3,4,5,6,7",8/3/2026,60,0,0,True,4
Elbasan,Peshkopi,TR66,Kamëz – Durrës – Kamëz,SHPRESA - AL,https://www.dpshtrr.al/operatoret/shpresa-al-shpk,K31321021N,Durrës Stacioni i Trenit,DR-1,Kamëz,TR-00096,11:30,12:16,46.3,38.6,1,"1,2,3,4,5,6,7",8/3/2026,60,0,0,True,4
Elbasan,Peshkopi,DI1,Peshkopi – Tiranë – Peshkopi,ARIU ARIU,https://www.dpshtrr.al/operatoret/ariu-ariu-shpk,L27418702D,Tiranë Veri-Jug,TR-2,Peshkopi,DI-3,14:40,16:45,125.8,104.8,1,"1,2,3,4,5,6,7",8/3/2026,60,0,0,True,2
Elbasan,Peshkopi,DI1,Peshkopi – Tiranë – Peshkopi,ARIU ARIU,https://www.dpshtrr.al/operatoret/ariu-ariu-shpk,L27418702D,Tiranë Veri-Jug,TR-2,Peshkopi,DI-3,15:20,17:25,125.8,104.8,1,"1,2,3,4,5,6,7",8/3/2026,60,0,0,True,2
Elbasan,Peshkopi,DI1,Peshkopi – Tiranë – Peshkopi,ARIU ARIU,https://www.dpshtrr.al/operatoret/ariu-ariu-shpk,L27418702D,Tiranë Veri-Jug,TR-2,Peshkopi,DI-3,16:00,18:05,125.8,104.8,1,"1,2,3,4,5,6,7",8/3/2026,60,0,0,True,2
Elbasan,Prrenjas,EL27,Prrenjas – Librazhd – Prrenjas,ART TRAVEL,https://www.dpshtrr.al/operatoret/art-travel-shpk,L17926601U,Librazhd,LB-3,Prrenjas,LB-5,08:00,08:34,34.2,28.5,1,"1,2,3,4,5,6,7",8/3/2026,60,0,0,True,1
Elbasan,Prrenjas,EL22,Elbasan – Prrenjas – Elbasan,NE-ER,https://www.dpshtrr.al/operatoret/ne-er-shpk,L52519213M,"Elbasan ""Kryqezimi i Cerrikut""",EL-4,Prrenjas,LB-5,10:15,11:02,47.0,53.2,1,"1,2,3,4,5,6,7",8/3/2026,60,0,0,True,0
Elbasan,Sarandë,VL21,Himarë - Sarandë - Himarë,CITY HIMARA,https://www.dpshtrr.al/operatoret/city-himara-shpk,L73731801D,Himarë,VL-22,Sarandë,SR-7,09:30,10:31,61.2,51.0,1,"1,2,3,4,5,6,7",8/3/2026,60,0,0,True,1
Elbasan,Sarandë,VL34,Sarandë - Himarë - Sarandë,TRANS-BUS SARANDA,https://www.dpshtrr.al/operatoret/transbus-saranda-shpk,K83725804U,Himarë,VL-22,Sarandë,SR-7,10:30,11:31,61.2,51.0,1,"1,2,3,4,5,6,7",8/3/2026,60,0,0,True,1
Elbasan,Sarandë,VL26,Sarandë - Elbasan - Sarandë,SARANDA BUTRINT TRANSPORT,https://www.dpshtrr.al/operatoret/saranda-butrinti-transport,K83903806B,"Elbasan ""Kryqezimi i Cerrikut""",EL-4,Sarandë,SR-7,12:00,16:49,289.7,241.3,1,"1,2,3,4,5,6,7",8/3/2026,60,0,0,True,0
Elbasan,Sarandë,VL33,Sarandë - Vlorë - Sarandë ( me kalim nga Muzina ),SARANDA - TRANSPORT - 2012,https://www.dpshtrr.al/operatoret/transport-saranda-2012-shpk,L24212801F,Vlorë,VL-28,Sarandë,SR-7,13:00,16:29,209.1,174.2,1,"1,2,3,4,5,6,7",8/3/2026,60,0,0,True,3
Elbasan,Sarandë,VL35,Sarandë- Vlorë - Sarandë ( me kalim nga bregu ),TRANS-BUS SARANDA,https://www.dpshtrr.al/operatoret/transbus-saranda-shpk,K83725804U,Vlorë,VL-28,Sarandë,SR-7,14:30,17:04,154.9,129.0,1,"1,2,3,4,5,6,7",8/3/2026,60,0,0,True,3
Elbasan,Sarandë,VL27,Sarandë - Berat - Sarandë,TRANS DEA,https://www.dpshtrr.al/operatoret/trans-dea-shpk,K83826802M,Berat,BR-1,Sarandë,SR-7,15:30,19:42,252.1,210.0,1,"1,2,3,4,5,6,7",8/3/2026,60,0,0,True,2
Elbasan,Shijak,DR54,Shijak – Tiranë – Shijak,ERZENI TRANS,https://www.dpshtrr.al/operatoret/erzeni-trans-shpk,K31527595W,Tiranë Veri-Jug,TR-2,Shijak,DR-16,12:00,12:31,31.2,26.0,1,"1,2,3,4,5,6,7",8/3/2026,60,0,0,True,4
Elbasan,Shijak,DR54,Shijak – Tiranë – Shijak,ERZENI TRANS,https://www.dpshtrr.al/operatoret/erzeni-trans-shpk,K31527595W,Tiranë Veri-Jug,TR-2,Shijak,DR-16,15:45,16:16,31.2,26.0,1,"1,2,3,4,5,6,7",8/3/2026,60,0,0,True,2
Elbasan,Shijak,DR54,Shijak – Tiranë – Shijak,ERZENI TRANS,https://www.dpshtrr.al/operatoret/erzeni-trans-shpk,K31527595W,Tiranë Veri-Jug,TR-2,Shijak,DR-16,16:30,17:01,31.2,26.0,1,"1,2,3,4,5,6,7",8/3/2026,60,0,0,True,2
Elbasan,Shkodër,ShK7,Shkodër - Elbasan - Shkodër,DINAMIC EXPRESS,https://www.dpshtrr.al/operatoret/dinamic-express-shpk,K87101006T,"Elbasan ""Kryqezimi i Cerrikut""",EL-4,Shkodër,SH-15,15:00,17:39,159.9,133.3,1,"1,2,3,4,5,6,7",8/3/2026,60,0,0,True,0
Elbasan,Shkodër,ShK4,Shkodër - Rinas - Shkodër,HERMES AEROPORT,https://www.dpshtrr.al/operatoret/hermes-aeroport-shpk,L67324202E,Rinas Aeroport,TR-4,Shkodër,SH-15,14:00,15:40,100.4,83.7,1,"1,2,3,4,5,6,7",8/3/2026,60,0,0,True,3
Elbasan,Shkodër,ShK6,Shkodër - Vlorë - Shkodër,DINAMIC EXPRESS,https://www.dpshtrr.al/operatoret/dinamic-express-shpk,K87101006T,Vlorë,VL-28,Shkodër,SH-15,13:00,17:29,269.2,224.3,1,"1,2,3,4,5,6,7",8/3/2026,60,0,0,True,3
Elbasan,Shkodër,EL57,Elbasan – Shkodër – Elbasan,eTransport,https://www.dpshtrr.al/operatoret-etransport,1,Elbasan Pallati i Sportit,EL-3,Shkodër,SH-15,00:00,02:49,169.8,141.5,1,"1,2,3,4,5,6,7",8/3/2026,60,0,0,True,0
Elbasan,Vlorë,FR26,Lushnjë – Vlorë – Lushnjë,TRANSUDHËTARE,https://www.dpshtrr.al/operatoret/transudhetare-shpk,J64103414M,Lushnjë,LU-1,Vlorë,VL-28,07:30,08:55,85.1,70.9,1,"1,2,3,4,5,6,7",8/3/2026,60,0,0,True,2
Elbasan,Vlorë,EL3,Elbasan – Vlorë – Elbasan,TRANSEL,https://www.dpshtrr.al/operatoret/transel-shpk,K63320202V,"Elbasan ""Kryqezimi i Cerrikut""",EL-4,Vlorë,VL-28,09:30,12:08,158.8,132.3,1,"1,2,3,4,5,6,7",8/3/2026,60,0,0,True,0
Elbasan,Vlorë,FR3,Fier – Vlorë  – Fier,ARJANI,https://www.dpshtrr.al/operatoret/arjani-shpk,J63208424W,Fier,FR-8,Vlorë,VL-28,14:30,15:15,45.6,38.0,1,"1,2,3,4,5,6,7",8/3/2026,60,0,0,True,2
Elbasan,Vlorë,VL11,Vlorë - Lushnje - Vlorë,CIPINI,https://www.dpshtrr.al/operatoret/cipini-shpk,K36405207P,Lushnjë,LU-1,Vlorë,VL-28,14:30,15:55,85.1,70.9,1,"1,2,3,4,5,6,7",8/3/2026,60,0,0,True,1
Ersekë,Durrës,KO21,Ersekë - Korçë- Ersekë,ER-TRANS,https://www.dpshtrr.al/operatoret/er-trans-shpk,K98628001R,Ersekë,ER-1,Korçë,KO-2,06:30,07:19,49.5,41.3,1,"1,2,3,4,5,6,7",8/3/2026,60,0,0,True,2
Ersekë,Durrës,KO26,Korçë-Kamëz-Korçë,RIKI TRANS,https://www.dpshtrr.al/operatoret/riki-trans-shpk,L71309505G,Korçë,KO-2,Kamëz,TR-00096,07:30,10:53,203.6,169.6,1,"1,2,3,4,5,6,7",8/3/2026,60,0,0,True,2
Ersekë,Durrës,TR66,Kamëz – Durrës – Kamëz,SHPRESA - AL,https://www.dpshtrr.al/operatoret/shpresa-al-shpk,K31321021N,Kamëz,TR-00096,Durrës Stacioni i Trenit,DR-1,11:00,11:49,49.3,41.0,1,"1,2,3,4,5,6,7",8/3/2026,60,0,0,True,2
Ersekë,Durrës,DR23,Durrës – Ersekë – Durrës,XHEJNI TRAVEL,https://www.dpshtrr.al/operatoret/xhejni-travel-shpk,L62415503B,Ersekë,ER-1,Durrës (Plepa),DR-3,07:00,11:04,245.0,204.1,1,"1,2,3,4,5,6,7",8/3/2026,60,0,0,True,2
Ersekë,Durrës,TR65,"Tiranë – Durrës – Tiranë (me kalim nga Plepat, Ndroq)",RIKI TRANS,https://www.dpshtrr.al/operatoret/riki-trans-shpk,L71309505G,Durrës (Plepa),DR-3,Tiranë Veri-Jug,TR-2,12:00,12:41,41.6,34.7,1,"1,2,3,4,5,6,7",8/3/2026,60,0,0,True,2
Ersekë,Durrës,KO21,Ersekë - Korçë- Ersekë,ER-TRANS,https://www.dpshtrr.al/operatoret/er-trans-shpk,K98628001R,Ersekë,ER-1,Korçë,KO-2,08:00,08:49,49.5,41.3,1,"1,2,3,4,5,6,7",8/3/2026,60,0,0,True,2
Ersekë,Durrës,KO19,Ersekë - Durrës - Ersekë,ER-TRANS,https://www.dpshtrr.al/operatoret/er-trans-shpk,K98628001R,Ersekë,ER-1,Durrës (Plepa),DR-3,07:00,11:43,283.3,236.0,1,"1,2,3,4,5,6,7",8/3/2026,60,0,0,True,2
Ersekë,Durrës,KO21,Ersekë - Korçë- Ersekë,ER-TRANS,https://www.dpshtrr.al/operatoret/er-trans-shpk,K98628001R,Ersekë,ER-1,Korçë,KO-2,09:00,09:49,49.5,41.3,1,"1,2,3,4,5,6,7",8/3/2026,60,0,0,True,2
Ersekë,Durrës,DR56,Shijak – Durrës – Shijak,SHIJAKU & CO,https://www.dpshtrr.al/operatoret/shijakuco-shpk,L62413505H,Shijak,DR-16,Durrës Stacioni i Trenit,DR-1,14:30,14:47,17.1,14.2,1,"1,2,3,4,5,6,7",8/3/2026,60,0,0,True,2
Ersekë,Durrës,KO21,Ersekë - Korçë- Ersekë,ER-TRANS,https://www.dpshtrr.al/operatoret/er-trans-shpk,K98628001R,Ersekë,ER-1,Korçë,KO-2,10:00,10:49,49.5,41.3,1,"1,2,3,4,5,6,7",8/3/2026,60,0,0,True,3
Ersekë,Durrës,TR72,Kamëz – Pogradec – Kamëz,EDI&SENA TRAVEL&TOURS,https://www.dpshtrr.al/operatoret/edisena-travel-tours-shpk,L71928009G,Pogradec,PG-5,Kamëz,TR-00096,12:00,14:38,158.1,131.7,1,"1,2,3,4,5,6,7",8/3/2026,60,0,0,True,3
Ersekë,Durrës,DR17,Durrës – Kamëz – Durrës,AUTO DUKA TRANS,https://www.dpshtrr.al/operatoret/auto-duka-trans-shpk,L62415504J,Kamëz,TR-00096,Durrës Stacioni i Trenit,DR-1,14:45,15:34,49.3,41.0,1,"1,2,3,4,5,6,7",8/3/2026,60,0,0,True,3
Ersekë,Durrës,KO2,Korçë - Durrës - Korçë,START BUS KORCA,https://www.dpshtrr.al/operatoret/start-bus-korca-shpk,K24722001V,Korçë,KO-2,Durrës (Plepa),DR-3,08:00,11:54,234.0,195.0,1,"1,2,3,4,5,6,7",8/3/2026,60,0,0,True,1
Ersekë,Durrës,EL5,Elbasan – Korçë – Elbasan,TRANS KELA,https://www.dpshtrr.al/operatoret/trans-kela-shpk,L12704203B,Korçë,KO-2,"Elbasan ""Kryqezimi i Cerrikut""",EL-4,10:00,12:29,149.3,124.4,1,"1,2,3,4,5,6,7",8/3/2026,60,0,0,True,2
Ersekë,Durrës,DR5,Durrës – Elbasan – Durrës,TEUTA - 95,https://www.dpshtrr.al/operatoret/teuta-95-shpk,K31529513G,"Elbasan ""Kryqezimi i Cerrikut""",EL-4,Durrës (Plepa),DR-3,12:45,14:19,94.8,79.0,1,"1,2,3,4,5,6,7",8/3/2026,60,0,0,True,2
Ersekë,Durrës,DR2,Durrës – Korçë – Durrës,DEMOKRACIA 95,https://www.dpshtrr.al/operatoret/demokracia-95-shpk,K31601531F,Korçë,KO-2,Durrës (Plepa),DR-3,11:00,14:34,214.2,178.5,1,"1,2,3,4,5,6,7",8/3/2026,60,0,0,True,1
Ersekë,Korçë,KO11,Korçë - Ersekë - Korçë,RIKI TRANS,https://www.dpshtrr.al/operatoret/riki-trans-shpk,L71309505G,Ersekë,ER-1,Korçë,KO-2,11:00,11:49,49.5,41.3,1,"1,2,3,4,5,6,7",8/3/2026,60,0,0,True,0
Ersekë,Korçë,KO11,Korçë - Ersekë - Korçë,RIKI TRANS,https://www.dpshtrr.al/operatoret/riki-trans-shpk,L71309505G,Ersekë,ER-1,Korçë,KO-2,12:00,12:49,49.5,41.3,1,"1,2,3,4,5,6,7",8/3/2026,60,0,0,True,0
Ersekë,Korçë,KO11,Korçë - Ersekë - Korçë,RIKI TRANS,https://www.dpshtrr.al/operatoret/riki-trans-shpk,L71309505G,Ersekë,ER-1,Korçë,KO-2,13:00,13:49,49.5,41.3,1,"1,2,3,4,5,6,7",8/3/2026,60,0,0,True,0
Ersekë,Tiranë,KO3,Korçë - Tiranë - Korçë,START BUS KORCA,https://www.dpshtrr.al/operatoret/start-bus-korca-shpk,K24722001V,Korçë,KO-2,Tiranë Jug-Lindje,TR-1,08:00,11:04,184.8,154.5,1,"1,2,3,4,5,6,7",8/3/2026,60,0,0,True,1
Ersekë,Tiranë,KO18,Ersekë - Tiranë - Ersekë,ER-TRANS,https://www.dpshtrr.al/operatoret/er-trans-shpk,K98628001R,Ersekë,ER-1,Tiranë Jug-Lindje,TR-1,08:30,12:24,234.1,193.2,1,"1,2,3,4,5,6,7",8/3/2026,60,0,0,True,0
Ersekë,Tiranë,KO3,Korçë - Tiranë - Korçë,START BUS KORCA,https://www.dpshtrr.al/operatoret/start-bus-korca-shpk,K24722001V,Korçë,KO-2,Tiranë Jug-Lindje,TR-1,10:00,13:04,184.8,154.5,1,"1,2,3,4,5,6,7",8/3/2026,60,0,0,True,1
Ersekë,Tiranë,KO3,Korçë - Tiranë - Korçë,START BUS KORCA,https://www.dpshtrr.al/operatoret/start-bus-korca-shpk,K24722001V,Korçë,KO-2,Tiranë Jug-Lindje,TR-1,11:00,14:04,184.8,154.5,1,"1,2,3,4,5,6,7",8/3/2026,60,0,0,True,1
Ersekë,Tiranë,TR13,Tiranë – Korçë – Tiranë,EL ALBA 2,https://www.dpshtrr.al/operatoret/elalba-2-shpk,K21402001V,Korçë,KO-2,Tiranë Jug-Lindje,TR-1,11:45,14:49,184.8,154.6,1,"1,2,3,4,5,6,7",8/3/2026,60,0,0,True,1
Ersekë,Tiranë,TR30,Tiranë – Ersekë – Tiranë,ENO,https://www.dpshtrr.al/operatoret/eno-shpk,K31705061T,Ersekë,ER-1,Tiranë Jug-Lindje,TR-1,12:30,16:24,234.1,192.9,1,"1,2,3,4,5,6,7",8/3/2026,60,0,0,True,0
Ersekë,Tiranë,ShK1,Shkodër - Tiranë - Shkodër,ROZAFA ORTAKËT,https://www.dpshtrr.al/operatoret/rozafa-ortaket-shpk,K26702001R,Tiranë Veri-Jug,TR-2,Shkodër,SH-15,13:00,14:48,108.2,90.2,1,"1,2,3,4,5,6,7",8/3/2026,60,0,0,True,3
Ersekë,Tiranë,FR7,Fier – Korçë – Fier,ÇUKO,https://www.dpshtrr.al/operatoret/cuko-shpk,J62903571K,Korçë,KO-2,Fier,FR-8,12:00,15:53,233.2,194.3,1,"1,2,3,4,5,6,7",8/3/2026,60,0,0,True,2
Ersekë,Tiranë,FR12,"Fier – Rinas – Fier (nga Ura e Dajlanit, Vorë)",EURO - ALBANIA TRAVEL,https://www.dpshtrr.al/operatoret/euro-albania-travel-shpk,L33609403Q,Fier,FR-8,Rinas Aeroport,TR-4,19:00,21:07,127.2,105.9,1,"1,2,3,4,5,6,7",8/3/2026,60,0,0,True,2
Ersekë,Tiranë,TR65,"Tiranë – Durrës – Tiranë (me kalim nga Plepat, Ndroq)",RIKI TRANS,https://www.dpshtrr.al/operatoret/riki-trans-shpk,L71309505G,Durrës (Plepa),DR-3,Tiranë Veri-Jug,TR-2,15:00,15:41,41.6,34.7,1,"1,2,3,4,5,6,7",8/3/2026,60,0,0,True,2
Fier,Ballsh,FR13,Fier – Ballsh – Fier,ZAHAJ 2013,https://www.dpshtrr.al/operatoret/zahaj-2013-shpk,L32725402U,Fier,FR-8,Ballsh,FR-11,06:00,06:31,31.9,26.6,1,"1,2,3,4,5,6,7",8/3/2026,60,0,0,True,0
Fier,Ballsh,FR13,Fier – Ballsh – Fier,ZAHAJ 2013,https://www.dpshtrr.al/operatoret/zahaj-2013-shpk,L32725402U,Fier,FR-8,Ballsh,FR-11,06:45,07:16,31.9,26.6,1,"1,2,3,4,5,6,7",8/3/2026,60,0,0,True,0
Fier,Ballsh,FR19,Ballsh – Fier – Ballsh,SHAMETAJ,https://www.dpshtrr.al/operatoret/shametaj-transport-shpk,K88128801D,Fier,FR-8,Ballsh,FR-11,08:00,08:31,31.9,26.6,1,"1,2,3,4,5,6,7",8/3/2026,60,0,0,True,0
Fier,Ballsh,FR13,Fier – Ballsh – Fier,ZAHAJ 2013,https://www.dpshtrr.al/operatoret/zahaj-2013-shpk,L32725402U,Fier,FR-8,Ballsh,FR-11,09:00,09:31,31.9,26.6,1,"1,2,3,4,5,6,7",8/3/2026,60,0,0,True,0
Fier,Ballsh,FR19,Ballsh – Fier – Ballsh,SHAMETAJ,https://www.dpshtrr.al/operatoret/shametaj-transport-shpk,K88128801D,Fier,FR-8,Ballsh,FR-11,10:00,10:31,31.9,26.6,1,"1,2,3,4,5,6,7",8/3/2026,60,0,0,True,0
Fier,Ballsh,FR13,Fier – Ballsh – Fier,ZAHAJ 2013,https://www.dpshtrr.al/operatoret/zahaj-2013-shpk,L32725402U,Fier,FR-8,Ballsh,FR-11,11:00,11:31,31.9,26.6,1,"1,2,3,4,5,6,7",8/3/2026,60,0,0,True,0
Fier,Ballsh,FR19,Ballsh – Fier – Ballsh,SHAMETAJ,https://www.dpshtrr.al/operatoret/shametaj-transport-shpk,K88128801D,Fier,FR-8,Ballsh,FR-11,12:30,13:01,31.9,26.6,1,"1,2,3,4,5,6,7",8/3/2026,60,0,0,True,0
Fier,Ballsh,FR13,Fier – Ballsh – Fier,ZAHAJ 2013,https://www.dpshtrr.al/operatoret/zahaj-2013-shpk,L32725402U,Fier,FR-8,Ballsh,FR-11,13:30,14:01,31.9,26.6,1,"1,2,3,4,5,6,7",8/3/2026,60,0,0,True,0
Fier,Berat,FR2,Fier – Berat – Fier,ÇUKO,https://www.dpshtrr.al/operatoret/cuko-shpk,J62903571K,Fier,FR-8,Berat,BR-1,06:30,07:22,52.1,43.4,1,"1,2,3,4,5,6,7",8/3/2026,60,0,0,True,0
Fier,Berat,FR14,Fier – Lushnje – Fier,JURVIS,https://www.dpshtrr.al/operatoret/jurvis-shpk,K92626401T,Fier,FR-8,Lushnjë,LU-1,06:20,06:53,33.5,28.0,1,"1,2,3,4,5,6,7",8/3/2026,60,0,0,True,1
Fier,Berat,FR25,Lushnjë – Berat – Lushnjë,KOHA EKSPRES,https://www.dpshtrr.al/operatoret/koha-ekspres-shpk,K34017402I,Lushnjë,LU-1,Berat,BR-1,07:00,07:41,41.8,34.8,1,"1,2,3,4,5,6,7",8/3/2026,60,0,0,True,1
Fier,Berat,FR14,Fier – Lushnje – Fier,JURVIS,https://www.dpshtrr.al/operatoret/jurvis-shpk,K92626401T,Fier,FR-8,Lushnjë,LU-1,07:00,07:33,33.5,28.0,1,"1,2,3,4,5,6,7",8/3/2026,60,0,0,True,1
Fier,Corovode,FR10,Fier – çorovodë – Fier,ÇUKO,https://www.dpshtrr.al/operatoret/cuko-shpk,J62903571K,Fier,FR-8,Corovode,BR-11,07:00,08:55,115.7,96.4,1,"1,2,3,4,5,6,7",8/3/2026,60,0,0,True,0
Fier,Corovode,FR10,Fier – çorovodë – Fier,ÇUKO,https://www.dpshtrr.al/operatoret/cuko-shpk,J62903571K,Fier,FR-8,Corovode,BR-11,08:00,09:55,115.7,96.4,1,"1,2,3,4,5,6,7",8/3/2026,60,0,0,True,0
Fier,Corovode,FR3,Fier – Vlorë  – Fier,ARJANI,https://www.dpshtrr.al/operatoret/arjani-shpk,J63208424W,Fier,FR-8,Vlorë,VL-28,06:30,07:15,45.6,38.0,1,"1,2,3,4,5,6,7",8/3/2026,60,0,0,True,1
Fier,Durrës,FR1,Fier – Tiranë – Fier,KOMPAKT,https://www.dpshtrr.al/operatoret/kompakt-shpk,K23407401F,Fier,FR-8,Tiranë Veri-Jug,TR-2,06:00,06:00,,107.5,1,"1,2,3,4,5,6,7",8/3/2026,60,0,0,True,1
Fier,Durrës,FR1,Fier – Tiranë – Fier,KOMPAKT,https://www.dpshtrr.al/operatoret/kompakt-shpk,K23407401F,Fier,FR-8,Tiranë Veri-Jug,TR-2,05:20,07:29,129.0,107.5,1,"1,2,3,4,5,6,7",8/3/2026,60,0,0,True,1
Fier,Durrës,FR1,Fier – Tiranë – Fier,KOMPAKT,https://www.dpshtrr.al/operatoret/kompakt-shpk,K23407401F,Fier,FR-8,Tiranë Veri-Jug,TR-2,08:00,08:00,,107.5,1,"1,2,3,4,5,6,7",8/3/2026,60,0,0,True,1
Fier,Durrës,FR23,Lushnjë – Tiranë – Lushnjë,KOHA EKSPRES,https://www.dpshtrr.al/operatoret/koha-ekspres-shpk,K34017402I,Lushnjë,LU-1,Tiranë Veri-Jug,TR-2,07:00,08:35,95.8,79.8,1,"1,2,3,4,5,6,7",8/3/2026,60,0,0,True,2
Fier,Durrës,FR11,Fier – Durrës – Fier,KOMPAKT,https://www.dpshtrr.al/operatoret/kompakt-shpk,K23407401F,Fier,FR-8,Durrës (Plepa),DR-3,06:45,08:11,86.5,72.0,1,"1,2,3,4,5,6,7",8/3/2026,60,0,0,True,2
Fier,Elbasan,EL12,Elbasan – Lushnje – Elbasan (me kalim nga Belshi),DUMREJA-2 SHPK,https://www.dpshtrr.al/operatoret/dumreja-2-shpk,L13521202F,Lushnjë,LU-1,"Elbasan ""Kryqezimi i Cerrikut""",EL-4,07:30,08:36,66.7,55.6,1,"1,2,3,4,5,6,7",8/3/2026,60,0,0,True,1
Fier,Elbasan,FR14,Fier – Lushnje – Fier,JURVIS,https://www.dpshtrr.al/operatoret/jurvis-shpk,K92626401T,Fier,FR-8,Lushnjë,LU-1,08:00,08:33,33.5,28.0,1,"1,2,3,4,5,6,7",8/3/2026,60,0,0,True,1
Fier,Elbasan,TR64,Tiranë – Elbasan – Tiranë (me kalim nga Tuneli),TIRANA - BUS,https://www.dpshtrr.al/operatoret/tirana-bus-shpk,L41511008N,Tiranë Jug-Lindje,TR-1,Elbasan Pallati i Sportit,EL-3,12:00,12:49,49.0,33.1,1,"1,2,3,4,5,6,7",8/3/2026,60,0,0,True,2
Fier,Gjirokastër,FR9,Fier – Gjirokastër – Fier,KOMPAKT,https://www.dpshtrr.al/operatoret/kompakt-shpk,K23407401F,Fier,FR-8,Gjirokastër,GJ-1,05:10,07:16,127.0,105.8,1,"1,2,3,4,5,6,7",8/3/2026,60,0,0,True,0
Fier,Gjirokastër,FR5,Fier – Sarandë – Fier,KOMPAKT,https://www.dpshtrr.al/operatoret/kompakt-shpk,K23407401F,Fier,FR-8,Sarandë,SR-7,06:00,08:48,168.7,140.6,1,"1,2,3,4,5,6,7",8/3/2026,60,0,0,True,1
Fier,Korçë,FR7,Fier – Korçë – Fier,ÇUKO,https://www.dpshtrr.al/operatoret/cuko-shpk,J62903571K,Fier,FR-8,Korçë,KO-2,05:00,08:52,232.8,194.0,1,"1,2,3,4,5,6,7",8/3/2026,60,0,0,True,0
Fier,Korçë,FR7,Fier – Korçë – Fier,ÇUKO,https://www.dpshtrr.al/operatoret/cuko-shpk,J62903571K,Fier,FR-8,Korçë,KO-2,07:30,11:22,232.8,194.0,1,"1,2,3,4,5,6,7",8/3/2026,60,0,0,True,0
Fier,Korçë,VL1,Vlorë - Korçë - Vlorë,HAMZAJ,https://www.dpshtrr.al/operatoret/hamzaj-shpk,K36417206V,Vlorë,VL-28,Korçë,KO-2,08:15,13:19,304.1,253.4,1,"1,2,3,4,5,6,7",8/3/2026,60,0,0,True,1
Fier,Kucove,BR12,Kuçove – Fier  – Kuçove,INTERBAN K,https://www.dpshtrr.al/operatoret/interban-k-shpk,L57508102P,Fier,FR-8,Kucove,BR-46,12:00,12:46,46.8,39.0,1,"1,2,3,4,5,6,7",8/3/2026,60,0,0,True,0
Fier,Lushnjë,FR32,Lushnjë – Fier – Lushnjë,TRANSUDHËTARE,https://www.dpshtrr.al/operatoret/transudhetare-shpk,J64103414M,Fier,FR-8,Lushnjë,LU-1,10:00,10:33,33.5,28.0,1,"1,2,3,4,5,6,7",8/3/2026,60,0,0,True,0
Fier,Përmet,GJ34,Gjirokastër – Përmet – Gjirokastër,SKENDI - 2014,https://www.dpshtrr.al/operatoret/skendi-2014-shpk,L53428602T,Gjirokastër,GJ-1,Përmet,PR-1,07:30,08:40,70.8,59.0,1,"1,2,3,4,5,6,7",8/3/2026,60,0,0,True,1
Fier,Përmet,GJ19,Përmet - Gjirokastër - Përmet,PËRMETI EKSPRES,https://www.dpshtrr.al/operatoret/permeti-ekspres-shpk,K89223201Q,Gjirokastër,GJ-1,Përmet,PR-1,10:00,11:10,70.8,58.9,1,"1,2,3,4,5,6,7",8/3/2026,60,0,0,True,1
Fier,Përmet,TR21,Tiranë – Përmet – Tiranë,DHEMBELI,https://www.dpshtrr.al/operatoret/dhembeli-shpk,K11609007R,Tiranë Veri-Jug,TR-2,Përmet,PR-1,06:30,11:17,287.4,239.4,1,"1,2,3,4,5,6,7",8/3/2026,60,0,0,True,1
Fier,Rinas Aeroport,FR12,"Fier – Rinas – Fier (nga Ura e Dajlanit, Vorë)",EURO - ALBANIA TRAVEL,https://www.dpshtrr.al/operatoret/euro-albania-travel-shpk,L33609403Q,Fier,FR-8,Rinas Aeroport,TR-4,03:00,03:00,,105.9,1,"1,2,3,4,5,6,7",8/3/2026,60,0,0,True,0
Fier,Rinas Aeroport,FR12,"Fier – Rinas – Fier (nga Ura e Dajlanit, Vorë)",EURO - ALBANIA TRAVEL,https://www.dpshtrr.al/operatoret/euro-albania-travel-shpk,L33609403Q,Fier,FR-8,Rinas Aeroport,TR-4,05:00,07:10,130.0,105.9,1,"1,2,3,4,5,6,7",8/3/2026,60,0,0,True,0
Fier,Rinas Aeroport,FR12,"Fier – Rinas – Fier (nga Ura e Dajlanit, Vorë)",EURO - ALBANIA TRAVEL,https://www.dpshtrr.al/operatoret/euro-albania-travel-shpk,L33609403Q,Fier,FR-8,Rinas Aeroport,TR-4,07:00,09:07,127.2,105.9,1,"1,2,3,4,5,6,7",8/3/2026,60,0,0,True,0
Fier,Roskovec,FR15,Fier – Roskovec – Fier,ARJANI,https://www.dpshtrr.al/operatoret/arjani-shpk,J63208424W,Fier,FR-8,Roskovec,FR-10,06:30,06:48,18.4,15.3,1,"1,2,3,4,5,6,7",8/3/2026,60,0,0,True,0
Fier,Roskovec,FR34,Roskovec – Fier – Roskovec,SHKËLQIM DOKSANI,https://www.dpshtrr.al/operatoret/shkelqim-doksani-shpk,K93211401D,Fier,FR-8,Roskovec,FR-10,07:00,07:18,18.4,15.3,1,"1,2,3,4,5,6,7",8/3/2026,60,0,0,True,0
Fier,Roskovec,FR15,Fier – Roskovec – Fier,ARJANI,https://www.dpshtrr.al/operatoret/arjani-shpk,J63208424W,Fier,FR-8,Roskovec,FR-10,07:30,07:48,18.4,15.3,1,"1,2,3,4,5,6,7",8/3/2026,60,0,0,True,0
Fier,Roskovec,FR34,Roskovec – Fier – Roskovec,SHKËLQIM DOKSANI,https://www.dpshtrr.al/operatoret/shkelqim-doksani-shpk,K93211401D,Fier,FR-8,Roskovec,FR-10,08:00,08:18,18.4,15.3,1,"1,2,3,4,5,6,7",8/3/2026,60,0,0,True,0
Fier,Roskovec,FR15,Fier – Roskovec – Fier,ARJANI,https://www.dpshtrr.al/operatoret/arjani-shpk,J63208424W,Fier,FR-8,Roskovec,FR-10,08:30,08:48,18.4,15.3,1,"1,2,3,4,5,6,7",8/3/2026,60,0,0,True,0
Fier,Roskovec,FR34,Roskovec – Fier – Roskovec,SHKËLQIM DOKSANI,https://www.dpshtrr.al/operatoret/shkelqim-doksani-shpk,K93211401D,Fier,FR-8,Roskovec,FR-10,09:00,09:18,18.4,15.3,1,"1,2,3,4,5,6,7",8/3/2026,60,0,0,True,0
Fier,Roskovec,FR15,Fier – Roskovec – Fier,ARJANI,https://www.dpshtrr.al/operatoret/arjani-shpk,J63208424W,Fier,FR-8,Roskovec,FR-10,09:30,09:48,18.4,15.3,1,"1,2,3,4,5,6,7",8/3/2026,60,0,0,True,0
Fier,Roskovec,FR34,Roskovec – Fier – Roskovec,SHKËLQIM DOKSANI,https://www.dpshtrr.al/operatoret/shkelqim-doksani-shpk,K93211401D,Fier,FR-8,Roskovec,FR-10,10:00,10:18,18.4,15.3,1,"1,2,3,4,5,6,7",8/3/2026,60,0,0,True,0
Fier,Sarandë,GJ3,Gjirokastër - Sarandë - Gjirokastër,ARGJIRO,https://www.dpshtrr.al/operatoret/argjiro-shpk,J93316647D,Gjirokastër,GJ-1,Sarandë,SR-7,08:00,09:01,61.8,51.4,1,"1,2,3,4,5,6,7",8/3/2026,60,0,0,True,1
Fier,Sarandë,FR28,Lushnjë – Sarandë – Lushnjë,BLEXH.SH SHARRA TRAVEL,https://www.dpshtrr.al/operatoret/blexhsh-sharra-travel-shpk,L14527402D,Lushnjë,LU-1,Sarandë,SR-7,07:30,11:04,214.9,179.0,1,"1,2,3,4,5,6,7",8/3/2026,60,0,0,True,1
Fier,Tiranë,TR33,Tiranë – Rinas (Aeroport) – Tiranë,Luna,https://www.dpshtrr.al/operatoret/lu-na-shpk,K31412087P,Rinas Aeroport,TR-4,Tirane Qendër Aeroport,TR-14,03:00,03:22,22.5,18.7,1,"1,2,3,4,5,6,7",8/3/2026,60,0,0,True,1
Fier,Tiranë,TR33,Tiranë – Rinas (Aeroport) – Tiranë,Luna,https://www.dpshtrr.al/operatoret/lu-na-shpk,K31412087P,Rinas Aeroport,TR-4,Tirane Qendër Aeroport,TR-14,08:00,08:22,22.5,18.7,1,"1,2,3,4,5,6,7",8/3/2026,60,0,0,True,1
Fier,Vlorë,VL12,Vlorë - Rinas(Aeroport) - Vlorë,HERMES AEROPORT,https://www.dpshtrr.al/operatoret/hermes-aeroport-shpk,L67324202E,Rinas Aeroport,TR-4,Vlorë,VL-28,03:30,06:27,177.4,147.8,1,"1,2,3,4,5,6,7",8/3/2026,60,0,0,True,1
Finiq,Sarandë,VL36,Sarandë - Finiq - Sarandë,TRANS DEA,https://www.dpshtrr.al/operatoret/trans-dea-shpk,K83826802M,Finiq,SR-6,Sarandë,SR-7,08:30,08:42,12.8,10.6,1,"1,2,3,4,5,6,7",8/3/2026,60,0,0,True,0
Finiq,Sarandë,VL36,Sarandë - Finiq - Sarandë,TRANS DEA,https://www.dpshtrr.al/operatoret/trans-dea-shpk,K83826802M,Finiq,SR-6,Sarandë,SR-7,12:00,12:12,12.8,10.6,1,"1,2,3,4,5,6,7",8/3/2026,60,0,0,True,0
Finiq,Sarandë,VL36,Sarandë - Finiq - Sarandë,TRANS DEA,https://www.dpshtrr.al/operatoret/trans-dea-shpk,K83826802M,Finiq,SR-6,Sarandë,SR-7,14:00,14:12,12.8,10.6,1,"1,2,3,4,5,6,7",8/3/2026,60,0,0,True,0
Finiq,Sarandë,VL36,Sarandë - Finiq - Sarandë,TRANS DEA,https://www.dpshtrr.al/operatoret/trans-dea-shpk,K83826802M,Finiq,SR-6,Sarandë,SR-7,16:00,16:12,12.8,10.6,1,"1,2,3,4,5,6,7",8/3/2026,60,0,0,True,0
Finiq,Sarandë,VL51,Finiq – Sarandë – Finiq,eTransport,https://www.dpshtrr.al/operatoret-etransport,1,Finiq,SR-6,Sarandë,SR-7,00:00,00:12,12.8,10.6,1,"1,2,3,4,5,6,7",8/3/2026,60,0,0,True,0
Fushe- Arrez,Durrës,ShK19,Fushë Arrëz - Tiranë- Fushë Arrëz,PRENGA,https://www.dpshtrr.al/operatoret/prenga-shpk,K19629306F,Fushe- Arrez,SH-10,Tiranë Veri-Jug,TR-2,05:00,07:41,161.3,134.4,1,"1,2,3,4,5,6,7",8/3/2026,60,0,0,True,1
Fushe- Arrez,Durrës,ShK20,Fushë Arrëz - Durrës- Fushë Arrëz,PAVABLE,https://www.dpshtrr.al/operatoret/pavable-shpk,K09111324M,Fushe- Arrez,SH-10,Durrës Stacioni i Trenit,DR-1,07:00,10:00,180.3,150.2,1,"1,2,3,4,5,6,7",8/3/2026,60,0,0,True,0
Fushe- Arrez,Durrës,ShK21,Fushë Arrëz - Shkodër- Fushë Arrëz,MIRDITA - N,https://www.dpshtrr.al/operatoret/mirdita-n-shpk,L29526302D,Fushe- Arrez,SH-10,Shkodër,SH-15,06:00,07:29,89.0,74.2,1,"1,2,3,4,5,6,7",8/3/2026,60,0,0,True,2
Fushe- Arrez,Durrës,ShK1,Shkodër - Tiranë - Shkodër,ROZAFA ORTAKËT,https://www.dpshtrr.al/operatoret/rozafa-ortaket-shpk,K26702001R,Shkodër,SH-15,Tiranë Veri-Jug,TR-2,07:30,09:18,108.5,90.4,1,"1,2,3,4,5,6,7",8/3/2026,60,0,0,True,2
Fushe- Arrez,Durrës,ShK19,Fushë Arrëz - Tiranë- Fushë Arrëz,PRENGA,https://www.dpshtrr.al/operatoret/prenga-shpk,K19629306F,Fushe- Arrez,SH-10,Tiranë Veri-Jug,TR-2,08:00,10:41,161.3,134.4,1,"1,2,3,4,5,6,7",8/3/2026,60,0,0,True,1
Fushe- Arrez,Durrës,ShK21,Fushë Arrëz - Shkodër- Fushë Arrëz,MIRDITA - N,https://www.dpshtrr.al/operatoret/mirdita-n-shpk,L29526302D,Fushe- Arrez,SH-10,Shkodër,SH-15,08:00,09:29,89.0,74.2,1,"1,2,3,4,5,6,7",8/3/2026,60,0,0,True,2
Fushe- Arrez,Durrës,ShK1,Shkodër - Tiranë - Shkodër,ROZAFA ORTAKËT,https://www.dpshtrr.al/operatoret/rozafa-ortaket-shpk,K26702001R,Shkodër,SH-15,Tiranë Veri-Jug,TR-2,09:30,11:18,108.5,90.4,1,"1,2,3,4,5,6,7",8/3/2026,60,0,0,True,2
Fushe- Arrez,Durrës,TR6,Tiranë – Fushë Arrëz – Tiranë,SHPRESA - AL,https://www.dpshtrr.al/operatoret/shpresa-al-shpk,K31321021N,Fushe- Arrez,SH-10,Tiranë Veri-Jug,TR-2,09:30,12:11,161.3,134.4,1,"1,2,3,4,5,6,7",8/3/2026,60,0,0,True,1
Fushe- Arrez,Durrës,TR6,Tiranë – Fushë Arrëz – Tiranë,SHPRESA - AL,https://www.dpshtrr.al/operatoret/shpresa-al-shpk,K31321021N,Fushe- Arrez,SH-10,Tiranë Veri-Jug,TR-2,10:00,12:41,161.3,134.4,1,"1,2,3,4,5,6,7",8/3/2026,60,0,0,True,1
Fushe- Arrez,Durrës,DR24,Durrës – Fushë Arrëz – Durrës,ANDI 2011,https://www.dpshtrr.al/operatoret/andi-2011-shpk,L62416503G,Fushe- Arrez,SH-10,Durrës Stacioni i Trenit,DR-1,12:00,15:00,180.3,150.2,1,"1,2,3,4,5,6,7",8/3/2026,60,0,0,True,0
Fushe- Arrez,Durrës,TR6,Tiranë – Fushë Arrëz – Tiranë,SHPRESA - AL,https://www.dpshtrr.al/operatoret/shpresa-al-shpk,K31321021N,Fushe- Arrez,SH-10,Tiranë Veri-Jug,TR-2,10:30,13:11,161.3,134.4,1,"1,2,3,4,5,6,7",8/3/2026,60,0,0,True,1
Fushe- Arrez,Lezhë,TR2,Tiranë – Laç – Tiranë,Luna,https://www.dpshtrr.al/operatoret/lu-na-shpk,K31412087P,Tiranë Veri-Jug,TR-2,Laç,LA-3,12:30,13:16,46.9,39.1,1,"1,2,3,4,5,6,7",8/3/2026,60,0,0,True,2
Fushe- Arrez,Lezhë,TR2,Tiranë – Laç – Tiranë,Luna,https://www.dpshtrr.al/operatoret/lu-na-shpk,K31412087P,Tiranë Veri-Jug,TR-2,Laç,LA-3,13:30,14:16,46.9,39.1,1,"1,2,3,4,5,6,7",8/3/2026,60,0,0,True,2
Fushe- Arrez,Lezhë,LE2,Lezhë - Tiranë - Lezhë,LINDA - 80,https://www.dpshtrr.al/operatoret/linda-80-shpk,K37513530U,Tiranë Veri-Jug,TR-2,Lezhë (Katedralja),LE-1,13:00,14:02,62.3,51.9,1,"1,2,3,4,5,6,7",8/3/2026,60,0,0,True,1
Fushe- Arrez,Lezhë,TR35,Tiranë – Lezhë – Tiranë,Luna,https://www.dpshtrr.al/operatoret/lu-na-shpk,K31412087P,Tiranë Veri-Jug,TR-2,Lezhë (Katedralja),LE-1,14:00,15:02,62.3,51.9,1,"1,2,3,4,5,6,7",8/3/2026,60,0,0,True,1
Fushe- Arrez,Lezhë,ShK2,Shkodër - Lezhë - Shkodër,ROKI TOURS,https://www.dpshtrr.al/operatoret/roki-tours-shpk,L16306004D,Shkodër,SH-15,Lezhë Veri,LE-3,08:15,09:00,45.0,37.5,1,"1,2,3,4,5,6,7",8/3/2026,60,0,0,True,1
Fushe- Arrez,Lezhë,ShK18,Fushë Arrëz - Lezhë- Fushë Arrëz,MIRDITA - N,https://www.dpshtrr.al/operatoret/mirdita-n-shpk,L29526302D,Fushe- Arrez,SH-10,Lezhë Veri,LE-3,09:30,11:18,108.3,90.3,1,"1,2,3,4,5,6,7",8/3/2026,60,0,0,True,0
Fushe- Arrez,Lezhë,ShK8,Shkodër - Fushë Arrëz - Shkodër,ROKI TOURS,https://www.dpshtrr.al/operatoret/roki-tours-shpk,L16306004D,Fushe- Arrez,SH-10,Shkodër,SH-15,10:00,11:29,89.0,74.2,1,"1,2,3,4,5,6,7",8/3/2026,60,0,0,True,1
Fushe- Arrez,Puke,LE3,Lezhë - Pukë - Lezhë,LINDA - 80,https://www.dpshtrr.al/operatoret/linda-80-shpk,K37513530U,Lezhë Veri,LE-3,Puke,PU-1,09:00,10:25,85.0,70.9,1,"1,2,3,4,5,6,7",8/3/2026,60,0,0,True,1
Fushe- Arrez,Puke,ShK26,Fushë Arrëz – Pukë – Fushë Arrëz,eTransport,https://www.dpshtrr.al/operatoret-etransport,1,Fushe- Arrez,SH-10,Puke,PU-1,00:00,00:24,24.4,20.4,1,"1,2,3,4,5,6,7",8/3/2026,60,0,0,True,0
Fushe- Arrez,Shkodër,LE1,Lezhë - Shkodër - Lezhë,LINDA - 80,https://www.dpshtrr.al/operatoret/linda-80-shpk,K37513530U,Lezhë Veri,LE-3,Shkodër,SH-15,08:00,08:45,45.5,38.0,1,"1,2,3,4,5,6,7",8/3/2026,60,0,0,True,1
Fushe- Arrez,Shkodër,ShK2,Shkodër - Lezhë - Shkodër,ROKI TOURS,https://www.dpshtrr.al/operatoret/roki-tours-shpk,L16306004D,Lezhë Veri,LE-3,Shkodër,SH-15,11:30,12:15,45.5,38.0,1,"1,2,3,4,5,6,7",8/3/2026,60,0,0,True,1
Fushe- Arrez,Shkodër,ShK2,Shkodër - Lezhë - Shkodër,ROKI TOURS,https://www.dpshtrr.al/operatoret/roki-tours-shpk,L16306004D,Lezhë Veri,LE-3,Shkodër,SH-15,13:30,14:15,45.5,38.0,1,"1,2,3,4,5,6,7",8/3/2026,60,0,0,True,1
Fushe- Arrez,Shkodër,ShK8,Shkodër - Fushë Arrëz - Shkodër,ROKI TOURS,https://www.dpshtrr.al/operatoret/roki-tours-shpk,L16306004D,Fushe- Arrez,SH-10,Shkodër,SH-15,14:00,15:29,89.0,74.2,1,"1,2,3,4,5,6,7",8/3/2026,60,0,0,True,0
Fushe- Arrez,Tiranë,ShK4,Shkodër - Rinas - Shkodër,HERMES AEROPORT,https://www.dpshtrr.al/operatoret/hermes-aeroport-shpk,L67324202E,Shkodër,SH-15,Rinas Aeroport,TR-4,09:00,10:39,99.7,83.1,1,"1,2,3,4,5,6,7",8/3/2026,60,0,0,True,3
Fushe- Arrez,Tiranë,ShK7,Shkodër - Elbasan - Shkodër,DINAMIC EXPRESS,https://www.dpshtrr.al/operatoret/dinamic-express-shpk,K87101006T,Shkodër,SH-15,"Elbasan ""Kryqezimi i Cerrikut""",EL-4,10:30,13:09,159.6,132.9,1,"1,2,3,4,5,6,7",8/3/2026,60,0,0,True,3
Fushë-Krujë,Durrës,DR53,Fushë Krujë – Durrës – Fushë Krujë,BORA TRANS,https://www.dpshtrr.al/operatoret/bora-trans-shpk,L43810201A,Fushë-Krujë,KR-10,Durrës Stacioni i Trenit,DR-1,07:00,07:40,40.0,33.4,1,"1,2,3,4,5,6,7",8/3/2026,60,0,0,True,0
Fushë-Krujë,Durrës,TR1,Tiranë – Fushë Krujë – Tiranë (me kalim nga Kamza),Luna,https://www.dpshtrr.al/operatoret/lu-na-shpk,K31412087P,Fushë-Krujë,KR-10,Tiranë Veri-Jug,TR-2,07:00,07:20,20.5,17.1,1,"1,2,3,4,5,6,7",8/3/2026,60,0,0,True,1
Fushë-Krujë,Durrës,DR41,Durrës – Fushë Krujë – Durrës,LONDON EYE,https://www.dpshtrr.al/operatoret/london-eye-shpk,L81326031F,Fushë-Krujë,KR-10,Durrës Stacioni i Trenit,DR-1,08:00,08:40,40.0,33.4,1,"1,2,3,4,5,6,7",8/3/2026,60,0,0,True,0
Fushë-Krujë,Durrës,DR33,Durrës – Fushë Krujë – Durrës,LONDON EYE,https://www.dpshtrr.al/operatoret/london-eye-shpk,L81326031F,Fushë-Krujë,KR-10,Durrës Stacioni i Trenit,DR-1,08:00,08:40,40.0,33.4,1,"1,2,3,4,5,6,7",8/3/2026,60,0,0,True,0
Fushë-Krujë,Durrës,DR48,Fushë Krujë – Tiranë – Fushë Krujë (me kalim nga Kamza),MAGIC GLOBE,https://www.dpshtrr.al/operatoret/magic-globe-shpk,L41427021C,Fushë-Krujë,KR-10,Tiranë Veri-Jug,TR-2,07:00,07:21,21.9,18.2,1,"1,2,3,4,5,6,7",8/3/2026,60,0,0,True,1
Fushë-Krujë,Durrës,DR53,Fushë Krujë – Durrës – Fushë Krujë,BORA TRANS,https://www.dpshtrr.al/operatoret/bora-trans-shpk,L43810201A,Fushë-Krujë,KR-10,Durrës Stacioni i Trenit,DR-1,09:00,09:40,40.0,33.4,1,"1,2,3,4,5,6,7",8/3/2026,60,0,0,True,0
Fushë-Krujë,Durrës,DR33,Durrës – Fushë Krujë – Durrës,LONDON EYE,https://www.dpshtrr.al/operatoret/london-eye-shpk,L81326031F,Fushë-Krujë,KR-10,Durrës Stacioni i Trenit,DR-1,10:00,10:40,40.0,33.4,1,"1,2,3,4,5,6,7",8/3/2026,60,0,0,True,0
Fushë-Krujë,Durrës,DR49,Fushë Krujë – Tiranë – Fushë Krujë (me kalim nga Rinasi dhe Qafa e Kasharit),MAGIC GLOBE,https://www.dpshtrr.al/operatoret/magic-globe-shpk,L41427021C,Fushë-Krujë,KR-10,Tiranë Veri-Jug,TR-2,07:00,07:27,27.6,23.0,1,"1,2,3,4,5,6,7",8/3/2026,60,0,0,True,1
Fushë-Krujë,Durrës,TR1,Tiranë – Fushë Krujë – Tiranë (me kalim nga Kamza),Luna,https://www.dpshtrr.al/operatoret/lu-na-shpk,K31412087P,Fushë-Krujë,KR-10,Tiranë Veri-Jug,TR-2,07:30,07:50,20.5,17.1,1,"1,2,3,4,5,6,7",8/3/2026,60,0,0,True,1
Fushë-Krujë,Durrës,TR1,Tiranë – Fushë Krujë – Tiranë (me kalim nga Kamza),Luna,https://www.dpshtrr.al/operatoret/lu-na-shpk,K31412087P,Fushë-Krujë,KR-10,Tiranë Veri-Jug,TR-2,08:00,08:20,20.5,17.1,1,"1,2,3,4,5,6,7",8/3/2026,60,0,0,True,1
Fushë-Krujë,Durrës,DR48,Fushë Krujë – Tiranë – Fushë Krujë (me kalim nga Kamza),MAGIC GLOBE,https://www.dpshtrr.al/operatoret/magic-globe-shpk,L41427021C,Fushë-Krujë,KR-10,Tiranë Veri-Jug,TR-2,08:00,08:21,21.9,18.2,1,"1,2,3,4,5,6,7",8/3/2026,60,0,0,True,1
Fushë-Krujë,Durrës,TR1,Tiranë – Fushë Krujë – Tiranë (me kalim nga Kamza),Luna,https://www.dpshtrr.al/operatoret/lu-na-shpk,K31412087P,Fushë-Krujë,KR-10,Tiranë Veri-Jug,TR-2,08:30,08:50,20.5,17.1,1,"1,2,3,4,5,6,7",8/3/2026,60,0,0,True,2
Fushë-Krujë,Durrës,FR27,Lushnjë – Durrës  – Lushnjë,KOHA EKSPRES,https://www.dpshtrr.al/operatoret/koha-ekspres-shpk,K34017402I,Lushnjë,LU-1,Durrës (Plepa),DR-3,11:45,12:38,53.2,44.3,1,"1,2,3,4,5,6,7",8/3/2026,60,0,0,True,2
Fushë-Krujë,Durrës,TR48,Tiranë – Fushë Krujë – Tiranë (me kalim nga Rinas dhe Qafa e Kasharit),VALGON TRAVEL,https://www.dpshtrr.al/operatoret/valgon-travel-shpk,L71304009G,Fushë-Krujë,KR-10,Tiranë Veri-Jug,TR-2,08:00,08:27,27.6,23.0,1,"1,2,3,4,5,6,7",8/3/2026,60,0,0,True,1
Fushë-Krujë,Kruje,DR52,Fushë Krujë – Krujë – Fushë Krujë,MAGIC GLOBE,https://www.dpshtrr.al/operatoret/magic-globe-shpk,L41427021C,Fushë-Krujë,KR-10,Kruje,KR-1,07:00,07:12,12.4,10.3,1,"1,2,3,4,5,6,7",8/3/2026,60,0,0,True,0
Fushë-Krujë,Kruje,DR50,Krujë – Fushë Krujë – Krujë,SHKELZENI AGJENSI,https://www.dpshtrr.al/operatoret/shkelzeni-agjensi-shpk,K41921002D,Fushë-Krujë,KR-10,Kruje,KR-1,11:00,11:12,12.4,10.3,1,"1,2,3,4,5,6,7",8/3/2026,60,0,0,True,0
Fushë-Krujë,Kruje,DR50,Krujë – Fushë Krujë – Krujë,SHKELZENI AGJENSI,https://www.dpshtrr.al/operatoret/shkelzeni-agjensi-shpk,K41921002D,Fushë-Krujë,KR-10,Kruje,KR-1,11:30,11:42,12.4,10.3,1,"1,2,3,4,5,6,7",8/3/2026,60,0,0,True,0
Gjirokastër,Berat,GJ6,Gjirokastër - Tiranë - Gjirokastër,ARGJIRO,https://www.dpshtrr.al/operatoret/argjiro-shpk,J93316647D,Gjirokastër,GJ-1,Tiranë Veri-Jug,TR-2,04:00,08:28,268.4,223.6,1,"1,2,3,4,5,6,7",8/3/2026,60,0,0,True,2
Gjirokastër,Berat,GJ24,Gjirokastër – Tepelenë – Gjirokastër,eTransport,https://www.dpshtrr.al/operatoret-etransport,1,Gjirokastër,GJ-1,Tepelenë,GJ-12,07:00,07:33,33.4,27.8,1,"1,2,3,4,5,6,7",8/3/2026,60,0,0,True,2
Gjirokastër,Berat,VL6,Vlorë - Berat - Vlorë (me kalim nga Roskoveci),HODAJ TRANSPORT,https://www.dpshtrr.al/operatoret/sal-eri-shpk,L47306201T,Vlorë,VL-28,Berat,BR-1,10:00,11:35,95.1,79.2,1,"1,2,3,4,5,6,7",8/3/2026,60,0,0,True,2
Gjirokastër,Berat,GJ7,Gjirokastër - Durrës - Gjirokastër,ARGJIRO,https://www.dpshtrr.al/operatoret/argjiro-shpk,J93316647D,Gjirokastër,GJ-1,Durrës (Plepa),DR-3,06:00,09:45,225.8,188.1,1,"1,2,3,4,5,6,7",8/3/2026,60,0,0,True,1
Gjirokastër,Berat,DR12,Durrës – Berat – Durrës,LEDJAN,https://www.dpshtrr.al/operatoret/ledjan-shpk,K31529517P,Durrës (Plepa),DR-3,Berat,BR-1,10:00,11:36,96.2,80.2,1,"1,2,3,4,5,6,7",8/3/2026,60,0,0,True,1
Gjirokastër,Berat,BR32,Berat – Vlorë – Berat,LEKSI,https://www.dpshtrr.al/operatoret/leksi-or-shpk,J62904105U,Vlorë,VL-28,Berat,BR-1,10:45,12:19,94.7,78.9,1,"1,2,3,4,5,6,7",8/3/2026,60,0,0,True,1
Gjirokastër,Berat,FR2,Fier – Berat – Fier,ÇUKO,https://www.dpshtrr.al/operatoret/cuko-shpk,J62903571K,Fier,FR-8,Berat,BR-1,13:00,13:52,52.1,43.4,1,"1,2,3,4,5,6,7",8/3/2026,60,0,0,True,1
Gjirokastër,Berat,FR9,Fier – Gjirokastër – Fier,KOMPAKT,https://www.dpshtrr.al/operatoret/kompakt-shpk,K23407401F,Gjirokastër,GJ-1,Fier,FR-8,12:30,14:36,126.8,105.6,1,"1,2,3,4,5,6,7",8/3/2026,60,0,0,True,1
Gjirokastër,Berat,BR29,Berat - Fier - Berat,AIDA - TRANS 02,https://www.dpshtrr.al/operatoret/aida-trans-02-shpk,K32515186K,Fier,FR-8,Berat,BR-1,14:45,15:37,52.1,43.4,1,"1,2,3,4,5,6,7",8/3/2026,60,0,0,True,1
Gjirokastër,Berat,BR34,Berat – Gjirokastër - Berat,NIKJORG,https://www.dpshtrr.al/operatoret/nikjorg-shpk,K32513074R,Gjirokastër,GJ-1,Berat,BR-1,13:45,17:14,209.5,174.5,1,"1,2,3,4,5,6,7",8/3/2026,60,0,0,True,0
Gjirokastër,Dropull,GJ8,Gjirokastër - Dropull - Gjirokastër,GREEN BUS,https://www.dpshtrr.al/operatoret/green-bus-travel,L81523015O,Gjirokastër,GJ-1,Dropull,GJ-11,06:00,06:24,24.3,20.3,1,"1,2,3,4,5,6,7",8/3/2026,60,0,0,True,0
Gjirokastër,Dropull,GJ8,Gjirokastër - Dropull - Gjirokastër,GREEN BUS,https://www.dpshtrr.al/operatoret/green-bus-travel,L81523015O,Gjirokastër,GJ-1,Dropull,GJ-11,07:00,07:24,24.3,20.3,1,"1,2,3,4,5,6,7",8/3/2026,60,0,0,True,0
Gjirokastër,Dropull,GJ9,Dropull - Gjirokastër - Dropull,GREEN BUS,https://www.dpshtrr.al/operatoret/green-bus-travel,L81523015O,Gjirokastër,GJ-1,Dropull,GJ-11,07:30,07:54,24.3,20.3,1,"1,2,3,4,5,6,7",8/3/2026,60,0,0,True,0
Gjirokastër,Dropull,GJ8,Gjirokastër - Dropull - Gjirokastër,GREEN BUS,https://www.dpshtrr.al/operatoret/green-bus-travel,L81523015O,Gjirokastër,GJ-1,Dropull,GJ-11,08:00,08:24,24.3,20.3,1,"1,2,3,4,5,6,7",8/3/2026,60,0,0,True,0
Gjirokastër,Dropull,GJ9,Dropull - Gjirokastër - Dropull,GREEN BUS,https://www.dpshtrr.al/operatoret/green-bus-travel,L81523015O,Gjirokastër,GJ-1,Dropull,GJ-11,08:30,08:54,24.3,20.3,1,"1,2,3,4,5,6,7",8/3/2026,60,0,0,True,0
Gjirokastër,Dropull,GJ8,Gjirokastër - Dropull - Gjirokastër,GREEN BUS,https://www.dpshtrr.al/operatoret/green-bus-travel,L81523015O,Gjirokastër,GJ-1,Dropull,GJ-11,09:00,09:24,24.3,20.3,1,"1,2,3,4,5,6,7",8/3/2026,60,0,0,True,0
Gjirokastër,Dropull,GJ9,Dropull - Gjirokastër - Dropull,GREEN BUS,https://www.dpshtrr.al/operatoret/green-bus-travel,L81523015O,Gjirokastër,GJ-1,Dropull,GJ-11,09:30,09:54,24.3,20.3,1,"1,2,3,4,5,6,7",8/3/2026,60,0,0,True,0
Gjirokastër,Dropull,GJ8,Gjirokastër - Dropull - Gjirokastër,GREEN BUS,https://www.dpshtrr.al/operatoret/green-bus-travel,L81523015O,Gjirokastër,GJ-1,Dropull,GJ-11,10:00,10:24,24.3,20.3,1,"1,2,3,4,5,6,7",8/3/2026,60,0,0,True,0
Gjirokastër,Durrës,GJ6,Gjirokastër - Tiranë - Gjirokastër,ARGJIRO,https://www.dpshtrr.al/operatoret/argjiro-shpk,J93316647D,Gjirokastër,GJ-1,Tiranë Veri-Jug,TR-2,05:00,09:28,268.4,223.6,1,"1,2,3,4,5,6,7",8/3/2026,60,0,0,True,1
Gjirokastër,Durrës,GJ20,Tepelenë - Tiranë - Tepelenë,TEPELENA TRANSPORT,https://www.dpshtrr.al/operatoret/tepelena-transport-shpk,L68815501J,Tepelenë,GJ-12,Tiranë Veri-Jug,TR-2,08:00,11:55,235.2,195.9,1,"1,2,3,4,5,6,7",8/3/2026,60,0,0,True,2
Gjirokastër,Durrës,DR5,Durrës – Elbasan – Durrës,TEUTA - 95,https://www.dpshtrr.al/operatoret/teuta-95-shpk,K31529513G,"Elbasan ""Kryqezimi i Cerrikut""",EL-4,Durrës (Plepa),DR-3,11:40,13:14,94.8,79.0,1,"1,2,3,4,5,6,7",8/3/2026,60,0,0,True,1
Gjirokastër,Durrës,DR21,Durrës – Fier – Durrës,DEMOKRACIA 95,https://www.dpshtrr.al/operatoret/demokracia-95-shpk,K31601531F,Fier,FR-8,Durrës (Plepa),DR-3,12:45,14:11,86.5,72.0,1,"1,2,3,4,5,6,7",8/3/2026,60,0,0,True,1
Gjirokastër,Elbasan,KO9,Korçë - Gjirokastër - Korçë,MORAVA 93,https://www.dpshtrr.al/operatoret/morava-93-shpk,K33804004D,Gjirokastër,GJ-1,Korçë,KO-2,06:00,09:00,180.7,150.5,1,"1,2,3,4,5,6,7",8/3/2026,60,0,0,True,1
Gjirokastër,Elbasan,GJ5,Gjirokastër - Korçë - Gjirokastër,ARGJIRO,https://www.dpshtrr.al/operatoret/argjiro-shpk,J93316647D,Gjirokastër,GJ-1,Korçë,KO-2,07:00,10:00,180.7,150.5,1,"1,2,3,4,5,6,7",8/3/2026,60,0,0,True,2
Gjirokastër,Elbasan,EL42,Gramsh – Korçë – Gramsh,TOMKLEDE,https://www.dpshtrr.al/operatoret/tomklede-shpk,K47103803D,Korçë,KO-2,Gramsh,EL-6,10:30,12:16,106.7,88.9,1,"1,2,3,4,5,6,7",8/3/2026,60,0,0,True,2
Gjirokastër,Elbasan,EL20,Elbasan – Gramsh – Elbasan,EGNATIA TRANS,https://www.dpshtrr.al/operatoret/egnatia-trans-shpk,K83019209T,Gramsh,EL-6,"Elbasan ""Kryqezimi i Cerrikut""",EL-4,12:40,13:28,48.6,40.5,1,"1,2,3,4,5,6,7",8/3/2026,60,0,0,True,2
Gjirokastër,Elbasan,TR64,Tiranë – Elbasan – Tiranë (me kalim nga Tuneli),TIRANA - BUS,https://www.dpshtrr.al/operatoret/tirana-bus-shpk,L41511008N,Tiranë Jug-Lindje,TR-1,Elbasan Pallati i Sportit,EL-3,13:00,13:49,49.0,33.1,1,"1,2,3,4,5,6,7",8/3/2026,60,0,0,True,3
Gjirokastër,Elbasan,KO17,Pogradec - Maliq - Korçë - Pogradec,XHAFA TRAVEL,https://www.dpshtrr.al/operatoret/xhafatravel-shpk,L74222001M,Korçë,KO-2,Pogradec,PG-5,10:15,11:02,47.6,39.7,1,"1,2,3,4,5,6,7",8/3/2026,60,0,0,True,3
Gjirokastër,Elbasan,TR41,Tiranë – Pogradec – Tiranë,KEI,https://www.dpshtrr.al/operatoret/kei-shpk,K72406011J,Pogradec,PG-5,Tiranë Jug-Lindje,TR-1,11:30,13:49,139.3,116.5,1,"1,2,3,4,5,6,7",8/3/2026,60,0,0,True,3
Gjirokastër,Elbasan,TR64,Tiranë – Elbasan – Tiranë (me kalim nga Tuneli),TIRANA - BUS,https://www.dpshtrr.al/operatoret/tirana-bus-shpk,L41511008N,Tiranë Jug-Lindje,TR-1,Elbasan Pallati i Sportit,EL-3,14:00,14:49,49.0,33.1,1,"1,2,3,4,5,6,7",8/3/2026,60,0,0,True,3
Gjirokastër,Elbasan,EL16,Elbasan – Tiranë – Elbasan,ERA TRAVEL 2013,https://www.dpshtrr.al/operatoret/era-travel-2013-shpk,L33122201P,Tiranë Jug-Lindje,TR-1,Elbasan Pallati i Sportit,EL-3,17:30,18:19,49.0,32.7,1,"1,2,3,4,5,6,7",8/3/2026,60,0,0,True,4
Gjirokastër,Korçë,KO16,Pogradec - Korçë - Pogradec,SHQIPONJA TRANS,https://www.dpshtrr.al/operatoret/shqiponja-trans-shpk,K53807603C,Pogradec,PG-5,Korçë,KO-2,15:00,15:45,45.8,38.1,1,"1,2,3,4,5,6,7",8/3/2026,60,0,0,True,4
Gjirokastër,Korçë,KO17,Pogradec - Maliq - Korçë - Pogradec,XHAFA TRAVEL,https://www.dpshtrr.al/operatoret/xhafatravel-shpk,L74222001M,Pogradec,PG-5,Korçë,KO-2,15:15,16:02,47.6,39.6,1,"1,2,3,4,5,6,7",8/3/2026,60,0,0,True,4
Gjirokastër,Korçë,KO7,Korçë - Fier - Korçë,START BUS KORCA,https://www.dpshtrr.al/operatoret/start-bus-korca-shpk,K24722001V,Fier,FR-8,Korçë,KO-2,15:00,19:12,253.0,210.7,1,"1,2,3,4,5,6,7",8/3/2026,60,0,0,True,1
Gjirokastër,Korçë,KO3,Korçë - Tiranë - Korçë,START BUS KORCA,https://www.dpshtrr.al/operatoret/start-bus-korca-shpk,K24722001V,Tiranë Jug-Lindje,TR-1,Korçë,KO-2,17:00,20:15,195.6,155.3,1,"1,2,3,4,5,6,7",8/3/2026,60,0,0,True,2
Gjirokastër,Libohovë,GJ12,Libohovë - Gjirokastër - Libohovë,LIBOHOVA,https://www.dpshtrr.al/operatoret/libohova-shpk,K23116607J,Gjirokastër,GJ-1,Libohovë,GJ-13,07:00,07:20,20.4,17.0,1,"1,2,3,4,5,6,7",8/3/2026,60,0,0,True,0
Gjirokastër,Libohovë,GJ33,Gjirokastër – Libohovë – Gjirokastër,VEDRA TOURS,https://www.dpshtrr.al,M42819601A,Gjirokastër,GJ-1,Libohovë,GJ-13,07:30,07:50,20.4,17.0,1,"1,2,3,4,5,6,7",8/3/2026,60,0,0,True,0
Gjirokastër,Libohovë,GJ12,Libohovë - Gjirokastër - Libohovë,LIBOHOVA,https://www.dpshtrr.al/operatoret/libohova-shpk,K23116607J,Gjirokastër,GJ-1,Libohovë,GJ-13,08:00,08:20,20.4,17.0,1,"1,2,3,4,5,6,7",8/3/2026,60,0,0,True,0
Gjirokastër,Libohovë,GJ12,Libohovë - Gjirokastër - Libohovë,LIBOHOVA,https://www.dpshtrr.al/operatoret/libohova-shpk,K23116607J,Gjirokastër,GJ-1,Libohovë,GJ-13,09:00,09:20,20.4,17.0,1,"1,2,3,4,5,6,7",8/3/2026,60,0,0,True,0
Gjirokastër,Libohovë,GJ33,Gjirokastër – Libohovë – Gjirokastër,VEDRA TOURS,https://www.dpshtrr.al,M42819601A,Gjirokastër,GJ-1,Libohovë,GJ-13,09:30,09:50,20.4,17.0,1,"1,2,3,4,5,6,7",8/3/2026,60,0,0,True,0
Gjirokastër,Libohovë,GJ33,Gjirokastër – Libohovë – Gjirokastër,VEDRA TOURS,https://www.dpshtrr.al,M42819601A,Gjirokastër,GJ-1,Libohovë,GJ-13,11:30,11:50,20.4,17.0,1,"1,2,3,4,5,6,7",8/3/2026,60,0,0,True,0
Gjirokastër,Libohovë,GJ12,Libohovë - Gjirokastër - Libohovë,LIBOHOVA,https://www.dpshtrr.al/operatoret/libohova-shpk,K23116607J,Gjirokastër,GJ-1,Libohovë,GJ-13,13:30,13:50,20.4,17.0,1,"1,2,3,4,5,6,7",8/3/2026,60,0,0,True,0
Gjirokastër,Libohovë,GJ33,Gjirokastër – Libohovë – Gjirokastër,VEDRA TOURS,https://www.dpshtrr.al,M42819601A,Gjirokastër,GJ-1,Libohovë,GJ-13,14:00,14:20,20.4,17.0,1,"1,2,3,4,5,6,7",8/3/2026,60,0,0,True,0
Gjirokastër,Memaliaj,GJ22,Memaliaj - Sarandë - Memaliaj,GREEN BUS,https://www.dpshtrr.al/operatoret/green-bus-travel,L81523015O,Sarandë,SR-7,Memaliaj,GJ-9,13:00,14:25,85.4,71.1,1,"1,2,3,4,5,6,7",8/3/2026,60,0,0,True,1
Gjirokastër,Memaliaj,GJ22,Memaliaj - Sarandë - Memaliaj,GREEN BUS,https://www.dpshtrr.al/operatoret/green-bus-travel,L81523015O,Sarandë,SR-7,Memaliaj,GJ-9,14:30,15:55,85.4,71.1,1,"1,2,3,4,5,6,7",8/3/2026,60,0,0,True,1
Gjirokastër,Memaliaj,GJ21,Memaliaj - Tiranë - Memaliaj,B.E.S TRAVEL,https://www.dpshtrr.al/operatoret/bes-travel-shpk,L69007501Q,Tiranë Veri-Jug,TR-2,Memaliaj,GJ-9,14:00,17:49,229.2,191.0,1,"1,2,3,4,5,6,7",8/3/2026,60,0,0,True,1
Gjirokastër,Memaliaj,GJ21,Memaliaj - Tiranë - Memaliaj,B.E.S TRAVEL,https://www.dpshtrr.al/operatoret/bes-travel-shpk,L69007501Q,Tiranë Veri-Jug,TR-2,Memaliaj,GJ-9,15:00,18:49,229.2,191.0,1,"1,2,3,4,5,6,7",8/3/2026,60,0,0,True,1
Gjirokastër,Memaliaj,GJ21,Memaliaj - Tiranë - Memaliaj,B.E.S TRAVEL,https://www.dpshtrr.al/operatoret/bes-travel-shpk,L69007501Q,Tiranë Veri-Jug,TR-2,Memaliaj,GJ-9,16:45,20:34,229.2,191.0,1,"1,2,3,4,5,6,7",8/3/2026,60,0,0,True,2
Gjirokastër,Memaliaj,GJ21,Memaliaj - Tiranë - Memaliaj,B.E.S TRAVEL,https://www.dpshtrr.al/operatoret/bes-travel-shpk,L69007501Q,Tiranë Veri-Jug,TR-2,Memaliaj,GJ-9,17:45,21:34,229.2,191.0,1,"1,2,3,4,5,6,7",8/3/2026,60,0,0,True,1
Gjirokastër,Memaliaj,GJ30,Memaliaj – Gjirokastër – Memaliaj,eTransport,https://www.dpshtrr.al/operatoret-etransport,1,Gjirokastër,GJ-1,Memaliaj,GJ-9,00:00,00:43,43.5,36.2,1,"1,2,3,4,5,6,7",8/3/2026,60,0,0,True,0
Gjirokastër,Memaliaj,GJ23,Gjirokastër – Memaliaj – Gjirokastër,eTransport,https://www.dpshtrr.al/operatoret-etransport,1,Gjirokastër,GJ-1,Memaliaj,GJ-9,00:00,00:43,43.5,36.2,1,"1,2,3,4,5,6,7",8/3/2026,60,0,0,True,0
Gjirokastër,Përmet,GJ34,Gjirokastër – Përmet – Gjirokastër,SKENDI - 2014,https://www.dpshtrr.al/operatoret/skendi-2014-shpk,L53428602T,Gjirokastër,GJ-1,Përmet,PR-1,10:00,11:10,70.8,59.0,1,"1,2,3,4,5,6,7",8/3/2026,60,0,0,True,0
Gjirokastër,Sarandë,VL24,Sarandë - Gjirokastër - Sarandë,TRANS - BUTRINTI,https://www.dpshtrr.al/operatoret/trans-butrinti-shpk,K04814854U,Gjirokastër,GJ-1,Sarandë,SR-7,10:00,11:01,61.8,51.4,1,"1,2,3,4,5,6,7",8/3/2026,60,0,0,True,0
Gjirokastër,Sarandë,GJ16,Përmet - Sarandë - Përmet,PËRMETI EKSPRES,https://www.dpshtrr.al/operatoret/permeti-ekspres-shpk,K89223201Q,Përmet,PR-1,Sarandë,SR-7,09:30,11:22,112.6,93.8,1,"1,2,3,4,5,6,7",8/3/2026,60,0,0,True,1
Gjirokastër,Sarandë,VL24,Sarandë - Gjirokastër - Sarandë,TRANS - BUTRINTI,https://www.dpshtrr.al/operatoret/trans-butrinti-shpk,K04814854U,Gjirokastër,GJ-1,Sarandë,SR-7,17:00,18:01,61.8,51.4,1,"1,2,3,4,5,6,7",8/3/2026,60,0,0,True,0
Gjirokastër,Tepelenë,GJ35,Gjirokastër – Tepelenë – Gjirokastër,ARJONI - TRAVEL,https://www.dpshtrr.al/operatoret/arjoni-travel,L23913803A,Gjirokastër,GJ-1,Tepelenë,GJ-12,10:00,10:33,33.4,27.8,1,"1,2,3,4,5,6,7",8/3/2026,60,0,0,True,0
Gjirokastër,Tepelenë,GJ24,Gjirokastër – Tepelenë – Gjirokastër,eTransport,https://www.dpshtrr.al/operatoret-etransport,1,Gjirokastër,GJ-1,Tepelenë,GJ-12,10:00,10:33,33.4,27.8,1,"1,2,3,4,5,6,7",8/3/2026,60,0,0,True,0
Gjirokastër,Tepelenë,GJ24,Gjirokastër – Tepelenë – Gjirokastër,eTransport,https://www.dpshtrr.al/operatoret-etransport,1,Gjirokastër,GJ-1,Tepelenë,GJ-12,12:00,12:33,33.4,27.8,1,"1,2,3,4,5,6,7",8/3/2026,60,0,0,True,0
Gjirokastër,Tepelenë,GJ35,Gjirokastër – Tepelenë – Gjirokastër,ARJONI - TRAVEL,https://www.dpshtrr.al/operatoret/arjoni-travel,L23913803A,Gjirokastër,GJ-1,Tepelenë,GJ-12,12:00,12:33,33.4,27.8,1,"1,2,3,4,5,6,7",8/3/2026,60,0,0,True,0
Gjirokastër,Tepelenë,GJ27,Tepelenë – Gjirokastër – Tepelenë,eTransport,https://www.dpshtrr.al/operatoret-etransport,1,Gjirokastër,GJ-1,Tepelenë,GJ-12,00:00,00:33,33.4,27.8,1,"1,2,3,4,5,6,7",8/3/2026,60,0,0,True,0
Gjirokastër,Tiranë,FR9,Fier – Gjirokastër – Fier,KOMPAKT,https://www.dpshtrr.al/operatoret/kompakt-shpk,K23407401F,Gjirokastër,GJ-1,Fier,FR-8,14:00,16:06,126.8,105.6,1,"1,2,3,4,5,6,7",8/3/2026,60,0,0,True,2
Gjirokastër,Vlorë,VL8,Vlorë - Përmet - Vlorë,CIPINI,https://www.dpshtrr.al/operatoret/cipini-shpk,K36405207P,Përmet,PR-1,Vlorë,VL-28,09:30,12:11,161.3,134.4,1,"1,2,3,4,5,6,7",8/3/2026,60,0,0,True,1
Gjirokastër,Vlorë,VL4,Vlorë - Fier - Vlorë,INTERBUZ VLORA,https://www.dpshtrr.al/operatoret/interbuz-vlora-shpk,K37004203O,Fier,FR-8,Vlorë,VL-28,13:00,13:45,45.6,38.0,1,"1,2,3,4,5,6,7",8/3/2026,60,0,0,True,1
Gjirokastër,Vlorë,VL17,Vlorë - Sarandë - Vlorë (me kalim nga Bregu),BORAKU,https://www.dpshtrr.al/operatoret/boraku-shpk,K36406218M,Sarandë,SR-7,Vlorë,VL-28,11:30,14:04,154.4,128.7,1,"1,2,3,4,5,6,7",8/3/2026,60,0,0,True,1
Gjirokastër,Vlorë,VL9,Vlorë - Gjirokastër - Vlorë (ngaLevani),HAMZAJ,https://www.dpshtrr.al/operatoret/hamzaj-shpk,K36417206V,Gjirokastër,GJ-1,Vlorë,VL-28,12:00,14:32,152.2,126.8,1,"1,2,3,4,5,6,7",8/3/2026,60,0,0,True,0
Golem,Durrës,DR45,Golem – Durrës - Golem,F.D.A LINE BUS,https://www.dpshtrr.al/operatoret/fda-line-bus-shpk,L01510503R,Golem,DR-22,Durrës Stacioni i Trenit,DR-1,06:30,07:12,42.3,14.1,1,"1,2,3,4,5,6,7",8/3/2026,60,0,0,True,0
Golem,Durrës,DR45,Golem – Durrës - Golem,F.D.A LINE BUS,https://www.dpshtrr.al/operatoret/fda-line-bus-shpk,L01510503R,Golem,DR-22,Durrës Stacioni i Trenit,DR-1,07:30,08:12,42.3,14.1,1,"1,2,3,4,5,6,7",8/3/2026,60,0,0,True,0
Gramsh,Belsh,EL45,Gramsh – Elbasan – Gramsh,AURORA 2,https://www.dpshtrr.al/operatoret/aurora-2-shpk,K16410809V,Gramsh,EL-6,"Elbasan ""Kryqezimi i Cerrikut""",EL-4,06:00,06:48,48.6,40.5,1,"1,2,3,4,5,6,7",8/3/2026,60,0,0,True,1
Gramsh,Belsh,EL45,Gramsh – Elbasan – Gramsh,AURORA 2,https://www.dpshtrr.al/operatoret/aurora-2-shpk,K16410809V,Gramsh,EL-6,"Elbasan ""Kryqezimi i Cerrikut""",EL-4,07:30,08:18,48.6,40.5,1,"1,2,3,4,5,6,7",8/3/2026,60,0,0,True,1
Gramsh,Belsh,EL41,Gramsh – Tiranë – Gramsh,TOMKLEDE,https://www.dpshtrr.al/operatoret/tomklede-shpk,K47103803D,Gramsh,EL-6,Tiranë Jug-Lindje,TR-1,06:15,07:39,84.0,70.3,1,"1,2,3,4,5,6,7",8/3/2026,60,0,0,True,3
Gramsh,Belsh,EL45,Gramsh – Elbasan – Gramsh,AURORA 2,https://www.dpshtrr.al/operatoret/aurora-2-shpk,K16410809V,Gramsh,EL-6,"Elbasan ""Kryqezimi i Cerrikut""",EL-4,10:30,11:18,48.6,40.5,1,"1,2,3,4,5,6,7",8/3/2026,60,0,0,True,1
Gramsh,Belsh,EL45,Gramsh – Elbasan – Gramsh,AURORA 2,https://www.dpshtrr.al/operatoret/aurora-2-shpk,K16410809V,Gramsh,EL-6,"Elbasan ""Kryqezimi i Cerrikut""",EL-4,11:00,11:48,48.6,40.5,1,"1,2,3,4,5,6,7",8/3/2026,60,0,0,True,2
Gramsh,Belsh,EL18,Elbasan – Cërrik – Elbasan,UDHËTARI 2001,https://www.dpshtrr.al/operatoret/udhetari-2001-shpk,K23425201O,"Elbasan ""Kryqezimi i Cerrikut""",EL-4,Cerrik,EL-12,12:00,12:18,18.9,15.8,1,"1,2,3,4,5,6,7",8/3/2026,60,0,0,True,2
Gramsh,Belsh,EL45,Gramsh – Elbasan – Gramsh,AURORA 2,https://www.dpshtrr.al/operatoret/aurora-2-shpk,K16410809V,Gramsh,EL-6,"Elbasan ""Kryqezimi i Cerrikut""",EL-4,12:00,12:48,48.6,40.5,1,"1,2,3,4,5,6,7",8/3/2026,60,0,0,True,2
Gramsh,Belsh,EL54,Cërrik – Belsh – Cërrik,ERENER-TRANS,https://www.dpshtrr.al/operatoret/erener-trans-shpk,K42727207M,Cerrik,EL-12,Belsh,El-23,13:20,13:31,12.0,10.0,1,"1,2,3,4,5,6,7",8/3/2026,60,0,0,True,2
Gramsh,Durrës,EL44,Gramsh – Kamzë – Gramsh,DIOMELA,https://www.dpshtrr.al/operatoret/diomela-shpk,K96615802E,Gramsh,EL-6,Kamëz,TR-00096,05:45,07:27,102.8,85.7,1,"1,2,3,4,5,6,7",8/3/2026,60,0,0,True,1
Gramsh,Durrës,TR66,Kamëz – Durrës – Kamëz,SHPRESA - AL,https://www.dpshtrr.al/operatoret/shpresa-al-shpk,K31321021N,Kamëz,TR-00096,Durrës Stacioni i Trenit,DR-1,07:30,08:19,49.3,41.0,1,"1,2,3,4,5,6,7",8/3/2026,60,0,0,True,1
Gramsh,Durrës,EL44,Gramsh – Kamzë – Gramsh,DIOMELA,https://www.dpshtrr.al/operatoret/diomela-shpk,K96615802E,Gramsh,EL-6,Kamëz,TR-00096,07:00,08:42,102.8,85.7,1,"1,2,3,4,5,6,7",8/3/2026,60,0,0,True,1
Gramsh,Durrës,DR17,Durrës – Kamëz – Durrës,AUTO DUKA TRANS,https://www.dpshtrr.al/operatoret/auto-duka-trans-shpk,L62415504J,Kamëz,TR-00096,Durrës Stacioni i Trenit,DR-1,08:45,09:34,49.3,41.0,1,"1,2,3,4,5,6,7",8/3/2026,60,0,0,True,1
Gramsh,Durrës,EL43,Gramsh – Durrës – Gramsh,TOMKLEDE,https://www.dpshtrr.al/operatoret/tomklede-shpk,K47103803D,Gramsh,EL-6,Durrës (Plepa),DR-3,06:30,08:17,107.6,89.6,1,"1,2,3,4,5,6,7",8/3/2026,60,0,0,True,2
Gramsh,Durrës,TR71,Kamëz – Gramsh - Kamëz,VALAMRJA - 07,https://www.dpshtrr.al/operatoret/valamarja-07-shpk,K72029014V,Gramsh,EL-6,Kamëz,TR-00096,10:30,12:12,102.8,85.7,1,"1,2,3,4,5,6,7",8/3/2026,60,0,0,True,1
Gramsh,Durrës,TR71,Kamëz – Gramsh - Kamëz,VALAMRJA - 07,https://www.dpshtrr.al/operatoret/valamarja-07-shpk,K72029014V,Gramsh,EL-6,Kamëz,TR-00096,14:00,15:42,102.8,85.7,1,"1,2,3,4,5,6,7",8/3/2026,60,0,0,True,1
Gramsh,Durrës,DR17,Durrës – Kamëz – Durrës,AUTO DUKA TRANS,https://www.dpshtrr.al/operatoret/auto-duka-trans-shpk,L62415504J,Kamëz,TR-00096,Durrës Stacioni i Trenit,DR-1,15:45,16:34,49.3,41.0,1,"1,2,3,4,5,6,7",8/3/2026,60,0,0,True,1
Gramsh,Durrës,EL43,Gramsh – Durrës – Gramsh,TOMKLEDE,https://www.dpshtrr.al/operatoret/tomklede-shpk,K47103803D,Gramsh,EL-6,Durrës (Plepa),DR-3,09:30,11:17,107.6,89.6,1,"1,2,3,4,5,6,7",8/3/2026,60,0,0,True,0
Gramsh,Durrës,DR11,Durrës – Gramsh – Durrës,ALFA TRANS,https://www.dpshtrr.al/operatoret/alfa-trans-shpk,K31528554O,Gramsh,EL-6,Durrës (Plepa),DR-3,12:10,13:57,107.6,89.6,1,"1,2,3,4,5,6,7",8/3/2026,60,0,0,True,0
Gramsh,Kamëz,EL42,Gramsh – Korçë – Gramsh,TOMKLEDE,https://www.dpshtrr.al/operatoret/tomklede-shpk,K47103803D,Gramsh,EL-6,Korçë,KO-2,05:30,07:16,106.7,88.9,1,"1,2,3,4,5,6,7",8/3/2026,60,0,0,True,1
Gramsh,Korçë,TR41,Tiranë – Pogradec – Tiranë,KEI,https://www.dpshtrr.al/operatoret/kei-shpk,K72406011J,Tiranë Jug-Lindje,TR-1,Pogradec,PG-5,10:30,12:59,149.9,117.2,1,"1,2,3,4,5,6,7",8/3/2026,60,0,0,True,2
Gramsh,Tiranë,TR63,Tiranë – Rrogozhinë – Tiranë,SHPRESA - AL,https://www.dpshtrr.al/operatoret/shpresa-al-shpk,K31321021N,Rrogozhine,KJ-4,Tiranë Veri-Jug,TR-2,11:30,12:49,79.3,66.1,1,"1,2,3,4,5,6,7",8/3/2026,60,0,0,True,2
Himarë,Dropull,VL21,Himarë - Sarandë - Himarë,CITY HIMARA,https://www.dpshtrr.al/operatoret/city-himara-shpk,L73731801D,Himarë,VL-22,Sarandë,SR-7,05:30,06:31,61.2,51.0,1,"1,2,3,4,5,6,7",8/3/2026,60,0,0,True,2
Himarë,Dropull,VL21,Himarë - Sarandë - Himarë,CITY HIMARA,https://www.dpshtrr.al/operatoret/city-himara-shpk,L73731801D,Himarë,VL-22,Sarandë,SR-7,07:00,08:01,61.2,51.0,1,"1,2,3,4,5,6,7",8/3/2026,60,0,0,True,2
Himarë,Dropull,GJ9,Dropull - Gjirokastër - Dropull,GREEN BUS,https://www.dpshtrr.al/operatoret/green-bus-travel,L81523015O,Gjirokastër,GJ-1,Dropull,GJ-11,10:30,10:54,24.3,20.3,1,"1,2,3,4,5,6,7",8/3/2026,60,0,0,True,2
Himarë,Dropull,VL34,Sarandë - Himarë - Sarandë,TRANS-BUS SARANDA,https://www.dpshtrr.al/operatoret/transbus-saranda-shpk,K83725804U,Himarë,VL-22,Sarandë,SR-7,08:30,09:31,61.2,51.0,1,"1,2,3,4,5,6,7",8/3/2026,60,0,0,True,2
Himarë,Dropull,GJ9,Dropull - Gjirokastër - Dropull,GREEN BUS,https://www.dpshtrr.al/operatoret/green-bus-travel,L81523015O,Gjirokastër,GJ-1,Dropull,GJ-11,11:30,11:54,24.3,20.3,1,"1,2,3,4,5,6,7",8/3/2026,60,0,0,True,2
Himarë,Dropull,VL20,Himarë - Vlorë - Himarë,RUCI TOURS,https://www.dpshtrr.al/operatoret/ruci-tours-shpk,K36510236K,Himarë,VL-22,Vlorë,VL-28,06:00,07:33,93.3,77.7,1,"1,2,3,4,5,6,7",8/3/2026,60,0,0,True,3
Himarë,Dropull,GJ8,Gjirokastër - Dropull - Gjirokastër,GREEN BUS,https://www.dpshtrr.al/operatoret/green-bus-travel,L81523015O,Gjirokastër,GJ-1,Dropull,GJ-11,12:00,12:24,24.3,20.3,1,"1,2,3,4,5,6,7",8/3/2026,60,0,0,True,3
Himarë,Dropull,GJ9,Dropull - Gjirokastër - Dropull,GREEN BUS,https://www.dpshtrr.al/operatoret/green-bus-travel,L81523015O,Gjirokastër,GJ-1,Dropull,GJ-11,12:30,12:54,24.3,20.3,1,"1,2,3,4,5,6,7",8/3/2026,60,0,0,True,2
Himarë,Dropull,GJ9,Dropull - Gjirokastër - Dropull,GREEN BUS,https://www.dpshtrr.al/operatoret/green-bus-travel,L81523015O,Gjirokastër,GJ-1,Dropull,GJ-11,14:30,14:54,24.3,20.3,1,"1,2,3,4,5,6,7",8/3/2026,60,0,0,True,2
Himarë,Dropull,VL18,Himarë - Fier - Himarë,HAJDINI TRANSPORT,https://www.dpshtrr.al/operatoret/hajdini-transport-shpk,L36630202P,Himarë,VL-22,Fier,FR-8,06:30,08:52,142.0,118.3,1,"1,2,3,4,5,6,7",8/3/2026,60,0,0,True,3
Himarë,Dropull,GJ8,Gjirokastër - Dropull - Gjirokastër,GREEN BUS,https://www.dpshtrr.al/operatoret/green-bus-travel,L81523015O,Gjirokastër,GJ-1,Dropull,GJ-11,15:00,15:24,24.3,20.3,1,"1,2,3,4,5,6,7",8/3/2026,60,0,0,True,3
Himarë,Dropull,VL48,Himarë – Dropull – Himarë,eTransport,https://www.dpshtrr.al/operatoret-etransport,1,Himarë,VL-22,Dropull,GJ-11,00:00,01:37,97.3,81.1,1,"1,2,3,4,5,6,7",8/3/2026,60,0,0,True,0
Himarë,Fier,VL20,Himarë - Vlorë - Himarë,RUCI TOURS,https://www.dpshtrr.al/operatoret/ruci-tours-shpk,K36510236K,Himarë,VL-22,Vlorë,VL-28,08:00,09:33,93.3,77.7,1,"1,2,3,4,5,6,7",8/3/2026,60,0,0,True,1
Himarë,Fier,VL20,Himarë - Vlorë - Himarë,RUCI TOURS,https://www.dpshtrr.al/operatoret/ruci-tours-shpk,K36510236K,Himarë,VL-22,Vlorë,VL-28,10:00,11:33,93.3,77.7,1,"1,2,3,4,5,6,7",8/3/2026,60,0,0,True,1
Himarë,Fier,VL4,Vlorë - Fier - Vlorë,INTERBUZ VLORA,https://www.dpshtrr.al/operatoret/interbuz-vlora-shpk,K37004203O,Vlorë,VL-28,Fier,FR-8,12:00,12:44,44.5,37.1,1,"1,2,3,4,5,6,7",8/3/2026,60,0,0,True,1
Himarë,Fier,VL15,Vlorë - Himarë - Vlorë,BREGASI,https://www.dpshtrr.al/operatoret/bregasi-shpk,L76330202K,Himarë,VL-22,Vlorë,VL-28,10:10,11:43,93.3,77.7,1,"1,2,3,4,5,6,7",8/3/2026,60,0,0,True,1
Himarë,Fier,FR3,Fier – Vlorë  – Fier,ARJANI,https://www.dpshtrr.al/operatoret/arjani-shpk,J63208424W,Vlorë,VL-28,Fier,FR-8,12:30,13:14,44.5,37.1,1,"1,2,3,4,5,6,7",8/3/2026,60,0,0,True,1
Himarë,Fier,VL18,Himarë - Fier - Himarë,HAJDINI TRANSPORT,https://www.dpshtrr.al/operatoret/hajdini-transport-shpk,L36630202P,Himarë,VL-22,Fier,FR-8,12:30,14:52,142.0,118.3,1,"1,2,3,4,5,6,7",8/3/2026,60,0,0,True,0
Himarë,Fier,VL20,Himarë - Vlorë - Himarë,RUCI TOURS,https://www.dpshtrr.al/operatoret/ruci-tours-shpk,K36510236K,Himarë,VL-22,Vlorë,VL-28,12:00,13:33,93.3,77.7,1,"1,2,3,4,5,6,7",8/3/2026,60,0,0,True,1
Himarë,Fier,FR3,Fier – Vlorë  – Fier,ARJANI,https://www.dpshtrr.al/operatoret/arjani-shpk,J63208424W,Vlorë,VL-28,Fier,FR-8,14:30,15:14,44.5,37.1,1,"1,2,3,4,5,6,7",8/3/2026,60,0,0,True,1
Himarë,Sarandë,VL21,Himarë - Sarandë - Himarë,CITY HIMARA,https://www.dpshtrr.al/operatoret/city-himara-shpk,L73731801D,Himarë,VL-22,Sarandë,SR-7,11:30,12:31,61.2,51.0,1,"1,2,3,4,5,6,7",8/3/2026,60,0,0,True,0
Himarë,Tiranë,VL19,Himarë - Tiranë - Himarë,RIVIERA,https://www.dpshtrr.al/operatoret/riviera-shpk,K36514201P,Himarë,VL-22,Tiranë Veri-Jug,TR-2,05:15,09:52,277.3,231.0,1,"1,2,3,4,5,6,7",8/3/2026,60,0,0,True,3
Himarë,Tiranë,TR40,Tiranë – Himarë – Tiranë,OLGENO,https://www.dpshtrr.al/operatoret/olgeno-shpk,K31825016M,Himarë,VL-22,Tiranë Veri-Jug,TR-2,07:00,11:37,277.3,231.0,1,"1,2,3,4,5,6,7",8/3/2026,60,0,0,True,3
Himarë,Tiranë,EL14,"Elbasan – Himarë – Elbasan (me kalim nga Bregu, pa të drejtë qëndrimi në Vlorë)",TRANSEL,https://www.dpshtrr.al/operatoret/transel-shpk,K63320202V,Himarë,VL-22,"Elbasan ""Kryqezimi i Cerrikut""",EL-4,12:15,16:08,233.8,194.8,1,"1,2,3,4,5,6,7",8/3/2026,60,0,0,True,1
Himarë,Tiranë,BR11,Kuçove – Vlore – Kuçove,DOLESE,https://www.dpshtrr.al/operatoret/dolese-shpk,K17621102J,Vlorë,VL-28,Kucove,BR-46,11:50,13:45,115.6,96.3,1,"1,2,3,4,5,6,7",8/3/2026,60,0,0,True,3
Himarë,Tiranë,EL11,Elbasan – Kuçovë – Elbasan (me kalim nga Cërriku),SKAMPA TRANS,https://www.dpshtrr.al/operatoret/skampa-trans-shpk,L82914203S,Kucove,BR-46,"Elbasan ""Kryqezimi i Cerrikut""",EL-4,14:00,15:03,63.6,53.0,1,"1,2,3,4,5,6,7",8/3/2026,60,0,0,True,3
Himarë,Tiranë,VL19,Himarë - Tiranë - Himarë,RIVIERA,https://www.dpshtrr.al/operatoret/riviera-shpk,K36514201P,Himarë,VL-22,Tiranë Veri-Jug,TR-2,10:00,14:37,277.3,231.0,1,"1,2,3,4,5,6,7",8/3/2026,60,0,0,True,0
Himarë,Tiranë,TR16,Tiranë – Vlorë – Tiranë,EL-ALBA TRANS,https://www.dpshtrr.al/operatoret/el-alba-trans-shpk,J62014003V,Vlorë,VL-28,Tiranë Veri-Jug,TR-2,12:00,14:59,179.8,149.8,1,"1,2,3,4,5,6,7",8/3/2026,60,0,0,True,1
Himarë,Vlorë,VL15,Vlorë - Himarë - Vlorë,BREGASI,https://www.dpshtrr.al/operatoret/bregasi-shpk,L76330202K,Himarë,VL-22,Vlorë,VL-28,12:30,14:03,93.3,77.7,1,"1,2,3,4,5,6,7",8/3/2026,60,0,0,True,0
Kamëz,Burrel,TR83,Kamëz - Burrel - Kamëz,META 2017,https://www.dpshtrr.al/operatoret/meta-2017-shpk,L77510901V,Kamëz,TR-00096,Burrel,BZ-3,06:30,08:05,95.1,79.3,1,"1,2,3,4,5,6,7",8/3/2026,60,0,0,True,0
Kamëz,Burrel,TR66,Kamëz – Durrës – Kamëz,SHPRESA - AL,https://www.dpshtrr.al/operatoret/shpresa-al-shpk,K31321021N,Kamëz,TR-00096,Durrës Stacioni i Trenit,DR-1,06:00,06:49,49.3,41.0,1,"1,2,3,4,5,6,7",8/3/2026,60,0,0,True,1
Kamëz,Burrel,TR66,Kamëz – Durrës – Kamëz,SHPRESA - AL,https://www.dpshtrr.al/operatoret/shpresa-al-shpk,K31321021N,Kamëz,TR-00096,Durrës Stacioni i Trenit,DR-1,06:30,07:19,49.3,41.0,1,"1,2,3,4,5,6,7",8/3/2026,60,0,0,True,1
Kamëz,Burrel,TR68,Kamëz – Peshkopi – Kamëz,SHPRESA - AL,https://www.dpshtrr.al/operatoret/shpresa-al-shpk,K31321021N,Kamëz,TR-00096,Peshkopi,DI-3,06:20,08:34,134.2,111.8,1,"1,2,3,4,5,6,7",8/3/2026,60,0,0,True,1
Kamëz,Burrel,DR17,Durrës – Kamëz – Durrës,AUTO DUKA TRANS,https://www.dpshtrr.al/operatoret/auto-duka-trans-shpk,L62415504J,Kamëz,TR-00096,Durrës Stacioni i Trenit,DR-1,06:45,07:34,49.3,41.0,1,"1,2,3,4,5,6,7",8/3/2026,60,0,0,True,2
Kamëz,Burrel,TR66,Kamëz – Durrës – Kamëz,SHPRESA - AL,https://www.dpshtrr.al/operatoret/shpresa-al-shpk,K31321021N,Kamëz,TR-00096,Durrës Stacioni i Trenit,DR-1,07:00,07:49,49.3,41.0,1,"1,2,3,4,5,6,7",8/3/2026,60,0,0,True,2
Kamëz,Burrel,DI18,Burrel - Kamëz - Burrel,META 2017,https://www.dpshtrr.al/operatoret/meta-2017-shpk,L77510901V,Kamëz,TR-00096,Burrel,BZ-3,14:30,16:05,95.1,79.3,1,"1,2,3,4,5,6,7",8/3/2026,60,0,0,True,0
Kamëz,Durrës,DR17,Durrës – Kamëz – Durrës,AUTO DUKA TRANS,https://www.dpshtrr.al/operatoret/auto-duka-trans-shpk,L62415504J,Kamëz,TR-00096,Durrës Stacioni i Trenit,DR-1,07:15,08:04,49.3,41.0,1,"1,2,3,4,5,6,7",8/3/2026,60,0,0,True,0
Kamëz,Durrës,DR17,Durrës – Kamëz – Durrës,AUTO DUKA TRANS,https://www.dpshtrr.al/operatoret/auto-duka-trans-shpk,L62415504J,Kamëz,TR-00096,Durrës Stacioni i Trenit,DR-1,07:45,08:34,49.3,41.0,1,"1,2,3,4,5,6,7",8/3/2026,60,0,0,True,0
Kamëz,Durrës,TR66,Kamëz – Durrës – Kamëz,SHPRESA - AL,https://www.dpshtrr.al/operatoret/shpresa-al-shpk,K31321021N,Kamëz,TR-00096,Durrës Stacioni i Trenit,DR-1,08:00,08:49,49.3,41.0,1,"1,2,3,4,5,6,7",8/3/2026,60,0,0,True,0
Kamëz,Gramsh,TR69,Kamëz – Korçë – Kamëz,SHPRESA - AL,https://www.dpshtrr.al/operatoret/shpresa-al-shpk,K31321021N,Kamëz,TR-00096,Korçë,KO-2,04:30,07:57,207.2,172.7,1,"1,2,3,4,5,6,7",8/3/2026,60,0,0,True,1
Kamëz,Korçë,TR69,Kamëz – Korçë – Kamëz,SHPRESA - AL,https://www.dpshtrr.al/operatoret/shpresa-al-shpk,K31321021N,Kamëz,TR-00096,Korçë,KO-2,06:30,09:57,207.2,172.7,1,"1,2,3,4,5,6,7",8/3/2026,60,0,0,True,0
Kamëz,Kukës,TR67,Kamëz – Kukës – Kamëz,BUZMADHE,https://www.dpshtrr.al/operatoret/buzmadhe-shpk,L62419007A,Kamëz,TR-00096,Kukës,KU-1,06:00,08:34,154.9,129.0,1,"1,2,3,4,5,6,7",8/3/2026,60,0,0,True,0
Kamëz,Kukës,TR67,Kamëz – Kukës – Kamëz,BUZMADHE,https://www.dpshtrr.al/operatoret/buzmadhe-shpk,L62419007A,Kamëz,TR-00096,Kukës,KU-1,07:00,09:34,154.9,129.0,1,"1,2,3,4,5,6,7",8/3/2026,60,0,0,True,0
Kamëz,Peshkopi,DI6,Peshkopi – Kamëz  – Peshkopi,DIBRA F&P,https://www.dpshtrr.al/operatoret/dibra-fp-shpk,L57312701L,Kamëz,TR-00096,Peshkopi,DI-3,11:00,13:11,131.6,109.6,1,"1,2,3,4,5,6,7",8/3/2026,60,0,0,True,0
Kamëz,Pogradec,KO16,Pogradec - Korçë - Pogradec,SHQIPONJA TRANS,https://www.dpshtrr.al/operatoret/shqiponja-trans-shpk,K53807603C,Korçë,KO-2,Pogradec,PG-5,08:00,08:45,45.8,38.2,1,"1,2,3,4,5,6,7",8/3/2026,60,0,0,True,1
Kavajë,Durrës,TR73,Kavajë – Durrës – Kavajë,ALDO TOURS,https://www.dpshtrr.al/operatoret/aldo-tours-2013-shpk,L33129802C,Kavaje (ish Agjencia),KJ-5,Durrës Stacioni i Trenit,DR-1,07:00,07:25,25.2,21.0,1,"1,2,3,4,5,6,7",8/3/2026,60,0,0,True,0
Kavajë,Durrës,TR73,Kavajë – Durrës – Kavajë,ALDO TOURS,https://www.dpshtrr.al/operatoret/aldo-tours-2013-shpk,L33129802C,Kavaje (ish Agjencia),KJ-5,Durrës Stacioni i Trenit,DR-1,07:30,07:55,25.2,21.0,1,"1,2,3,4,5,6,7",8/3/2026,60,0,0,True,0
Kavajë,Durrës,TR73,Kavajë – Durrës – Kavajë,ALDO TOURS,https://www.dpshtrr.al/operatoret/aldo-tours-2013-shpk,L33129802C,Kavaje (ish Agjencia),KJ-5,Durrës Stacioni i Trenit,DR-1,08:00,08:25,25.2,21.0,1,"1,2,3,4,5,6,7",8/3/2026,60,0,0,True,0
Kavajë,Durrës,TR73,Kavajë – Durrës – Kavajë,ALDO TOURS,https://www.dpshtrr.al/operatoret/aldo-tours-2013-shpk,L33129802C,Kavaje (ish Agjencia),KJ-5,Durrës Stacioni i Trenit,DR-1,08:30,08:55,25.2,21.0,1,"1,2,3,4,5,6,7",8/3/2026,60,0,0,True,0
Kavajë,Durrës,TR73,Kavajë – Durrës – Kavajë,ALDO TOURS,https://www.dpshtrr.al/operatoret/aldo-tours-2013-shpk,L33129802C,Kavaje (ish Agjencia),KJ-5,Durrës Stacioni i Trenit,DR-1,09:30,09:55,25.2,21.0,1,"1,2,3,4,5,6,7",8/3/2026,60,0,0,True,0
Kavajë,Durrës,TR73,Kavajë – Durrës – Kavajë,ALDO TOURS,https://www.dpshtrr.al/operatoret/aldo-tours-2013-shpk,L33129802C,Kavaje (ish Agjencia),KJ-5,Durrës Stacioni i Trenit,DR-1,10:00,10:25,25.2,21.0,1,"1,2,3,4,5,6,7",8/3/2026,60,0,0,True,0
Kavajë,Durrës,DR4,Durrës – Kavajë – Durrës,SHQIPONJA,https://www.dpshtrr.al/operatoret/shqiponja-shpk,K23206026B,Kavaje (ish Agjencia),KJ-5,Durrës Stacioni i Trenit,DR-1,10:30,10:55,25.2,21.0,1,"1,2,3,4,5,6,7",8/3/2026,60,0,0,True,0
Kavajë,Durrës,TR74,Kavajë – Elbasan – Kavajë,BRAHIMAJ TOURS,https://www.dpshtrr.al/operatoret/brahimaj-tours-shpk,L63302801G,Kavaje (ish Agjencia),KJ-5,"Elbasan ""Kryqezimi i Cerrikut""",EL-4,06:30,07:42,72.7,60.5,1,"1,2,3,4,5,6,7",8/3/2026,60,0,0,True,1
Kavajë,Durrës,TR74,Kavajë – Elbasan – Kavajë,BRAHIMAJ TOURS,https://www.dpshtrr.al/operatoret/brahimaj-tours-shpk,L63302801G,Kavaje (ish Agjencia),KJ-5,"Elbasan ""Kryqezimi i Cerrikut""",EL-4,07:00,08:12,72.7,60.5,1,"1,2,3,4,5,6,7",8/3/2026,60,0,0,True,2
Kavajë,Durrës,TR76,Kavajë – Rrogozhinë – Kavajë,LOSHI TOURS,https://www.dpshtrr.al/operatoret/loshi-tours-shpk,L52907801A,Kavaje (ish Agjencia),KJ-5,Rrogozhine,KJ-4,07:00,07:21,21.4,17.8,1,"1,2,3,4,5,6,7",8/3/2026,60,0,0,True,2
Kavajë,Durrës,TR75,Kavajë – Tiranë – Kavajë,CITY KAVAJA,https://www.dpshtrr.al/operatoret/city-kavaja-shpk,L63621801S,Kavaje (linja TR),KJ-1,Tiranë Veri-Jug,TR-2,06:00,06:58,58.6,48.8,1,"1,2,3,4,5,6,7",8/3/2026,60,0,0,True,1
Kavajë,Durrës,TR75,Kavajë – Tiranë – Kavajë,CITY KAVAJA,https://www.dpshtrr.al/operatoret/city-kavaja-shpk,L63621801S,Kavaje (linja TR),KJ-1,Tiranë Veri-Jug,TR-2,07:00,07:58,58.6,48.8,1,"1,2,3,4,5,6,7",8/3/2026,60,0,0,True,1
Kavajë,Durrës,TR75,Kavajë – Tiranë – Kavajë,CITY KAVAJA,https://www.dpshtrr.al/operatoret/city-kavaja-shpk,L63621801S,Kavaje (linja TR),KJ-1,Tiranë Veri-Jug,TR-2,08:00,08:58,58.6,48.8,1,"1,2,3,4,5,6,7",8/3/2026,60,0,0,True,1
Kavajë,Durrës,TR75,Kavajë – Tiranë – Kavajë,CITY KAVAJA,https://www.dpshtrr.al/operatoret/city-kavaja-shpk,L63621801S,Kavaje (linja TR),KJ-1,Tiranë Veri-Jug,TR-2,09:00,09:58,58.6,48.8,1,"1,2,3,4,5,6,7",8/3/2026,60,0,0,True,1
Kavajë,Durrës,TR75,Kavajë – Tiranë – Kavajë,CITY KAVAJA,https://www.dpshtrr.al/operatoret/city-kavaja-shpk,L63621801S,Kavaje (linja TR),KJ-1,Tiranë Veri-Jug,TR-2,11:00,11:58,58.6,48.8,1,"1,2,3,4,5,6,7",8/3/2026,60,0,0,True,1
Kavajë,Durrës,TR75,Kavajë – Tiranë – Kavajë,CITY KAVAJA,https://www.dpshtrr.al/operatoret/city-kavaja-shpk,L63621801S,Kavaje (linja TR),KJ-1,Tiranë Veri-Jug,TR-2,12:00,12:58,58.6,48.8,1,"1,2,3,4,5,6,7",8/3/2026,60,0,0,True,1
Kavajë,Durrës,TR75,Kavajë – Tiranë – Kavajë,CITY KAVAJA,https://www.dpshtrr.al/operatoret/city-kavaja-shpk,L63621801S,Kavaje (linja TR),KJ-1,Tiranë Veri-Jug,TR-2,14:00,14:58,58.6,48.8,1,"1,2,3,4,5,6,7",8/3/2026,60,0,0,True,1
Kavajë,Durrës,TR75,Kavajë – Tiranë – Kavajë,CITY KAVAJA,https://www.dpshtrr.al/operatoret/city-kavaja-shpk,L63621801S,Kavaje (linja TR),KJ-1,Tiranë Veri-Jug,TR-2,15:00,15:58,58.6,48.8,1,"1,2,3,4,5,6,7",8/3/2026,60,0,0,True,1
Kavajë,Durrës,TR12,Tiranë – Durrës – Tiranë,EL ALBA - 1,https://www.dpshtrr.al/operatoret/elalba-1-shpk,K12202003J,Tiranë Veri-Jug,TR-2,Durrës Stacioni i Trenit,DR-1,16:00,16:42,42.4,35.3,1,"1,2,3,4,5,6,7",8/3/2026,60,0,0,True,1
Kavajë,Durrës,TR65,"Tiranë – Durrës – Tiranë (me kalim nga Plepat, Ndroq)",RIKI TRANS,https://www.dpshtrr.al/operatoret/riki-trans-shpk,L71309505G,Tiranë Veri-Jug,TR-2,Durrës (Plepa),DR-3,15:00,15:44,44.4,37.0,1,"1,2,3,4,5,6,7",8/3/2026,60,0,0,True,1
Kavajë,Durrës,TR65,"Tiranë – Durrës – Tiranë (me kalim nga Plepat, Ndroq)",RIKI TRANS,https://www.dpshtrr.al/operatoret/riki-trans-shpk,L71309505G,Tiranë Veri-Jug,TR-2,Durrës (Plepa),DR-3,16:00,16:44,44.4,37.0,1,"1,2,3,4,5,6,7",8/3/2026,60,0,0,True,1
Kavajë,Elbasan,EL1,Elbasan – Durrës – Elbasan,TRANSEL,https://www.dpshtrr.al/operatoret/transel-shpk,K63320202V,Durrës (Plepa),DR-3,"Elbasan ""Kryqezimi i Cerrikut""",EL-4,16:00,17:28,88.6,73.8,1,"1,2,3,4,5,6,7",8/3/2026,60,0,0,True,2
Kavajë,Elbasan,EL16,Elbasan – Tiranë – Elbasan,ERA TRAVEL 2013,https://www.dpshtrr.al/operatoret/era-travel-2013-shpk,L33122201P,Tiranë Jug-Lindje,TR-1,Elbasan Pallati i Sportit,EL-3,19:30,20:19,49.0,32.7,1,"1,2,3,4,5,6,7",8/3/2026,60,0,0,True,4
Kavajë,Rrogozhine,TR76,Kavajë – Rrogozhinë – Kavajë,LOSHI TOURS,https://www.dpshtrr.al/operatoret/loshi-tours-shpk,L52907801A,Kavaje (ish Agjencia),KJ-5,Rrogozhine,KJ-4,08:00,08:21,21.4,17.8,1,"1,2,3,4,5,6,7",8/3/2026,60,0,0,True,0
Kavajë,Rrogozhine,TR76,Kavajë – Rrogozhinë – Kavajë,LOSHI TOURS,https://www.dpshtrr.al/operatoret/loshi-tours-shpk,L52907801A,Kavaje (ish Agjencia),KJ-5,Rrogozhine,KJ-4,08:30,08:51,21.4,17.8,1,"1,2,3,4,5,6,7",8/3/2026,60,0,0,True,0
Kavajë,Rrogozhine,TR76,Kavajë – Rrogozhinë – Kavajë,LOSHI TOURS,https://www.dpshtrr.al/operatoret/loshi-tours-shpk,L52907801A,Kavaje (ish Agjencia),KJ-5,Rrogozhine,KJ-4,09:30,09:51,21.4,17.8,1,"1,2,3,4,5,6,7",8/3/2026,60,0,0,True,0
Kavajë,Rrogozhine,TR81,Rrogozhinë - Kavajë - Rrogozhinë,LU&SE TRANS,https://www.dpshtrr.al/operatoret/luse-trans,L52817801B,Kavaje (ish Agjencia),KJ-5,Rrogozhine,KJ-4,10:30,10:51,21.4,17.8,1,"1,2,3,4,5,6,7",8/3/2026,60,0,0,True,0
Kavajë,Rrogozhine,TR76,Kavajë – Rrogozhinë – Kavajë,LOSHI TOURS,https://www.dpshtrr.al/operatoret/loshi-tours-shpk,L52907801A,Kavaje (ish Agjencia),KJ-5,Rrogozhine,KJ-4,10:30,10:51,21.4,17.8,1,"1,2,3,4,5,6,7",8/3/2026,60,0,0,True,0
Kavajë,Rrogozhine,TR81,Rrogozhinë - Kavajë - Rrogozhinë,LU&SE TRANS,https://www.dpshtrr.al/operatoret/luse-trans,L52817801B,Kavaje (ish Agjencia),KJ-5,Rrogozhine,KJ-4,11:00,11:21,21.4,17.8,1,"1,2,3,4,5,6,7",8/3/2026,60,0,0,True,0
Kavajë,Rrogozhine,TR63,Tiranë – Rrogozhinë – Tiranë,SHPRESA - AL,https://www.dpshtrr.al/operatoret/shpresa-al-shpk,K31321021N,Tiranë Veri-Jug,TR-2,Rrogozhine,KJ-4,07:30,08:52,82.0,68.3,1,"1,2,3,4,5,6,7",8/3/2026,60,0,0,True,1
Kavajë,Rrogozhine,TR63,Tiranë – Rrogozhinë – Tiranë,SHPRESA - AL,https://www.dpshtrr.al/operatoret/shpresa-al-shpk,K31321021N,Tiranë Veri-Jug,TR-2,Rrogozhine,KJ-4,08:30,09:52,82.0,68.3,1,"1,2,3,4,5,6,7",8/3/2026,60,0,0,True,1
Kavajë,Rrogozhine,TR63,Tiranë – Rrogozhinë – Tiranë,SHPRESA - AL,https://www.dpshtrr.al/operatoret/shpresa-al-shpk,K31321021N,Tiranë Veri-Jug,TR-2,Rrogozhine,KJ-4,09:30,10:52,82.0,68.3,1,"1,2,3,4,5,6,7",8/3/2026,60,0,0,True,1
Kavajë,Rrogozhine,TR63,Tiranë – Rrogozhinë – Tiranë,SHPRESA - AL,https://www.dpshtrr.al/operatoret/shpresa-al-shpk,K31321021N,Tiranë Veri-Jug,TR-2,Rrogozhine,KJ-4,10:30,11:52,82.0,68.3,1,"1,2,3,4,5,6,7",8/3/2026,60,0,0,True,1
Kavajë,Rrogozhine,TR80,Rrogozhinë - Tiranë - Rrogozhinë,REFATI - 08,https://www.dpshtrr.al/operatoret/refati-08-shpk,K83227802A,Tiranë Veri-Jug,TR-2,Rrogozhine,KJ-4,13:00,14:22,82.0,68.3,1,"1,2,3,4,5,6,7",8/3/2026,60,0,0,True,1
Kavajë,Rrogozhine,TR80,Rrogozhinë - Tiranë - Rrogozhinë,REFATI - 08,https://www.dpshtrr.al/operatoret/refati-08-shpk,K83227802A,Tiranë Veri-Jug,TR-2,Rrogozhine,KJ-4,14:00,15:22,82.0,68.3,1,"1,2,3,4,5,6,7",8/3/2026,60,0,0,True,1
Kavajë,Rrogozhine,TR80,Rrogozhinë - Tiranë - Rrogozhinë,REFATI - 08,https://www.dpshtrr.al/operatoret/refati-08-shpk,K83227802A,Tiranë Veri-Jug,TR-2,Rrogozhine,KJ-4,15:00,16:22,82.0,68.3,1,"1,2,3,4,5,6,7",8/3/2026,60,0,0,True,1
Kavajë,Rrogozhine,TR62,Tiranë – Kavajë – Tiranë,CITY KAVAJA,https://www.dpshtrr.al/operatoret/city-kavaja-shpk,L63621801S,Tiranë Veri-Jug,TR-2,Kavaje (ish Agjencia),KJ-5,16:00,17:01,61.5,51.2,1,"1,2,3,4,5,6,7",8/3/2026,60,0,0,True,2
Kavajë,Tiranë,TR62,Tiranë – Kavajë – Tiranë,CITY KAVAJA,https://www.dpshtrr.al/operatoret/city-kavaja-shpk,L63621801S,Kavaje (ish Agjencia),KJ-5,Tiranë Veri-Jug,TR-2,13:00,13:00,,49.0,1,"1,2,3,4,5,6,7",8/3/2026,60,0,0,True,3
Kavajë,Tiranë,TR12,Tiranë – Durrës – Tiranë,EL ALBA - 1,https://www.dpshtrr.al/operatoret/elalba-1-shpk,K12202003J,Durrës Stacioni i Trenit,DR-1,Tiranë Veri-Jug,TR-2,09:30,10:10,40.2,33.5,1,"1,2,3,4,5,6,7",8/3/2026,60,0,0,True,1
Klos,Bulqizë,DI15,Klos – Tiranë – Klos,KLOSI - A,https://www.dpshtrr.al/operatoret/klosi-shpk,L47810901E,Klos,DI-101,Tiranë Veri-Jug,TR-2,06:00,06:57,57.4,47.9,1,"1,2,3,4,5,6,7",8/3/2026,60,0,0,True,1
Klos,Bulqizë,DI17,Klos – Burrel – Klos,META 2017,https://www.dpshtrr.al/operatoret/meta-2017-shpk,L77510901V,Klos,DI-101,Burrel,BZ-3,07:00,07:21,21.1,17.6,1,"1,2,3,4,5,6,7",8/3/2026,60,0,0,True,2
Klos,Bulqizë,DI17,Klos – Burrel – Klos,META 2017,https://www.dpshtrr.al/operatoret/meta-2017-shpk,L77510901V,Klos,DI-101,Burrel,BZ-3,08:00,08:21,21.1,17.6,1,"1,2,3,4,5,6,7",8/3/2026,60,0,0,True,2
Klos,Bulqizë,DI15,Klos – Tiranë – Klos,KLOSI - A,https://www.dpshtrr.al/operatoret/klosi-shpk,L47810901E,Klos,DI-101,Tiranë Veri-Jug,TR-2,10:00,10:57,57.4,47.9,1,"1,2,3,4,5,6,7",8/3/2026,60,0,0,True,1
Klos,Bulqizë,TR61,Tiranë – Klos – Tiranë,MARSONI AL TRANSPORT,https://www.dpshtrr.al/operatoret/marsoni-al-transport-shpk,L62415024Q,Klos,DI-101,Tiranë Veri-Jug,TR-2,12:00,12:57,57.4,47.9,1,"1,2,3,4,5,6,7",8/3/2026,60,0,0,True,1
Klos,Burrel,DI11,Burrel – Klos – Burrel,META 2017,https://www.dpshtrr.al/operatoret/meta-2017-shpk,L77510901V,Klos,DI-101,Burrel,BZ-3,10:00,10:21,21.1,17.6,1,"1,2,3,4,5,6,7",8/3/2026,60,0,0,True,0
Klos,Burrel,DI11,Burrel – Klos – Burrel,META 2017,https://www.dpshtrr.al/operatoret/meta-2017-shpk,L77510901V,Klos,DI-101,Burrel,BZ-3,11:00,11:21,21.1,17.6,1,"1,2,3,4,5,6,7",8/3/2026,60,0,0,True,0
Klos,Burrel,DI17,Klos – Burrel – Klos,META 2017,https://www.dpshtrr.al/operatoret/meta-2017-shpk,L77510901V,Klos,DI-101,Burrel,BZ-3,12:00,12:21,21.1,17.6,1,"1,2,3,4,5,6,7",8/3/2026,60,0,0,True,0
Klos,Durrës,DR17,Durrës – Kamëz – Durrës,AUTO DUKA TRANS,https://www.dpshtrr.al/operatoret/auto-duka-trans-shpk,L62415504J,Kamëz,TR-00096,Durrës Stacioni i Trenit,DR-1,10:15,11:04,49.3,41.0,1,"1,2,3,4,5,6,7",8/3/2026,60,0,0,True,2
Konispol,Gjirokastër,VL38,Konispol - Sarandë - Konispol,YLMA KONISPOL,https://www.dpshtrr.al/operatoret/ylma-konispol-shpk,K34107820G,Konispol,SR-8,Sarandë,SR-7,06:15,07:01,46.6,38.8,1,"1,2,3,4,5,6,7",8/3/2026,60,0,0,True,1
Konispol,Gjirokastër,VL32,Sarandë - Konispol - Sarandë,MEHMETI TRANS,https://www.dpshtrr.al/operatoret/mehmeti-trans-shpk,L74129801A,Konispol,SR-8,Sarandë,SR-7,06:45,07:31,46.6,38.8,1,"1,2,3,4,5,6,7",8/3/2026,60,0,0,True,1
Konispol,Gjirokastër,VL38,Konispol - Sarandë - Konispol,YLMA KONISPOL,https://www.dpshtrr.al/operatoret/ylma-konispol-shpk,K34107820G,Konispol,SR-8,Sarandë,SR-7,07:00,07:46,46.6,38.8,1,"1,2,3,4,5,6,7",8/3/2026,60,0,0,True,1
Konispol,Gjirokastër,VL32,Sarandë - Konispol - Sarandë,MEHMETI TRANS,https://www.dpshtrr.al/operatoret/mehmeti-trans-shpk,L74129801A,Konispol,SR-8,Sarandë,SR-7,08:45,09:31,46.6,38.8,1,"1,2,3,4,5,6,7",8/3/2026,60,0,0,True,1
Konispol,Gjirokastër,VL37,Konispol - Tiranë - Konispol,YLMA KONISPOL,https://www.dpshtrr.al/operatoret/ylma-konispol-shpk,K34107820G,Konispol,SR-8,Tiranë Veri-Jug,TR-2,04:10,09:56,346.7,288.8,1,"1,2,3,4,5,6,7",8/3/2026,60,0,0,True,1
Konispol,Gjirokastër,VL37,Konispol - Tiranë - Konispol,YLMA KONISPOL,https://www.dpshtrr.al/operatoret/ylma-konispol-shpk,K34107820G,Konispol,SR-8,Tiranë Veri-Jug,TR-2,05:45,11:31,346.7,288.8,1,"1,2,3,4,5,6,7",8/3/2026,60,0,0,True,1
Konispol,Gjirokastër,VL38,Konispol - Sarandë - Konispol,YLMA KONISPOL,https://www.dpshtrr.al/operatoret/ylma-konispol-shpk,K34107820G,Konispol,SR-8,Sarandë,SR-7,14:00,14:46,46.6,38.8,1,"1,2,3,4,5,6,7",8/3/2026,60,0,0,True,1
Konispol,Gjirokastër,GJ3,Gjirokastër - Sarandë - Gjirokastër,ARGJIRO,https://www.dpshtrr.al/operatoret/argjiro-shpk,J93316647D,Sarandë,SR-7,Gjirokastër,GJ-1,17:00,18:01,61.8,51.5,1,"1,2,3,4,5,6,7",8/3/2026,60,0,0,True,1
Konispol,Gjirokastër,VL46,Konispol – Gjirokastër – Konispol,eTransport,https://www.dpshtrr.al/operatoret-etransport,1,Konispol,SR-8,Gjirokastër,GJ-1,00:00,01:38,98.1,81.7,1,"1,2,3,4,5,6,7",8/3/2026,60,0,0,True,0
Konispol,Sarandë,VL32,Sarandë - Konispol - Sarandë,MEHMETI TRANS,https://www.dpshtrr.al/operatoret/mehmeti-trans-shpk,L74129801A,Konispol,SR-8,Sarandë,SR-7,16:45,17:31,46.6,38.8,1,"1,2,3,4,5,6,7",8/3/2026,60,0,0,True,0
Konispol,Tiranë,TR53,Tiranë – Konispol – Tiranë,ANBASTAR,https://www.dpshtrr.al/operatoret/anbastar-shpk,L71814024A,Konispol,SR-8,Tiranë Veri-Jug,TR-2,07:30,13:16,346.7,288.8,1,"1,2,3,4,5,6,7",8/3/2026,60,0,0,True,3
Konispol,Tiranë,TR12,Tiranë – Durrës – Tiranë,EL ALBA - 1,https://www.dpshtrr.al/operatoret/elalba-1-shpk,K12202003J,Tiranë Veri-Jug,TR-2,Durrës Stacioni i Trenit,DR-1,13:30,14:12,42.4,35.3,1,"1,2,3,4,5,6,7",8/3/2026,60,0,0,True,3
Konispol,Tiranë,VL34,Sarandë - Himarë - Sarandë,TRANS-BUS SARANDA,https://www.dpshtrr.al/operatoret/transbus-saranda-shpk,K83725804U,Sarandë,SR-7,Himarë,VL-22,08:00,09:01,61.2,51.0,1,"1,2,3,4,5,6,7",8/3/2026,60,0,0,True,3
Konispol,Tiranë,TR32,Tiranë – Konispol – Tiranë (nga Bregu),TISA,https://www.dpshtrr.al/operatoret/tisa-shpk,K31520093K,Konispol,SR-8,Tiranë Veri-Jug,TR-2,07:00,13:08,368.9,307.3,1,"1,2,3,4,5,6,7",8/3/2026,60,0,0,True,3
Konispol,Tiranë,FR5,Fier – Sarandë – Fier,KOMPAKT,https://www.dpshtrr.al/operatoret/kompakt-shpk,K23407401F,Sarandë,SR-7,Fier,FR-8,16:00,18:48,168.7,140.6,1,"1,2,3,4,5,6,7",8/3/2026,60,0,0,True,2
Konispol,Tiranë,FR28,Lushnjë – Sarandë – Lushnjë,BLEXH.SH SHARRA TRAVEL,https://www.dpshtrr.al/operatoret/blexhsh-sharra-travel-shpk,L14527402D,Sarandë,SR-7,Lushnjë,LU-1,10:25,13:59,214.8,179.0,1,"1,2,3,4,5,6,7",8/3/2026,60,0,0,True,2
Konispol,Tiranë,ShK1,Shkodër - Tiranë - Shkodër,ROZAFA ORTAKËT,https://www.dpshtrr.al/operatoret/rozafa-ortaket-shpk,K26702001R,Tiranë Veri-Jug,TR-2,Shkodër,SH-15,13:30,15:18,108.2,90.2,1,"1,2,3,4,5,6,7",8/3/2026,60,0,0,True,2
Koplik,Shkodër,ShK12,Koplik - Shkodër - Koplik,MALËSIA TRAVEL,https://www.dpshtrr.al/operatoret/malesia-travel-shpk,L67508702G,Koplik,MA-2,Shkodër,SH-15,07:00,07:21,21.4,17.8,1,"1,2,3,4,5,6,7",8/3/2026,60,0,0,True,0
Koplik,Shkodër,ShK9,Shkodër - Koplik - Shkodër,VELIPOJA EXPRESS,https://www.dpshtrr.al/operatoret/velipoja-ekspres-shpk,K26723001H,Koplik,MA-2,Shkodër,SH-15,07:30,07:51,21.4,17.8,1,"1,2,3,4,5,6,7",8/3/2026,60,0,0,True,0
Koplik,Shkodër,ShK12,Koplik - Shkodër - Koplik,MALËSIA TRAVEL,https://www.dpshtrr.al/operatoret/malesia-travel-shpk,L67508702G,Koplik,MA-2,Shkodër,SH-15,08:00,08:21,21.4,17.8,1,"1,2,3,4,5,6,7",8/3/2026,60,0,0,True,0
Koplik,Shkodër,ShK9,Shkodër - Koplik - Shkodër,VELIPOJA EXPRESS,https://www.dpshtrr.al/operatoret/velipoja-ekspres-shpk,K26723001H,Koplik,MA-2,Shkodër,SH-15,08:30,08:51,21.4,17.8,1,"1,2,3,4,5,6,7",8/3/2026,60,0,0,True,0
Koplik,Shkodër,ShK12,Koplik - Shkodër - Koplik,MALËSIA TRAVEL,https://www.dpshtrr.al/operatoret/malesia-travel-shpk,L67508702G,Koplik,MA-2,Shkodër,SH-15,09:00,09:21,21.4,17.8,1,"1,2,3,4,5,6,7",8/3/2026,60,0,0,True,0
Koplik,Shkodër,ShK9,Shkodër - Koplik - Shkodër,VELIPOJA EXPRESS,https://www.dpshtrr.al/operatoret/velipoja-ekspres-shpk,K26723001H,Koplik,MA-2,Shkodër,SH-15,09:30,09:51,21.4,17.8,1,"1,2,3,4,5,6,7",8/3/2026,60,0,0,True,0
Koplik,Shkodër,ShK12,Koplik - Shkodër - Koplik,MALËSIA TRAVEL,https://www.dpshtrr.al/operatoret/malesia-travel-shpk,L67508702G,Koplik,MA-2,Shkodër,SH-15,10:00,10:21,21.4,17.8,1,"1,2,3,4,5,6,7",8/3/2026,60,0,0,True,0
Koplik,Shkodër,ShK9,Shkodër - Koplik - Shkodër,VELIPOJA EXPRESS,https://www.dpshtrr.al/operatoret/velipoja-ekspres-shpk,K26723001H,Koplik,MA-2,Shkodër,SH-15,10:30,10:51,21.4,17.8,1,"1,2,3,4,5,6,7",8/3/2026,60,0,0,True,0
Koplik,Tiranë,ShK11,Koplik - Tiranë - Koplik,KOPLIKU,https://www.dpshtrr.al/operatoret/kopliku-shpk,K37522705E,Koplik,MA-2,Tiranë Veri-Jug,TR-2,05:00,07:09,129.8,108.2,1,"1,2,3,4,5,6,7",8/3/2026,60,0,0,True,3
Koplik,Tiranë,ShK11,Koplik - Tiranë - Koplik,KOPLIKU,https://www.dpshtrr.al/operatoret/kopliku-shpk,K37522705E,Koplik,MA-2,Tiranë Veri-Jug,TR-2,06:00,08:09,129.8,108.2,1,"1,2,3,4,5,6,7",8/3/2026,60,0,0,True,3
Koplik,Tiranë,ShK1,Shkodër - Tiranë - Shkodër,ROZAFA ORTAKËT,https://www.dpshtrr.al/operatoret/rozafa-ortaket-shpk,K26702001R,Shkodër,SH-15,Tiranë Veri-Jug,TR-2,09:00,10:48,108.5,90.4,1,"1,2,3,4,5,6,7",8/3/2026,60,0,0,True,4
Koplik,Tiranë,ShK1,Shkodër - Tiranë - Shkodër,ROZAFA ORTAKËT,https://www.dpshtrr.al/operatoret/rozafa-ortaket-shpk,K26702001R,Shkodër,SH-15,Tiranë Veri-Jug,TR-2,10:00,11:48,108.5,90.4,1,"1,2,3,4,5,6,7",8/3/2026,60,0,0,True,4
Koplik,Tiranë,ShK5,Shkodër - Durrës - Shkodër,ELJAN - SHKODRA,https://www.dpshtrr.al/operatoret/elian-shkodra-shpk,K86622004G,Shkodër,SH-15,Durrës Stacioni i Trenit,DR-1,08:15,10:22,127.4,106.1,1,"1,2,3,4,5,6,7",8/3/2026,60,0,0,True,4
Koplik,Tiranë,ShK1,Shkodër - Tiranë - Shkodër,ROZAFA ORTAKËT,https://www.dpshtrr.al/operatoret/rozafa-ortaket-shpk,K26702001R,Shkodër,SH-15,Tiranë Veri-Jug,TR-2,08:00,09:48,108.5,90.4,1,"1,2,3,4,5,6,7",8/3/2026,60,0,0,True,1
Koplik,Tiranë,ShK1,Shkodër - Tiranë - Shkodër,ROZAFA ORTAKËT,https://www.dpshtrr.al/operatoret/rozafa-ortaket-shpk,K26702001R,Shkodër,SH-15,Tiranë Veri-Jug,TR-2,08:30,10:18,108.5,90.4,1,"1,2,3,4,5,6,7",8/3/2026,60,0,0,True,1
Korçë,Berat,KO8,Korçë - Lushnjë - Korçë,START BUS KORCA,https://www.dpshtrr.al/operatoret/start-bus-korca-shpk,K24722001V,Korçë,KO-2,Lushnjë,LU-1,06:00,09:39,219.8,183.1,1,"1,2,3,4,5,6,7",8/3/2026,60,0,0,True,1
Korçë,Berat,FR25,Lushnjë – Berat – Lushnjë,KOHA EKSPRES,https://www.dpshtrr.al/operatoret/koha-ekspres-shpk,K34017402I,Lushnjë,LU-1,Berat,BR-1,11:00,11:41,41.8,34.8,1,"1,2,3,4,5,6,7",8/3/2026,60,0,0,True,1
Korçë,Berat,KO6,Korçë - Lozhan - Gramsh - Korçë,RIKI TRANS,https://www.dpshtrr.al/operatoret/riki-trans-shpk,L71309505G,Korçë,KO-2,Gramsh,EL-6,07:00,08:46,106.7,88.9,1,"1,2,3,4,5,6,7",8/3/2026,60,0,0,True,1
Korçë,Berat,LB1,Librazhd-Pogradec-Korce-Librazhd,KLID EKSPRESS,https://www.dpshtrr.al/operatoret/klid-ekspres-shpk,K22301004Q,Korçë,KO-2,Librazhd,LB-3,07:00,08:59,119.7,99.7,1,"1,2,3,4,5,6,7",8/3/2026,60,0,0,True,2
Korçë,Berat,EL2,Elbasan – Berat – Elbasan,ARBESA,https://www.dpshtrr.al/operatoret/arbesa-el-shpk,K73417202K,"Elbasan ""Kryqezimi i Cerrikut""",EL-4,Berat,BR-1,11:00,12:57,117.0,97.5,1,"1,2,3,4,5,6,7",8/3/2026,60,0,0,True,2
Korçë,Berat,KO5,Korçë - Berat- Korçë,START BUS KORCA,https://www.dpshtrr.al/operatoret/start-bus-korca-shpk,K24722001V,Korçë,KO-2,Berat,BR-1,10:00,13:45,225.1,187.5,1,"1,2,3,4,5,6,7",8/3/2026,60,0,0,True,0
Korçë,Berat,BR35,Berat – Gramsh – Berat,ERVISI,https://www.dpshtrr.al/operatoret/ervisi-shpk,K32506011I,Gramsh,EL-6,Berat,BR-1,12:45,14:12,87.8,73.1,1,"1,2,3,4,5,6,7",8/3/2026,60,0,0,True,1
Korçë,Berat,BR31,Berat – Korçë – Berat,BITRI,https://www.dpshtrr.al/operatoret/bitri-shpk,K23206017C,Korçë,KO-2,Berat,BR-1,11:00,14:46,226.0,188.3,1,"1,2,3,4,5,6,7",8/3/2026,60,0,0,True,0
Korçë,Berat,BR31,Berat – Korçë – Berat,BITRI,https://www.dpshtrr.al/operatoret/bitri-shpk,K23206017C,Korçë,KO-2,Berat,BR-1,13:00,16:46,226.0,188.3,1,"1,2,3,4,5,6,7",8/3/2026,60,0,0,True,0
Korçë,Bilisht,KO10,Korçë - Bilisht - Korçë,START BUS KORCA,https://www.dpshtrr.al/operatoret/start-bus-korca-shpk,K24722001V,Korçë,KO-2,Bilisht,KO-1,08:30,09:01,31.9,26.6,1,"1,2,3,4,5,6,7",8/3/2026,60,0,0,True,0
Korçë,Durrës,KO15,Pogradec - Prrenjas - Pogradec,MUSKA TRANS,https://www.dpshtrr.al/operatoret/muska-trans-shpk,L54621605Q,Pogradec,PG-5,Prrenjas,LB-5,07:00,07:37,37.8,31.5,1,"1,2,3,4,5,6,7",8/3/2026,60,0,0,True,4
Korçë,Durrës,EL26,Prrenjas – Elbasan – Prrenjas,LEKA TRAVEL,https://www.dpshtrr.al/operatoret/leka-travel-shpk,L28111601Q,Prrenjas,LB-5,"Elbasan ""Kryqezimi i Cerrikut""",EL-4,07:45,08:48,63.8,53.1,1,"1,2,3,4,5,6,7",8/3/2026,60,0,0,True,4
Korçë,Durrës,KO26,Korçë-Kamëz-Korçë,RIKI TRANS,https://www.dpshtrr.al/operatoret/riki-trans-shpk,L71309505G,Korçë,KO-2,Kamëz,TR-00096,10:30,13:53,203.6,169.6,1,"1,2,3,4,5,6,7",8/3/2026,60,0,0,True,1
Korçë,Durrës,DR17,Durrës – Kamëz – Durrës,AUTO DUKA TRANS,https://www.dpshtrr.al/operatoret/auto-duka-trans-shpk,L62415504J,Kamëz,TR-00096,Durrës Stacioni i Trenit,DR-1,14:15,15:04,49.3,41.0,1,"1,2,3,4,5,6,7",8/3/2026,60,0,0,True,1
Korçë,Durrës,KO14,Pogradec - Durrës - Pogradec,SHQIPONJA TRANS,https://www.dpshtrr.al/operatoret/shqiponja-trans-shpk,K53807603C,Pogradec,PG-5,Durrës (Plepa),DR-3,08:00,11:08,188.7,157.2,1,"1,2,3,4,5,6,7",8/3/2026,60,0,0,True,1
Korçë,Durrës,KO27,Korçë-Elbasan-Korçë,MORAVA 93,https://www.dpshtrr.al/operatoret/morava-93-shpk,K33804004D,Korçë,KO-2,"Elbasan ""Kryqezimi i Cerrikut""",EL-4,08:00,10:27,147.1,122.5,1,"1,2,3,4,5,6,7",8/3/2026,60,0,0,True,1
Korçë,Elbasan,KO3,Korçë - Tiranë - Korçë,START BUS KORCA,https://www.dpshtrr.al/operatoret/start-bus-korca-shpk,K24722001V,Korçë,KO-2,Tiranë Jug-Lindje,TR-1,05:00,08:04,184.8,154.5,1,"1,2,3,4,5,6,7",8/3/2026,60,0,0,True,1
Korçë,Elbasan,KO12,Korçë - Pogradec - Korçë,MORAVA 93,https://www.dpshtrr.al/operatoret/morava-93-shpk,K33804004D,Korçë,KO-2,Pogradec,PG-5,07:00,07:45,45.8,38.2,1,"1,2,3,4,5,6,7",8/3/2026,60,0,0,True,2
Korçë,Elbasan,EL25,Prrenjas – Pogradec – Prrenjas,FLOADER,https://www.dpshtrr.al/operatoret/floader-shpk,L48512601M,Pogradec,PG-5,Prrenjas,LB-5,09:00,09:37,37.8,31.5,1,"1,2,3,4,5,6,7",8/3/2026,60,0,0,True,2
Korçë,Elbasan,EL26,Prrenjas – Elbasan – Prrenjas,LEKA TRAVEL,https://www.dpshtrr.al/operatoret/leka-travel-shpk,L28111601Q,Prrenjas,LB-5,"Elbasan ""Kryqezimi i Cerrikut""",EL-4,09:45,10:48,63.8,53.1,1,"1,2,3,4,5,6,7",8/3/2026,60,0,0,True,2
Korçë,Elbasan,EL16,Elbasan – Tiranë – Elbasan,ERA TRAVEL 2013,https://www.dpshtrr.al/operatoret/era-travel-2013-shpk,L33122201P,Tiranë Jug-Lindje,TR-1,Elbasan Pallati i Sportit,EL-3,08:30,09:19,49.0,32.7,1,"1,2,3,4,5,6,7",8/3/2026,60,0,0,True,1
Korçë,Elbasan,KO3,Korçë - Tiranë - Korçë,START BUS KORCA,https://www.dpshtrr.al/operatoret/start-bus-korca-shpk,K24722001V,Korçë,KO-2,Tiranë Jug-Lindje,TR-1,06:00,09:04,184.8,154.5,1,"1,2,3,4,5,6,7",8/3/2026,60,0,0,True,1
Korçë,Elbasan,KO13,Pogradec - Tiranë - Pogradec,SHQIPONJA TRANS,https://www.dpshtrr.al/operatoret/shqiponja-trans-shpk,K53807603C,Pogradec,PG-5,Tiranë Jug-Lindje,TR-1,07:30,09:49,139.3,116.5,1,"1,2,3,4,5,6,7",8/3/2026,60,0,0,True,2
Korçë,Elbasan,KO3,Korçë - Tiranë - Korçë,START BUS KORCA,https://www.dpshtrr.al/operatoret/start-bus-korca-shpk,K24722001V,Korçë,KO-2,Tiranë Jug-Lindje,TR-1,07:00,10:04,184.8,154.5,1,"1,2,3,4,5,6,7",8/3/2026,60,0,0,True,1
Korçë,Ersekë,KO11,Korçë - Ersekë - Korçë,RIKI TRANS,https://www.dpshtrr.al/operatoret/riki-trans-shpk,L71309505G,Korçë,KO-2,Ersekë,ER-1,09:00,09:49,49.6,41.3,1,"1,2,3,4,5,6,7",8/3/2026,60,0,0,True,0
Korçë,Fier,GJ5,Gjirokastër - Korçë - Gjirokastër,ARGJIRO,https://www.dpshtrr.al/operatoret/argjiro-shpk,J93316647D,Korçë,KO-2,Gjirokastër,GJ-1,06:00,09:00,180.8,150.7,1,"1,2,3,4,5,6,7",8/3/2026,60,0,0,True,1
Korçë,Fier,BR29,Berat - Fier - Berat,AIDA - TRANS 02,https://www.dpshtrr.al/operatoret/aida-trans-02-shpk,K32515186K,Berat,BR-1,Fier,FR-8,13:50,14:41,51.8,43.1,1,"1,2,3,4,5,6,7",8/3/2026,60,0,0,True,1
Korçë,Fier,FR2,Fier – Berat – Fier,ÇUKO,https://www.dpshtrr.al/operatoret/cuko-shpk,J62903571K,Berat,BR-1,Fier,FR-8,15:00,15:51,51.8,43.1,1,"1,2,3,4,5,6,7",8/3/2026,60,0,0,True,1
Korçë,Gjirokastër,KO9,Korçë - Gjirokastër - Korçë,MORAVA 93,https://www.dpshtrr.al/operatoret/morava-93-shpk,K33804004D,Korçë,KO-2,Gjirokastër,GJ-1,07:00,10:00,180.8,150.7,1,"1,2,3,4,5,6,7",8/3/2026,60,0,0,True,0
Korçë,Gjirokastër,KO1,Korçë - Sarandë - Korçë,MORAVA 93,https://www.dpshtrr.al/operatoret/morava-93-shpk,K33804004D,Korçë,KO-2,Sarandë,SR-7,06:00,10:21,261.9,218.2,1,"1,2,3,4,5,6,7",8/3/2026,60,0,0,True,1
Korçë,Gramsh,EL42,Gramsh – Korçë – Gramsh,TOMKLEDE,https://www.dpshtrr.al/operatoret/tomklede-shpk,K47103803D,Korçë,KO-2,Gramsh,EL-6,14:00,15:46,106.7,88.9,1,"1,2,3,4,5,6,7",8/3/2026,60,0,0,True,0
Korçë,Kamëz,TR69,Kamëz – Korçë – Kamëz,SHPRESA - AL,https://www.dpshtrr.al/operatoret/shpresa-al-shpk,K31321021N,Korçë,KO-2,Kamëz,TR-00096,14:30,17:53,203.6,169.6,1,"1,2,3,4,5,6,7",8/3/2026,60,0,0,True,0
Korçë,Leskovik,KO22,Leskovik - Korçë - Leskovik,MELESINI,https://www.dpshtrr.al/operatoret/melesini-trans-shpk,L67926001M,Korçë,KO-2,Leskovik,KO-9,12:30,14:11,101.9,84.9,1,"1,2,3,4,5,6,7",8/3/2026,60,0,0,True,0
Korçë,Leskovik,KO20,Leskovik - Tiranë- Leskovik,LESKOVIK TRANS,https://www.dpshtrr.al/operatoret/leskovik-trans-shpk,L67916001I,Tiranë Jug-Lindje,TR-1,Leskovik,KO-9,13:00,17:57,297.1,237.5,1,"1,2,3,4,5,6,7",8/3/2026,60,0,0,True,1
Korçë,Leskovik,LE22,LESKOVIK – TIRANË - LESKOVIK (me kalim nga Kelcyra),KOPO TRANS,https://www.dpshtrr.al/operatoret/kopo-trans-shpk,L78921201C,Tiranë Veri-Jug,TR-2,Leskovik,KO-9,15:00,20:35,335.9,279.8,1,"1,2,3,4,5,6,7",8/3/2026,60,0,0,True,3
Korçë,Leskovik,KO29,Leskovik – Përmet – Leskovik,eTransport,https://www.dpshtrr.al/operatoret-etransport,1,Përmet,PR-1,Leskovik,KO-9,00:00,00:48,48.5,40.4,1,"1,2,3,4,5,6,7",8/3/2026,60,0,0,True,1
Korçë,Leskovik,KO33,Korçë – Leskovik– Korçë,eTransport,https://www.dpshtrr.al/operatoret-etransport,1,Korçë,KO-2,Leskovik,KO-9,00:00,01:41,102.0,85.0,1,"1,2,3,4,5,6,7",8/3/2026,60,0,0,True,0
Korçë,Leskovik,TR51,Tiranë – Leskovik – Tiranë,SHKOZA TRAVEL,https://www.dpshtrr.al/operatoret/shkoza-travel-shpk,L71516028J,Tiranë Jug-Lindje,TR-1,Leskovik,KO-9,05:10,10:07,297.1,237.5,1,"1,2,3,4,5,6,7",8/4/2026,60,0,0,True,1
Korçë,Leskovik,TR82,TIRANË - LESKOVIK - TIRANË  (me kalim nga Kelcyra),KOPO TRANS,https://www.dpshtrr.al/operatoret/kopo-trans-shpk,L78921201C,Tiranë Veri-Jug,TR-2,Leskovik,KO-9,05:00,10:35,335.9,279.8,1,"1,2,3,4,5,6,7",8/4/2026,60,0,0,True,2
Korçë,Lushnjë,EL12,Elbasan – Lushnje – Elbasan (me kalim nga Belshi),DUMREJA-2 SHPK,https://www.dpshtrr.al/operatoret/dumreja-2-shpk,L13521202F,"Elbasan ""Kryqezimi i Cerrikut""",EL-4,Lushnjë,LU-1,11:45,12:51,66.6,55.5,1,"1,2,3,4,5,6,7",8/3/2026,60,0,0,True,1
Korçë,Lushnjë,FR29,Lushnjë – Korçë – Lushnjë,TRANSLUKS,https://www.dpshtrr.al/operatoret/trans-luks,K74128402B,Korçë,KO-2,Lushnjë,LU-1,10:00,13:39,219.8,183.1,1,"1,2,3,4,5,6,7",8/3/2026,60,0,0,True,0
Korçë,Lushnjë,FR25,Lushnjë – Berat – Lushnjë,KOHA EKSPRES,https://www.dpshtrr.al/operatoret/koha-ekspres-shpk,K34017402I,Berat,BR-1,Lushnjë,LU-1,14:30,15:11,41.4,34.5,1,"1,2,3,4,5,6,7",8/3/2026,60,0,0,True,1
Korçë,Lushnjë,FR29,Lushnjë – Korçë – Lushnjë,TRANSLUKS,https://www.dpshtrr.al/operatoret/trans-luks,K74128402B,Korçë,KO-2,Lushnjë,LU-1,12:00,15:39,219.8,183.1,1,"1,2,3,4,5,6,7",8/3/2026,60,0,0,True,0
Korçë,Pogradec,KO16,Pogradec - Korçë - Pogradec,SHQIPONJA TRANS,https://www.dpshtrr.al/operatoret/shqiponja-trans-shpk,K53807603C,Korçë,KO-2,Pogradec,PG-5,07:30,08:15,45.8,38.2,1,"1,2,3,4,5,6,7",8/3/2026,60,0,0,True,0
Korçë,Pogradec,KO17,Pogradec - Maliq - Korçë - Pogradec,XHAFA TRAVEL,https://www.dpshtrr.al/operatoret/xhafatravel-shpk,L74222001M,Korçë,KO-2,Pogradec,PG-5,08:15,09:02,47.6,39.7,1,"1,2,3,4,5,6,7",8/3/2026,60,0,0,True,0
Korçë,Pogradec,KO12,Korçë - Pogradec - Korçë,MORAVA 93,https://www.dpshtrr.al/operatoret/morava-93-shpk,K33804004D,Korçë,KO-2,Pogradec,PG-5,08:30,09:15,45.8,38.2,1,"1,2,3,4,5,6,7",8/3/2026,60,0,0,True,0
Korçë,Pogradec,KO16,Pogradec - Korçë - Pogradec,SHQIPONJA TRANS,https://www.dpshtrr.al/operatoret/shqiponja-trans-shpk,K53807603C,Korçë,KO-2,Pogradec,PG-5,09:00,09:45,45.8,38.2,1,"1,2,3,4,5,6,7",8/3/2026,60,0,0,True,0
Korçë,Pustec,KO28,Korçë – Pustec – Korçë,eTransport,https://www.dpshtrr.al/operatoret-etransport,1,Korçë,KO-2,Pustec,KO-3,00:00,00:32,32.2,26.9,1,"1,2,3,4,5,6,7",8/3/2026,60,0,0,True,0
Korçë,Përmet,KO32,Korçë – Përmet – Korçë,eTransport,https://www.dpshtrr.al/operatoret-etransport,1,Korçë,KO-2,Përmet,PR-1,00:00,02:11,132.0,109.9,1,"1,2,3,4,5,6,7",8/3/2026,60,0,0,True,0
Korçë,Sarandë,KO4,Korçë - Vlorë - Korçë,START BUS KORCA,https://www.dpshtrr.al/operatoret/start-bus-korca-shpk,K24722001V,Korçë,KO-2,Vlorë,VL-28,09:00,14:04,304.7,253.8,1,"1,2,3,4,5,6,7",8/3/2026,60,0,0,True,1
Korçë,Sarandë,VL50,Sarandë – Korçë – Sarandë,eTransport,https://www.dpshtrr.al/operatoret-etransport,1,Korçë,KO-2,Sarandë,SR-7,00:00,03:43,223.2,186.0,1,"1,2,3,4,5,6,7",8/3/2026,60,0,0,True,0
Korçë,Tiranë,FR23,Lushnjë – Tiranë – Lushnjë,KOHA EKSPRES,https://www.dpshtrr.al/operatoret/koha-ekspres-shpk,K34017402I,Lushnjë,LU-1,Tiranë Veri-Jug,TR-2,10:30,12:05,95.8,79.8,1,"1,2,3,4,5,6,7",8/3/2026,60,0,0,True,4
Korçë,Tiranë,DR6,Durrës – Tiranë – Durrës,DEMOKRACIA 95,https://www.dpshtrr.al/operatoret/demokracia-95-shpk,K31601531F,Durrës Stacioni i Trenit,DR-1,Tiranë Veri-Jug,TR-2,13:50,14:30,40.2,33.5,1,"1,2,3,4,5,6,7",8/3/2026,60,0,0,True,2
Korçë,Vlorë,VL5,Vlorë - Kuçovë - Vlorë (me kalim nga Roskoveci),INTERBUZ VLORA,https://www.dpshtrr.al/operatoret/interbuz-vlora-shpk,K37004203O,Kucove,BR-46,Vlorë,VL-28,12:00,13:30,90.9,75.7,1,"1,2,3,4,5,6,7",8/3/2026,60,0,0,True,2
Korçë,Vlorë,VL1,Vlorë - Korçë - Vlorë,HAMZAJ,https://www.dpshtrr.al/operatoret/hamzaj-shpk,K36417206V,Korçë,KO-2,Vlorë,VL-28,09:00,14:04,304.7,253.8,1,"1,2,3,4,5,6,7",8/3/2026,60,0,0,True,0
Kruje,Durrës,DR51,Krujë – Durrës – Krujë,SHKELZENI AGJENSI,https://www.dpshtrr.al/operatoret/shkelzeni-agjensi-shpk,K41921002D,Kruje,KR-1,Durrës Stacioni i Trenit,DR-1,06:00,06:52,52.2,43.5,1,"1,2,3,4,5,6,7",8/3/2026,60,0,0,True,0
Kruje,Durrës,DR50,Krujë – Fushë Krujë – Krujë,SHKELZENI AGJENSI,https://www.dpshtrr.al/operatoret/shkelzeni-agjensi-shpk,K41921002D,Kruje,KR-1,Fushë-Krujë,KR-10,06:00,06:12,12.4,10.3,1,"1,2,3,4,5,6,7",8/3/2026,60,0,0,True,1
Kruje,Durrës,DR47,Krujë – Tiranë – Krujë,A & A TRANS,https://www.dpshtrr.al/operatoret/trans-shpk,L04001204A,Kruje,KR-1,Tiranë Veri-Jug,TR-2,06:00,06:32,32.7,27.3,1,"1,2,3,4,5,6,7",8/3/2026,60,0,0,True,1
Kruje,Durrës,DR51,Krujë – Durrës – Krujë,SHKELZENI AGJENSI,https://www.dpshtrr.al/operatoret/shkelzeni-agjensi-shpk,K41921002D,Kruje,KR-1,Durrës Stacioni i Trenit,DR-1,07:00,07:52,52.2,43.5,1,"1,2,3,4,5,6,7",8/3/2026,60,0,0,True,0
Kruje,Durrës,DR50,Krujë – Fushë Krujë – Krujë,SHKELZENI AGJENSI,https://www.dpshtrr.al/operatoret/shkelzeni-agjensi-shpk,K41921002D,Kruje,KR-1,Fushë-Krujë,KR-10,06:30,06:42,12.4,10.3,1,"1,2,3,4,5,6,7",8/3/2026,60,0,0,True,2
Kruje,Durrës,DR47,Krujë – Tiranë – Krujë,A & A TRANS,https://www.dpshtrr.al/operatoret/trans-shpk,L04001204A,Kruje,KR-1,Tiranë Veri-Jug,TR-2,07:00,07:32,32.7,27.3,1,"1,2,3,4,5,6,7",8/3/2026,60,0,0,True,1
Kruje,Durrës,DR51,Krujë – Durrës – Krujë,SHKELZENI AGJENSI,https://www.dpshtrr.al/operatoret/shkelzeni-agjensi-shpk,K41921002D,Kruje,KR-1,Durrës Stacioni i Trenit,DR-1,08:00,08:52,52.2,43.5,1,"1,2,3,4,5,6,7",8/3/2026,60,0,0,True,0
Kruje,Durrës,DR51,Krujë – Durrës – Krujë,SHKELZENI AGJENSI,https://www.dpshtrr.al/operatoret/shkelzeni-agjensi-shpk,K41921002D,Kruje,KR-1,Durrës Stacioni i Trenit,DR-1,09:00,09:52,52.2,43.5,1,"1,2,3,4,5,6,7",8/3/2026,60,0,0,True,0
Kruje,Durrës,DR47,Krujë – Tiranë – Krujë,A & A TRANS,https://www.dpshtrr.al/operatoret/trans-shpk,L04001204A,Kruje,KR-1,Tiranë Veri-Jug,TR-2,08:00,08:32,32.7,27.3,1,"1,2,3,4,5,6,7",8/3/2026,60,0,0,True,1
Kruje,Durrës,DR50,Krujë – Fushë Krujë – Krujë,SHKELZENI AGJENSI,https://www.dpshtrr.al/operatoret/shkelzeni-agjensi-shpk,K41921002D,Kruje,KR-1,Fushë-Krujë,KR-10,07:00,07:12,12.4,10.3,1,"1,2,3,4,5,6,7",8/3/2026,60,0,0,True,2
Kruje,Durrës,DR50,Krujë – Fushë Krujë – Krujë,SHKELZENI AGJENSI,https://www.dpshtrr.al/operatoret/shkelzeni-agjensi-shpk,K41921002D,Kruje,KR-1,Fushë-Krujë,KR-10,07:30,07:42,12.4,10.3,1,"1,2,3,4,5,6,7",8/3/2026,60,0,0,True,2
Kruje,Fushë-Krujë,DR52,Fushë Krujë – Krujë – Fushë Krujë,MAGIC GLOBE,https://www.dpshtrr.al/operatoret/magic-globe-shpk,L41427021C,Kruje,KR-1,Fushë-Krujë,KR-10,07:30,07:42,12.4,10.3,1,"1,2,3,4,5,6,7",8/3/2026,60,0,0,True,0
Kruje,Fushë-Krujë,DR50,Krujë – Fushë Krujë – Krujë,SHKELZENI AGJENSI,https://www.dpshtrr.al/operatoret/shkelzeni-agjensi-shpk,K41921002D,Kruje,KR-1,Fushë-Krujë,KR-10,08:00,08:12,12.4,10.3,1,"1,2,3,4,5,6,7",8/3/2026,60,0,0,True,0
Kruje,Fushë-Krujë,DR52,Fushë Krujë – Krujë – Fushë Krujë,MAGIC GLOBE,https://www.dpshtrr.al/operatoret/magic-globe-shpk,L41427021C,Kruje,KR-1,Fushë-Krujë,KR-10,08:30,08:42,12.4,10.3,1,"1,2,3,4,5,6,7",8/3/2026,60,0,0,True,0
Kruje,Shkodër,DR46,Krujë – Shkodër – Krujë,ALDI 04,https://www.dpshtrr.al/operatoret/aldi-04-shpk,K93903203L,Kruje,KR-1,Shkodër,SH-15,07:00,08:34,94.4,78.6,1,"1,2,3,4,5,6,7",8/3/2026,60,0,0,True,0
Kruje,Tiranë,TR28,Tiranë – Lushnjë – Tiranë,PIKO,https://www.dpshtrr.al/operatoret/piko-shpk,K22301006J,Tiranë Veri-Jug,TR-2,Lushnjë,LU-1,06:40,08:18,98.1,81.7,1,"1,2,3,4,5,6,7",8/3/2026,60,0,0,True,3
Krumë,Bajram Curri,KU12,Krumë - Tiranë - Krumë,SEIDI TOURS,https://www.dpshtrr.al/operatoret/seidi-tours-shpk,K97116901R,Krumë,KRU-4,Tiranë Veri-Jug,TR-2,06:00,09:14,194.9,162.4,1,"1,2,3,4,5,6,7",8/3/2026,60,0,0,True,1
Krumë,Bajram Curri,KU14,Krumë - Kukës - Krumë,NELI TOURS,https://www.dpshtrr.al/operatoret/neli-tours,L47027901T,Krumë,KRU-4,Kukës,KU-1,07:00,07:34,34.7,28.9,1,"1,2,3,4,5,6,7",8/3/2026,60,0,0,True,2
Krumë,Bajram Curri,KU4,Kukës - Tiranë - Kukës,LACI KOMPANI,https://www.dpshtrr.al/operatoret/laci-kompani-shpk,L27917201V,Kukës,KU-1,Tiranë Veri-Jug,TR-2,08:00,10:41,161.9,134.9,1,"1,2,3,4,5,6,7",8/3/2026,60,0,0,True,2
Krumë,Bajram Curri,KU12,Krumë - Tiranë - Krumë,SEIDI TOURS,https://www.dpshtrr.al/operatoret/seidi-tours-shpk,K97116901R,Krumë,KRU-4,Tiranë Veri-Jug,TR-2,08:00,11:14,194.9,162.4,1,"1,2,3,4,5,6,7",8/3/2026,60,0,0,True,1
Krumë,Bajram Curri,KU14,Krumë - Kukës - Krumë,NELI TOURS,https://www.dpshtrr.al/operatoret/neli-tours,L47027901T,Krumë,KRU-4,Kukës,KU-1,08:00,08:34,34.7,28.9,1,"1,2,3,4,5,6,7",8/3/2026,60,0,0,True,2
Krumë,Bajram Curri,KU4,Kukës - Tiranë - Kukës,LACI KOMPANI,https://www.dpshtrr.al/operatoret/laci-kompani-shpk,L27917201V,Kukës,KU-1,Tiranë Veri-Jug,TR-2,09:00,11:41,161.9,134.9,1,"1,2,3,4,5,6,7",8/3/2026,60,0,0,True,2
Krumë,Bajram Curri,KU12,Krumë - Tiranë - Krumë,SEIDI TOURS,https://www.dpshtrr.al/operatoret/seidi-tours-shpk,K97116901R,Krumë,KRU-4,Tiranë Veri-Jug,TR-2,10:30,13:44,194.9,162.4,1,"1,2,3,4,5,6,7",8/3/2026,60,0,0,True,1
Krumë,Bajram Curri,KU6,Kukës - Krumë - Kukës,FAT - 5,https://www.dpshtrr.al/operatoret/fat-5-shpk,K37509289U,Krumë,KRU-4,Kukës,KU-1,09:00,09:34,34.7,28.9,1,"1,2,3,4,5,6,7",8/3/2026,60,0,0,True,2
Krumë,Bajram Curri,KU4,Kukës - Tiranë - Kukës,LACI KOMPANI,https://www.dpshtrr.al/operatoret/laci-kompani-shpk,L27917201V,Kukës,KU-1,Tiranë Veri-Jug,TR-2,10:00,12:41,161.9,134.9,1,"1,2,3,4,5,6,7",8/3/2026,60,0,0,True,2
Krumë,Bajram Curri,KU16,B. Curri – Krumë – B. Curri,eTransport,https://www.dpshtrr.al/operatoret-etransport,1,Krumë,KRU-4,Bajram Curri,BC-1,00:00,01:20,80.8,67.3,1,"1,2,3,4,5,6,7",8/3/2026,60,0,0,True,0
Krumë,Bajram Curri,KU18,Krumë – B. Curri – Krumë,eTransport,https://www.dpshtrr.al/operatoret-etransport,1,Krumë,KRU-4,Bajram Curri,BC-1,00:00,01:20,80.8,67.3,1,"1,2,3,4,5,6,7",8/3/2026,60,0,0,True,0
Krumë,Durrës,KU5,Kukës - Durrës - Kukës,FAT - 5,https://www.dpshtrr.al/operatoret/fat-5-shpk,K37509289U,Kukës,KU-1,Durrës Stacioni i Trenit,DR-1,08:00,11:02,182.3,151.8,1,"1,2,3,4,5,6,7",8/3/2026,60,0,0,True,1
Krumë,Durrës,KU13,Krumë - Durrës - Krumë,QJL TRANS,https://www.dpshtrr.al/operatoret/qjl-trans-shpk,L56816901K,Krumë,KRU-4,Durrës Stacioni i Trenit,DR-1,08:00,11:33,213.9,178.2,1,"1,2,3,4,5,6,7",8/3/2026,60,0,0,True,0
Krumë,Durrës,KU3,Kukës - Kamzë - Kukës,FAT - 5,https://www.dpshtrr.al/operatoret/fat-5-shpk,K37509289U,Kukës,KU-1,Kamëz,TR-00096,08:45,11:20,155.1,129.2,1,"1,2,3,4,5,6,7",8/3/2026,60,0,0,True,2
Krumë,Durrës,TR66,Kamëz – Durrës – Kamëz,SHPRESA - AL,https://www.dpshtrr.al/operatoret/shpresa-al-shpk,K31321021N,Kamëz,TR-00096,Durrës Stacioni i Trenit,DR-1,11:30,12:19,49.3,41.0,1,"1,2,3,4,5,6,7",8/3/2026,60,0,0,True,2
Krumë,Durrës,KU5,Kukës - Durrës - Kukës,FAT - 5,https://www.dpshtrr.al/operatoret/fat-5-shpk,K37509289U,Kukës,KU-1,Durrës Stacioni i Trenit,DR-1,10:00,13:02,182.3,151.8,1,"1,2,3,4,5,6,7",8/3/2026,60,0,0,True,1
Krumë,Durrës,DR30,Durrës – Krumë – Durrës (pa të drejtë qëndrimi në Kukës),VËLLEZËRIT SHPATA,https://www.dpshtrr.al/operatoret/vellezer-shpata-shpk,K81705504N,Krumë,KRU-4,Durrës Stacioni i Trenit,DR-1,12:00,15:34,214.2,178.5,1,"1,2,3,4,5,6,7",8/3/2026,60,0,0,True,0
Krumë,Durrës,KU14,Krumë - Kukës - Krumë,NELI TOURS,https://www.dpshtrr.al/operatoret/neli-tours,L47027901T,Krumë,KRU-4,Kukës,KU-1,10:00,10:34,34.7,28.9,1,"1,2,3,4,5,6,7",8/3/2026,60,0,0,True,2
Krumë,Durrës,KU4,Kukës - Tiranë - Kukës,LACI KOMPANI,https://www.dpshtrr.al/operatoret/laci-kompani-shpk,L27917201V,Kukës,KU-1,Tiranë Veri-Jug,TR-2,11:00,13:41,161.9,134.9,1,"1,2,3,4,5,6,7",8/3/2026,60,0,0,True,2
Krumë,Durrës,TR65,"Tiranë – Durrës – Tiranë (me kalim nga Plepat, Ndroq)",RIKI TRANS,https://www.dpshtrr.al/operatoret/riki-trans-shpk,L71309505G,Tiranë Veri-Jug,TR-2,Durrës (Plepa),DR-3,15:30,16:14,44.4,37.0,1,"1,2,3,4,5,6,7",8/3/2026,60,0,0,True,2
Krumë,Kukës,KU6,Kukës - Krumë - Kukës,FAT - 5,https://www.dpshtrr.al/operatoret/fat-5-shpk,K37509289U,Krumë,KRU-4,Kukës,KU-1,11:00,11:34,34.7,28.9,1,"1,2,3,4,5,6,7",8/3/2026,60,0,0,True,0
Krumë,Kukës,KU14,Krumë - Kukës - Krumë,NELI TOURS,https://www.dpshtrr.al/operatoret/neli-tours,L47027901T,Krumë,KRU-4,Kukës,KU-1,12:00,12:34,34.7,28.9,1,"1,2,3,4,5,6,7",8/3/2026,60,0,0,True,0
Krumë,Kukës,KU6,Kukës - Krumë - Kukës,FAT - 5,https://www.dpshtrr.al/operatoret/fat-5-shpk,K37509289U,Krumë,KRU-4,Kukës,KU-1,13:00,13:34,34.7,28.9,1,"1,2,3,4,5,6,7",8/3/2026,60,0,0,True,0
Krumë,Kukës,KU6,Kukës - Krumë - Kukës,FAT - 5,https://www.dpshtrr.al/operatoret/fat-5-shpk,K37509289U,Krumë,KRU-4,Kukës,KU-1,15:00,15:34,34.7,28.9,1,"1,2,3,4,5,6,7",8/3/2026,60,0,0,True,0
Krumë,Tiranë,KU1,Kukës - Shkodër - Kukës,VËLLEZËRIT KOPANI,http://dpshtrr.al,L17525201C,Kukës,KU-1,Shkodër,SH-15,09:00,11:51,171.5,142.9,1,"1,2,3,4,5,6,7",8/3/2026,60,0,0,True,3
Krumë,Tiranë,KU3,Kukës - Kamzë - Kukës,FAT - 5,https://www.dpshtrr.al/operatoret/fat-5-shpk,K37509289U,Kukës,KU-1,Kamëz,TR-00096,07:45,10:20,155.1,129.2,1,"1,2,3,4,5,6,7",8/3/2026,60,0,0,True,3
Kucove,Berat,BR20,Kuçovë – Berat – Kuçovë,DOLESE,https://www.dpshtrr.al/operatoret/dolese-shpk,K17621102J,Kucove,BR-46,Berat,BR-1,06:30,06:45,15.5,12.9,1,"1,2,3,4,5,6,7",8/3/2026,60,0,0,True,0
Kucove,Berat,BR20,Kuçovë – Berat – Kuçovë,DOLESE,https://www.dpshtrr.al/operatoret/dolese-shpk,K17621102J,Kucove,BR-46,Berat,BR-1,07:10,07:25,15.5,12.9,1,"1,2,3,4,5,6,7",8/3/2026,60,0,0,True,0
Kucove,Berat,BR20,Kuçovë – Berat – Kuçovë,DOLESE,https://www.dpshtrr.al/operatoret/dolese-shpk,K17621102J,Kucove,BR-46,Berat,BR-1,10:30,10:45,15.5,12.9,1,"1,2,3,4,5,6,7",8/3/2026,60,0,0,True,0
Kucove,Corovode,BR19,Kuçovë – Corovodë – Kuçovë,ALBENIO,http://dpshtrr.al,L27910101D,Kucove,BR-46,Corovode,BR-11,06:00,07:19,79.1,65.9,1,"1,2,3,4,5,6,7",8/3/2026,60,0,0,True,0
Kucove,Corovode,BR18,Kuçovë – Poliçan – Kuçovë,ALBENIO,http://dpshtrr.al,L27910101D,Kucove,BR-46,Polican,SK-1,08:00,08:47,47.3,39.4,1,"1,2,3,4,5,6,7",8/3/2026,60,0,0,True,1
Kucove,Durrës,BR14,Kucove – Durres – Kucove,KUCOVA,https://www.dpshtrr.al/operatoret/kucova-shpk,K17621107D,Kucove,BR-46,Durrës Stacioni i Trenit,DR-1,06:00,07:39,99.6,83.0,1,"1,2,3,4,5,6,7",8/3/2026,60,0,0,True,0
Kucove,Durrës,BR8,Kuçovë – Tiranë  – Kuçovë,KUCOVA,https://www.dpshtrr.al/operatoret/kucova-shpk,K17621107D,Kucove,BR-46,Tiranë Veri-Jug,TR-2,05:00,07:13,133.5,111.2,1,"1,2,3,4,5,6,7",8/3/2026,60,0,0,True,1
Kucove,Durrës,BR8,Kuçovë – Tiranë  – Kuçovë,KUCOVA,https://www.dpshtrr.al/operatoret/kucova-shpk,K17621107D,Kucove,BR-46,Tiranë Veri-Jug,TR-2,06:00,08:13,133.5,111.2,1,"1,2,3,4,5,6,7",8/3/2026,60,0,0,True,1
Kucove,Durrës,BR8,Kuçovë – Tiranë  – Kuçovë,KUCOVA,https://www.dpshtrr.al/operatoret/kucova-shpk,K17621107D,Kucove,BR-46,Tiranë Veri-Jug,TR-2,07:00,09:13,133.5,111.2,1,"1,2,3,4,5,6,7",8/3/2026,60,0,0,True,1
Kucove,Durrës,BR8,Kuçovë – Tiranë  – Kuçovë,KUCOVA,https://www.dpshtrr.al/operatoret/kucova-shpk,K17621107D,Kucove,BR-46,Tiranë Veri-Jug,TR-2,08:00,10:13,133.5,111.2,1,"1,2,3,4,5,6,7",8/3/2026,60,0,0,True,1
Kucove,Elbasan,EL21,Elbasan – Librazhd – Elbasan,NE-ER,https://www.dpshtrr.al/operatoret/ne-er-shpk,L52519213M,Librazhd,LB-3,"Elbasan ""Kryqezimi i Cerrikut""",EL-4,08:30,08:59,30.0,25.0,1,"1,2,3,4,5,6,7",8/3/2026,60,0,0,True,1
Kucove,Gjirokastër,BR10,Kuçove – Gjirokaster  – Kuçove,FLORINDI,https://www.dpshtrr.al/operatoret/florindi-shpk,K78612101K,Kucove,BR-46,Gjirokastër,GJ-1,06:00,09:12,192.6,160.4,1,"1,2,3,4,5,6,7",8/3/2026,60,0,0,True,0
Kucove,Korçë,BR13,Kucove – Korce – Kucove,ARBA,https://www.dpshtrr.al/operatoret/arba-shpk,K37510182J,Kucove,BR-46,Korçë,KO-2,04:30,07:23,173.7,144.7,1,"1,2,3,4,5,6,7",8/3/2026,60,0,0,True,0
Kucove,Korçë,TR13,Tiranë – Korçë – Tiranë,EL ALBA 2,https://www.dpshtrr.al/operatoret/elalba-2-shpk,K21402001V,Tiranë Jug-Lindje,TR-1,Korçë,KO-2,11:00,14:15,195.6,155.8,1,"1,2,3,4,5,6,7",8/3/2026,60,0,0,True,2
Kucove,Tiranë,BR11,Kuçove – Vlore – Kuçove,DOLESE,https://www.dpshtrr.al/operatoret/dolese-shpk,K17621102J,Kucove,BR-46,Vlorë,VL-28,07:00,08:56,116.5,97.1,1,"1,2,3,4,5,6,7",8/3/2026,60,0,0,True,2
Kucove,Ura Vajgurore,BR24,Ura Vajgurore - Poliçan - Ura Vajgurore,STAR TRANS OR,https://www.dpshtrr.al/operatoret/star-trans-or-shpk,L63204002T,Polican,SK-1,Ura Vajgurore,FR-19,11:00,11:42,42.5,35.5,1,"1,2,3,4,5,6,7",8/3/2026,60,0,0,True,1
Kukës,Bajram Curri,KU4,Kukës - Tiranë - Kukës,LACI KOMPANI,https://www.dpshtrr.al/operatoret/laci-kompani-shpk,L27917201V,Kukës,KU-1,Tiranë Veri-Jug,TR-2,05:30,08:11,161.9,134.9,1,"1,2,3,4,5,6,7",8/3/2026,60,0,0,True,1
Kukës,Bajram Curri,KU4,Kukës - Tiranë - Kukës,LACI KOMPANI,https://www.dpshtrr.al/operatoret/laci-kompani-shpk,L27917201V,Kukës,KU-1,Tiranë Veri-Jug,TR-2,06:00,08:41,161.9,134.9,1,"1,2,3,4,5,6,7",8/3/2026,60,0,0,True,1
Kukës,Bajram Curri,KU4,Kukës - Tiranë - Kukës,LACI KOMPANI,https://www.dpshtrr.al/operatoret/laci-kompani-shpk,L27917201V,Kukës,KU-1,Tiranë Veri-Jug,TR-2,07:00,09:41,161.9,134.9,1,"1,2,3,4,5,6,7",8/3/2026,60,0,0,True,1
Kukës,Bajram Curri,KU17,B. Curri – Kukës – B. Curri,eTransport,https://www.dpshtrr.al/operatoret-etransport,1,Kukës,KU-1,Bajram Curri,BC-1,00:00,01:55,115.3,96.1,1,"1,2,3,4,5,6,7",8/3/2026,60,0,0,True,0
Kukës,Bajram Curri,KU15,Kukës – Bajram Curri – Kukës,eTransport,https://www.dpshtrr.al/operatoret-etransport,1,Kukës,KU-1,Bajram Curri,BC-1,00:00,01:55,115.3,96.1,1,"1,2,3,4,5,6,7",8/3/2026,60,0,0,True,0
Kukës,Durrës,KU5,Kukës - Durrës - Kukës,FAT - 5,https://www.dpshtrr.al/operatoret/fat-5-shpk,K37509289U,Kukës,KU-1,Durrës Stacioni i Trenit,DR-1,07:00,10:02,182.3,151.8,1,"1,2,3,4,5,6,7",8/3/2026,60,0,0,True,0
Kukës,Durrës,TR66,Kamëz – Durrës – Kamëz,SHPRESA - AL,https://www.dpshtrr.al/operatoret/shpresa-al-shpk,K31321021N,Kamëz,TR-00096,Durrës Stacioni i Trenit,DR-1,10:30,11:19,49.3,41.0,1,"1,2,3,4,5,6,7",8/3/2026,60,0,0,True,1
Kukës,Durrës,KU2,Kukës - Elbasan - Kukës,EDI - ER 2016,https://www.dpshtrr.al/operatoret/edi-er-2016-shpk,L67731201U,Kukës,KU-1,Elbasan Pallati i Sportit,EL-3,06:00,09:33,213.7,178.1,1,"1,2,3,4,5,6,7",8/3/2026,60,0,0,True,2
Kukës,Elbasan,KU19,Kukës – Peshkopi – Kukës,FAT - 5,https://www.dpshtrr.al/operatoret/fat-5-shpk,K37509289U,Kukës,KU-1,Peshkopi,DI-3,08:00,09:28,88.5,73.8,1,"1,2,3,4,5,6,7",8/3/2026,60,0,0,True,2
Kukës,Elbasan,DI14,Bulqizë – Peshkopi – Bulqizë,LEOGITA TRANS,https://www.dpshtrr.al/operatoret/leo-gita-trans-shpk,L47307701I,Peshkopi,DI-3,Bulqizë,BZ-1,09:30,10:25,55.7,46.4,1,"1,2,3,4,5,6,7",8/3/2026,60,0,0,True,2
Kukës,Elbasan,KU1,Kukës - Shkodër - Kukës,VËLLEZËRIT KOPANI,http://dpshtrr.al,L17525201C,Kukës,KU-1,Shkodër,SH-15,07:00,09:51,171.5,142.9,1,"1,2,3,4,5,6,7",8/3/2026,60,0,0,True,1
Kukës,Elbasan,KU2,Kukës - Elbasan - Kukës,EDI - ER 2016,https://www.dpshtrr.al/operatoret/edi-er-2016-shpk,L67731201U,Kukës,KU-1,Elbasan Pallati i Sportit,EL-3,07:20,10:53,213.7,178.1,1,"1,2,3,4,5,6,7",8/3/2026,60,0,0,True,0
Kukës,Kamëz,KU3,Kukës - Kamzë - Kukës,FAT - 5,https://www.dpshtrr.al/operatoret/fat-5-shpk,K37509289U,Kukës,KU-1,Kamëz,TR-00096,09:45,12:20,155.1,129.2,1,"1,2,3,4,5,6,7",8/3/2026,60,0,0,True,0
Kukës,Kamëz,KU3,Kukës - Kamzë - Kukës,FAT - 5,https://www.dpshtrr.al/operatoret/fat-5-shpk,K37509289U,Kukës,KU-1,Kamëz,TR-00096,10:45,13:20,155.1,129.2,1,"1,2,3,4,5,6,7",8/3/2026,60,0,0,True,0
Kukës,Kamëz,TR67,Kamëz – Kukës – Kamëz,BUZMADHE,https://www.dpshtrr.al/operatoret/buzmadhe-shpk,L62419007A,Kukës,KU-1,Kamëz,TR-00096,11:45,14:20,155.1,129.2,1,"1,2,3,4,5,6,7",8/3/2026,60,0,0,True,0
Kukës,Krumë,KU6,Kukës - Krumë - Kukës,FAT - 5,https://www.dpshtrr.al/operatoret/fat-5-shpk,K37509289U,Kukës,KU-1,Krumë,KRU-4,07:00,07:34,34.7,28.9,1,"1,2,3,4,5,6,7",8/3/2026,60,0,0,True,0
Kukës,Krumë,KU6,Kukës - Krumë - Kukës,FAT - 5,https://www.dpshtrr.al/operatoret/fat-5-shpk,K37509289U,Kukës,KU-1,Krumë,KRU-4,08:00,08:34,34.7,28.9,1,"1,2,3,4,5,6,7",8/3/2026,60,0,0,True,0
Kukës,Krumë,KU14,Krumë - Kukës - Krumë,NELI TOURS,https://www.dpshtrr.al/operatoret/neli-tours,L47027901T,Kukës,KU-1,Krumë,KRU-4,09:00,09:34,34.7,28.9,1,"1,2,3,4,5,6,7",8/3/2026,60,0,0,True,0
Kukës,Peshkopi,KU19,Kukës – Peshkopi – Kukës,FAT - 5,https://www.dpshtrr.al/operatoret/fat-5-shpk,K37509289U,Kukës,KU-1,Peshkopi,DI-3,10:00,11:28,88.5,73.8,1,"1,2,3,4,5,6,7",8/3/2026,60,0,0,True,0
Kukës,Peshkopi,DI2,Peshkopi – Kukës – Peshkopi,ALBTRANS INTERNATIONAL,https://www.dpshtrr.al/operatoret/albtrans-international-shpk,L66605702P,Kukës,KU-1,Peshkopi,DI-3,12:00,13:28,88.5,73.7,1,"1,2,3,4,5,6,7",8/3/2026,60,0,0,True,0
Kukës,Peshkopi,DI2,Peshkopi – Kukës – Peshkopi,ALBTRANS INTERNATIONAL,https://www.dpshtrr.al/operatoret/albtrans-international-shpk,L66605702P,Kukës,KU-1,Peshkopi,DI-3,15:00,16:28,88.5,73.7,1,"1,2,3,4,5,6,7",8/3/2026,60,0,0,True,0
Kukës,Puke,KU20,Kukës – Pukë – Kukës,eTransport,https://www.dpshtrr.al/operatoret-etransport,1,Kukës,KU-1,Puke,PU-1,00:00,01:48,108.3,90.2,1,"1,2,3,4,5,6,7",8/3/2026,60,0,0,True,0
Kukës,Tiranë,EL34,Peqin –Elbasan  – Peqin,ALVA SHPK,https://www.dpshtrr.al/operatoret/alva-shpk,K49007105V,"Elbasan ""Kryqezimi i Cerrikut""",EL-4,Peqin,EL-7,13:10,13:51,41.4,34.5,1,"1,2,3,4,5,6,7",8/3/2026,60,0,0,True,4
Këlcyrë,Përmet,GJ13,Këlcyrë - Tiranë - Këlcyrë,FJOART TRAVEL,https://www.dpshtrr.al/operatoret/fjoart-travel-shpk,L39129201Q,Këlcyrë,PR-2,Tiranë Veri-Jug,TR-2,07:00,11:22,262.6,218.8,1,"1,2,3,4,5,6,7",8/3/2026,60,0,0,True,1
Këlcyrë,Përmet,GJ13,Këlcyrë - Tiranë - Këlcyrë,FJOART TRAVEL,https://www.dpshtrr.al/operatoret/fjoart-travel-shpk,L39129201Q,Këlcyrë,PR-2,Tiranë Veri-Jug,TR-2,09:00,13:22,262.6,218.8,1,"1,2,3,4,5,6,7",8/3/2026,60,0,0,True,1
Këlcyrë,Përmet,TR59,Tiranë – Këlcyrë – Tiranë,DHEMBELI,https://www.dpshtrr.al/operatoret/dhembeli-shpk,K11609007R,Këlcyrë,PR-2,Tiranë Veri-Jug,TR-2,11:00,15:22,262.6,218.8,1,"1,2,3,4,5,6,7",8/3/2026,60,0,0,True,1
Këlcyrë,Përmet,GJ32,Këlcyrë – Përmet – Këlcyrë,eTransport,https://www.dpshtrr.al/operatoret-etransport,1,Këlcyrë,PR-2,Përmet,PR-1,00:00,00:22,22.1,18.4,1,"1,2,3,4,5,6,7",8/3/2026,60,0,0,True,0
Këlcyrë,Përmet,GJ25,Përmet – Këlcyrë – Përmet,eTransport,https://www.dpshtrr.al/operatoret-etransport,1,Këlcyrë,PR-2,Përmet,PR-1,00:00,00:22,22.1,18.4,1,"1,2,3,4,5,6,7",8/3/2026,60,0,0,True,0
Këlcyrë,Tiranë,TR12,Tiranë – Durrës – Tiranë,EL ALBA - 1,https://www.dpshtrr.al/operatoret/elalba-1-shpk,K12202003J,Tiranë Veri-Jug,TR-2,Durrës Stacioni i Trenit,DR-1,15:30,16:12,42.4,35.3,1,"1,2,3,4,5,6,7",8/3/2026,60,0,0,True,3
Këlcyrë,Tiranë,GJ14,Përmet - Tiranë - Përmet,FJOART TRAVEL,https://www.dpshtrr.al/operatoret/fjoart-travel-shpk,L39129201Q,Përmet,PR-1,Tiranë Veri-Jug,TR-2,04:00,08:44,284.7,237.2,1,"1,2,3,4,5,6,7",8/4/2026,60,0,0,True,4
Këlcyrë,Tiranë,GJ17,Përmet - Vlorë - Përmet,PENTA OIL,http://dpshtrr.al,L06319202R,Përmet,PR-1,Vlorë,VL-28,04:30,07:11,161.3,134.4,1,"1,2,3,4,5,6,7",8/4/2026,60,0,0,True,4
Këlcyrë,Tiranë,GJ18,Përmet - Korçë- Përmet,ARSTAR TOURS,https://www.dpshtrr.al/operatoret/arstar-tours-shpk,K89224202G,Përmet,PR-1,Korçë,KO-2,07:00,09:30,150.6,125.5,1,"1,2,3,4,5,6,7",8/4/2026,60,0,0,True,2
Laç,Durrës,LE10,Laç - Tiranë - Laç,LASKA 1,https://www.dpshtrr.al/operatoret/laska-1-shpk,L17709301D,Laç,LA-3,Tiranë Veri-Jug,TR-2,05:30,06:17,47.7,39.8,1,"1,2,3,4,5,6,7",8/3/2026,60,0,0,True,1
Laç,Durrës,LE10,Laç - Tiranë - Laç,LASKA 1,https://www.dpshtrr.al/operatoret/laska-1-shpk,L17709301D,Laç,LA-3,Tiranë Veri-Jug,TR-2,06:00,06:47,47.7,39.8,1,"1,2,3,4,5,6,7",8/3/2026,60,0,0,True,1
Laç,Durrës,LE13,Laç - Durrës - Laç,LASKA 1,https://www.dpshtrr.al/operatoret/laska-1-shpk,L17709301D,Laç,LA-3,Durrës Stacioni i Trenit,DR-1,07:00,08:06,66.7,55.6,1,"1,2,3,4,5,6,7",8/3/2026,60,0,0,True,0
Laç,Durrës,LE10,Laç - Tiranë - Laç,LASKA 1,https://www.dpshtrr.al/operatoret/laska-1-shpk,L17709301D,Laç,LA-3,Tiranë Veri-Jug,TR-2,06:30,07:17,47.7,39.8,1,"1,2,3,4,5,6,7",8/3/2026,60,0,0,True,1
Laç,Durrës,LE13,Laç - Durrës - Laç,LASKA 1,https://www.dpshtrr.al/operatoret/laska-1-shpk,L17709301D,Laç,LA-3,Durrës Stacioni i Trenit,DR-1,07:30,08:36,66.7,55.6,1,"1,2,3,4,5,6,7",8/3/2026,60,0,0,True,0
Laç,Durrës,LE10,Laç - Tiranë - Laç,LASKA 1,https://www.dpshtrr.al/operatoret/laska-1-shpk,L17709301D,Laç,LA-3,Tiranë Veri-Jug,TR-2,07:00,07:47,47.7,39.8,1,"1,2,3,4,5,6,7",8/3/2026,60,0,0,True,1
Laç,Durrës,LE13,Laç - Durrës - Laç,LASKA 1,https://www.dpshtrr.al/operatoret/laska-1-shpk,L17709301D,Laç,LA-3,Durrës Stacioni i Trenit,DR-1,08:00,09:06,66.7,55.6,1,"1,2,3,4,5,6,7",8/3/2026,60,0,0,True,0
Laç,Durrës,LE10,Laç - Tiranë - Laç,LASKA 1,https://www.dpshtrr.al/operatoret/laska-1-shpk,L17709301D,Laç,LA-3,Tiranë Veri-Jug,TR-2,07:30,08:17,47.7,39.8,1,"1,2,3,4,5,6,7",8/3/2026,60,0,0,True,1
Laç,Durrës,LE10,Laç - Tiranë - Laç,LASKA 1,https://www.dpshtrr.al/operatoret/laska-1-shpk,L17709301D,Laç,LA-3,Tiranë Veri-Jug,TR-2,08:00,08:47,47.7,39.8,1,"1,2,3,4,5,6,7",8/3/2026,60,0,0,True,1
Laç,Durrës,LE10,Laç - Tiranë - Laç,LASKA 1,https://www.dpshtrr.al/operatoret/laska-1-shpk,L17709301D,Laç,LA-3,Tiranë Veri-Jug,TR-2,08:30,09:17,47.7,39.8,1,"1,2,3,4,5,6,7",8/3/2026,60,0,0,True,1
Laç,Durrës,LE15,Laç - Lezhë - Laç,LASKA 1,https://www.dpshtrr.al/operatoret/laska-1-shpk,L17709301D,Laç,LA-3,Lezhë (Katedralja),LE-1,06:30,06:54,24.2,20.2,1,"1,2,3,4,5,6,7",8/3/2026,60,0,0,True,2
Laç,Durrës,LE2,Lezhë - Tiranë - Lezhë,LINDA - 80,https://www.dpshtrr.al/operatoret/linda-80-shpk,K37513530U,Lezhë (Katedralja),LE-1,Tiranë Veri-Jug,TR-2,07:00,08:03,63.0,52.5,1,"1,2,3,4,5,6,7",8/3/2026,60,0,0,True,2
Laç,Kukës,LE12,Laç - Peshkopi- Laç,LASKA 1,https://www.dpshtrr.al/operatoret/laska-1-shpk,L17709301D,Laç,LA-3,Peshkopi,DI-3,05:00,07:19,139.7,116.4,1,"1,2,3,4,5,6,7",8/3/2026,60,0,0,True,1
Laç,Kukës,DI2,Peshkopi – Kukës – Peshkopi,ALBTRANS INTERNATIONAL,https://www.dpshtrr.al/operatoret/albtrans-international-shpk,L66605702P,Peshkopi,DI-3,Kukës,KU-1,07:30,08:58,88.5,73.8,1,"1,2,3,4,5,6,7",8/3/2026,60,0,0,True,1
Laç,Kukës,LE14,Laç - Kukës - Laç,LASKA 1,https://www.dpshtrr.al/operatoret/laska-1-shpk,L17709301D,Laç,LA-3,Kukës,KU-1,07:00,08:58,118.7,98.9,1,"1,2,3,4,5,6,7",8/3/2026,60,0,0,True,0
Laç,Kukës,LE12,Laç - Peshkopi- Laç,LASKA 1,https://www.dpshtrr.al/operatoret/laska-1-shpk,L17709301D,Laç,LA-3,Peshkopi,DI-3,08:00,10:19,139.7,116.4,1,"1,2,3,4,5,6,7",8/3/2026,60,0,0,True,1
Laç,Lezhë,LE15,Laç - Lezhë - Laç,LASKA 1,https://www.dpshtrr.al/operatoret/laska-1-shpk,L17709301D,Laç,LA-3,Lezhë (Katedralja),LE-1,07:00,07:24,24.2,20.2,1,"1,2,3,4,5,6,7",8/3/2026,60,0,0,True,0
Laç,Lezhë,TR35,Tiranë – Lezhë – Tiranë,Luna,https://www.dpshtrr.al/operatoret/lu-na-shpk,K31412087P,Tiranë Veri-Jug,TR-2,Lezhë (Katedralja),LE-1,06:30,07:32,62.3,51.9,1,"1,2,3,4,5,6,7",8/3/2026,60,0,0,True,1
Laç,Lezhë,LE15,Laç - Lezhë - Laç,LASKA 1,https://www.dpshtrr.al/operatoret/laska-1-shpk,L17709301D,Laç,LA-3,Lezhë (Katedralja),LE-1,07:30,07:54,24.2,20.2,1,"1,2,3,4,5,6,7",8/3/2026,60,0,0,True,0
Laç,Lezhë,LE15,Laç - Lezhë - Laç,LASKA 1,https://www.dpshtrr.al/operatoret/laska-1-shpk,L17709301D,Laç,LA-3,Lezhë (Katedralja),LE-1,10:30,10:54,24.2,20.2,1,"1,2,3,4,5,6,7",8/3/2026,60,0,0,True,0
Laç,Lezhë,LE11,Laç - Shkodër - Laç,LASKA 1,https://www.dpshtrr.al/operatoret/laska-1-shpk,L17709301D,Laç,LA-3,Shkodër,SH-15,06:00,07:10,70.2,58.4,1,"1,2,3,4,5,6,7",8/3/2026,60,0,0,True,1
Laç,Lezhë,ShK2,Shkodër - Lezhë - Shkodër,ROKI TOURS,https://www.dpshtrr.al/operatoret/roki-tours-shpk,L16306004D,Shkodër,SH-15,Lezhë Veri,LE-3,07:15,08:00,45.0,37.5,1,"1,2,3,4,5,6,7",8/3/2026,60,0,0,True,1
Laç,Lezhë,LE11,Laç - Shkodër - Laç,LASKA 1,https://www.dpshtrr.al/operatoret/laska-1-shpk,L17709301D,Laç,LA-3,Shkodër,SH-15,08:00,09:10,70.2,58.4,1,"1,2,3,4,5,6,7",8/3/2026,60,0,0,True,1
Laç,Lezhë,ShK13,Vau Dejës - Lezhë - Vau Dejës,VAU DEJËS,https://www.dpshtrr.al/operatoret/nordin-shpk,J97113015J,Vau i Dejës,SH-2,Lezhë Veri,LE-3,10:00,10:38,38.8,32.3,1,"1,2,3,4,5,6,7",8/3/2026,60,0,0,True,2
Laç,Peshkopi,LE7,Lezhë - Peshkopi - Lezhë,KEIVI TOURS,https://www.dpshtrr.al/operatoret/keivi-tours-shpk,L67617501L,Lezhë (Katedralja),LE-1,Peshkopi,DI-3,07:00,09:28,148.8,123.9,1,"1,2,3,4,5,6,7",8/3/2026,60,0,0,True,1
Laç,Rrëshen,LE16,Laç - Rrëshen - Laç,LASKA 1,https://www.dpshtrr.al/operatoret/laska-1-shpk,L17709301D,Laç,LA-3,Rrëshen,LA-2,07:00,07:37,37.8,31.5,1,"1,2,3,4,5,6,7",8/3/2026,60,0,0,True,0
Laç,Rrëshen,LE9,Lezhë - Rrëshen- Lezhë,LINDA - 80,https://www.dpshtrr.al/operatoret/linda-80-shpk,K37513530U,"Lezhë, Veri-Lindje",LE-2,Rrëshen,LA-2,09:00,09:48,48.0,40.0,1,"1,2,3,4,5,6,7",8/3/2026,60,0,0,True,1
Laç,Rrëshen,LE16,Laç - Rrëshen - Laç,LASKA 1,https://www.dpshtrr.al/operatoret/laska-1-shpk,L17709301D,Laç,LA-3,Rrëshen,LA-2,14:00,14:37,37.8,31.5,1,"1,2,3,4,5,6,7",8/3/2026,60,0,0,True,0
Leskovik,Korçë,KO22,Leskovik - Korçë - Leskovik,MELESINI,https://www.dpshtrr.al/operatoret/melesini-trans-shpk,L67926001M,Leskovik,KO-9,Korçë,KO-2,07:00,08:41,101.9,84.9,1,"1,2,3,4,5,6,7",8/3/2026,60,0,0,True,0
Leskovik,Korçë,KO20,Leskovik - Tiranë- Leskovik,LESKOVIK TRANS,https://www.dpshtrr.al/operatoret/leskovik-trans-shpk,L67916001I,Leskovik,KO-9,Tiranë Jug-Lindje,TR-1,06:30,11:16,286.4,236.8,1,"1,2,3,4,5,6,7",8/3/2026,60,0,0,True,2
Leskovik,Korçë,KO13,Pogradec - Tiranë - Pogradec,SHQIPONJA TRANS,https://www.dpshtrr.al/operatoret/shqiponja-trans-shpk,K53807603C,Tiranë Jug-Lindje,TR-1,Pogradec,PG-5,11:30,13:59,149.9,117.2,1,"1,2,3,4,5,6,7",8/3/2026,60,0,0,True,2
Leskovik,Korçë,KO16,Pogradec - Korçë - Pogradec,SHQIPONJA TRANS,https://www.dpshtrr.al/operatoret/shqiponja-trans-shpk,K53807603C,Pogradec,PG-5,Korçë,KO-2,14:00,14:45,45.8,38.1,1,"1,2,3,4,5,6,7",8/3/2026,60,0,0,True,2
Leskovik,Korçë,LE22,LESKOVIK – TIRANË - LESKOVIK (me kalim nga Kelcyra),KOPO TRANS,https://www.dpshtrr.al/operatoret/kopo-trans-shpk,L78921201C,Leskovik,KO-9,Tiranë Veri-Jug,TR-2,06:00,11:32,332.5,277.0,1,"1,2,3,4,5,6,7",8/3/2026,60,0,0,True,3
Leskovik,Korçë,DR17,Durrës – Kamëz – Durrës,AUTO DUKA TRANS,https://www.dpshtrr.al/operatoret/auto-duka-trans-shpk,L62415504J,Durrës Stacioni i Trenit,DR-1,Kamëz,TR-00096,12:45,13:31,46.3,38.6,1,"1,2,3,4,5,6,7",8/3/2026,60,0,0,True,3
Leskovik,Korçë,TR51,Tiranë – Leskovik – Tiranë,SHKOZA TRAVEL,https://www.dpshtrr.al/operatoret/shkoza-travel-shpk,L71516028J,Leskovik,KO-9,Tiranë Jug-Lindje,TR-1,12:00,16:49,289.3,236.8,1,"1,2,3,4,5,6,7",8/3/2026,60,0,0,True,1
Leskovik,Korçë,KO33,Korçë – Leskovik– Korçë,eTransport,https://www.dpshtrr.al/operatoret-etransport,1,Leskovik,KO-9,Korçë,KO-2,00:00,01:41,101.9,84.9,1,"1,2,3,4,5,6,7",8/3/2026,60,0,0,True,0
Leskovik,Korçë,KO29,Leskovik – Përmet – Leskovik,eTransport,https://www.dpshtrr.al/operatoret-etransport,1,Leskovik,KO-9,Përmet,PR-1,00:00,00:48,48.5,40.4,1,"1,2,3,4,5,6,7",8/3/2026,60,0,0,True,1
Leskovik,Korçë,TR82,TIRANË - LESKOVIK - TIRANË  (me kalim nga Kelcyra),KOPO TRANS,https://www.dpshtrr.al/operatoret/kopo-trans-shpk,L78921201C,Leskovik,KO-9,Tiranë Veri-Jug,TR-2,15:00,20:32,332.5,277.0,1,"1,2,3,4,5,6,7",8/3/2026,60,0,0,True,2
Leskovik,Korçë,TR18,Tiranë – Sarandë – Tiranë (me kalim nga Muzina),TISA,https://www.dpshtrr.al/operatoret/tisa-shpk,K31520093K,Tiranë Veri-Jug,TR-2,Sarandë,SR-7,22:00,02:49,289.8,280.0,1,"1,2,3,4,5,6,7",8/3/2026,60,0,0,True,2
Leskovik,Korçë,KO1,Korçë - Sarandë - Korçë,MORAVA 93,https://www.dpshtrr.al/operatoret/morava-93-shpk,K33804004D,Sarandë,SR-7,Korçë,KO-2,05:30,09:51,261.9,218.2,1,"1,2,3,4,5,6,7",8/4/2026,60,0,0,True,2
Leskovik,Përmet,VL28,Sarandë - Përmet - Sarandë,ARJONI - TRAVEL,https://www.dpshtrr.al/operatoret/arjoni-travel,L23913803A,Sarandë,SR-7,Përmet,PR-1,07:30,09:22,112.7,93.9,1,"1,2,3,4,5,6,7",8/4/2026,60,0,0,True,2
Leskovik,Tiranë,TR28,Tiranë – Lushnjë – Tiranë,PIKO,https://www.dpshtrr.al/operatoret/piko-shpk,K22301006J,Tiranë Veri-Jug,TR-2,Lushnjë,LU-1,05:40,07:18,98.1,81.7,1,"1,2,3,4,5,6,7",8/4/2026,60,0,0,True,3
Leskovik,Tiranë,ShK4,Shkodër - Rinas - Shkodër,HERMES AEROPORT,https://www.dpshtrr.al/operatoret/hermes-aeroport-shpk,L67324202E,Shkodër,SH-15,Rinas Aeroport,TR-4,03:00,04:39,99.7,83.1,1,"1,2,3,4,5,6,7",8/4/2026,60,0,0,True,3
Leskovik,Tiranë,TR12,Tiranë – Durrës – Tiranë,EL ALBA - 1,https://www.dpshtrr.al/operatoret/elalba-1-shpk,K12202003J,Tiranë Veri-Jug,TR-2,Durrës Stacioni i Trenit,DR-1,21:00,21:42,42.4,35.3,1,"1,2,3,4,5,6,7",8/3/2026,60,0,0,True,2
Leskovik,Tiranë,EL58,Elbasan – Shijak – Elbasan (pa të drejtë hyrje në Durrës),eTransport,https://www.dpshtrr.al/operatoret-etransport,1,Elbasan Pallati i Sportit,EL-3,Shijak,DR-16,00:00,01:19,79.1,65.9,1,"1,2,3,4,5,6,7",8/3/2026,60,0,0,True,3
Leskovik,Tiranë,TR43,Tiranë – Elbasan – Tiranë,EL ALBA 2,https://www.dpshtrr.al/operatoret/elalba-2-shpk,K21402001V,Tiranë Jug-Lindje,TR-1,"Elbasan ""Kryqezimi i Cerrikut""",EL-4,13:00,13:49,49.7,33.7,1,"1,2,3,4,5,6,7",8/3/2026,60,0,0,True,3
Leskovik,Tiranë,TR3,Tiranë – Shkodër – Tiranë,EL ALBA - 1,https://www.dpshtrr.al/operatoret/elalba-1-shpk,K12202003J,Tiranë Veri-Jug,TR-2,Shkodër,SH-15,05:30,07:18,108.2,90.2,1,"1,2,3,4,5,6,7",8/4/2026,60,0,0,True,2
Lezhë,Durrës,LE8,Lezhë - Laç- Lezhë,KEIVI TOURS,https://www.dpshtrr.al/operatoret/keivi-tours-shpk,L67617501L,"Lezhë, Veri-Lindje",LE-2,Laç,LA-3,06:30,06:53,23.6,19.7,1,"1,2,3,4,5,6,7",8/3/2026,60,0,0,True,1
Lezhë,Durrës,LE8,Lezhë - Laç- Lezhë,KEIVI TOURS,https://www.dpshtrr.al/operatoret/keivi-tours-shpk,L67617501L,"Lezhë, Veri-Lindje",LE-2,Laç,LA-3,07:00,07:23,23.6,19.7,1,"1,2,3,4,5,6,7",8/3/2026,60,0,0,True,1
Lezhë,Durrës,LE8,Lezhë - Laç- Lezhë,KEIVI TOURS,https://www.dpshtrr.al/operatoret/keivi-tours-shpk,L67617501L,"Lezhë, Veri-Lindje",LE-2,Laç,LA-3,07:30,07:53,23.6,19.7,1,"1,2,3,4,5,6,7",8/3/2026,60,0,0,True,1
Lezhë,Durrës,LE9,Lezhë - Rrëshen- Lezhë,LINDA - 80,https://www.dpshtrr.al/operatoret/linda-80-shpk,K37513530U,"Lezhë, Veri-Lindje",LE-2,Rrëshen,LA-2,07:00,07:48,48.0,40.0,1,"1,2,3,4,5,6,7",8/3/2026,60,0,0,True,1
Lezhë,Durrës,LE19,Rrëshen - Durrës - Rrëshen,JUSI-2,https://www.dpshtrr.al/operatoret/jusi-2-shpk,K09112009C,Rrëshen,LA-2,Durrës Stacioni i Trenit,DR-1,08:15,09:55,100.0,83.4,1,"1,2,3,4,5,6,7",8/3/2026,60,0,0,True,1
Lezhë,Durrës,LE9,Lezhë - Rrëshen- Lezhë,LINDA - 80,https://www.dpshtrr.al/operatoret/linda-80-shpk,K37513530U,"Lezhë, Veri-Lindje",LE-2,Rrëshen,LA-2,08:00,08:48,48.0,40.0,1,"1,2,3,4,5,6,7",8/3/2026,60,0,0,True,2
Lezhë,Durrës,LE17,Rrëshen - Tiranë - Rrëshen,JUSI-2,https://www.dpshtrr.al/operatoret/jusi-2-shpk,K09112009C,Rrëshen,LA-2,Tiranë Veri-Jug,TR-2,09:30,10:51,81.1,67.5,1,"1,2,3,4,5,6,7",8/3/2026,60,0,0,True,2
Lezhë,Durrës,LE8,Lezhë - Laç- Lezhë,KEIVI TOURS,https://www.dpshtrr.al/operatoret/keivi-tours-shpk,L67617501L,"Lezhë, Veri-Lindje",LE-2,Laç,LA-3,10:00,10:23,23.6,19.7,1,"1,2,3,4,5,6,7",8/3/2026,60,0,0,True,2
Lezhë,Durrës,TR2,Tiranë – Laç – Tiranë,Luna,https://www.dpshtrr.al/operatoret/lu-na-shpk,K31412087P,Laç,LA-3,Tiranë Veri-Jug,TR-2,10:30,11:17,47.7,39.8,1,"1,2,3,4,5,6,7",8/3/2026,60,0,0,True,2
Lezhë,Durrës,LE8,Lezhë - Laç- Lezhë,KEIVI TOURS,https://www.dpshtrr.al/operatoret/keivi-tours-shpk,L67617501L,"Lezhë, Veri-Lindje",LE-2,Laç,LA-3,10:30,10:53,23.6,19.7,1,"1,2,3,4,5,6,7",8/3/2026,60,0,0,True,2
Lezhë,Durrës,TR2,Tiranë – Laç – Tiranë,Luna,https://www.dpshtrr.al/operatoret/lu-na-shpk,K31412087P,Laç,LA-3,Tiranë Veri-Jug,TR-2,11:00,11:47,47.7,39.8,1,"1,2,3,4,5,6,7",8/3/2026,60,0,0,True,2
Lezhë,Durrës,LE8,Lezhë - Laç- Lezhë,KEIVI TOURS,https://www.dpshtrr.al/operatoret/keivi-tours-shpk,L67617501L,"Lezhë, Veri-Lindje",LE-2,Laç,LA-3,11:00,11:23,23.6,19.7,1,"1,2,3,4,5,6,7",8/3/2026,60,0,0,True,1
Lezhë,Durrës,DR27,Durrës – Laç – Durrës,EIGA,https://www.dpshtrr.al/operatoret/eiga-shpk,K51611501N,Laç,LA-3,Durrës Stacioni i Trenit,DR-1,12:00,13:07,67.0,55.8,1,"1,2,3,4,5,6,7",8/3/2026,60,0,0,True,1
Lezhë,Durrës,LE17,Rrëshen - Tiranë - Rrëshen,JUSI-2,https://www.dpshtrr.al/operatoret/jusi-2-shpk,K09112009C,Rrëshen,LA-2,Tiranë Veri-Jug,TR-2,08:00,09:21,81.1,67.5,1,"1,2,3,4,5,6,7",8/3/2026,60,0,0,True,2
Lezhë,Durrës,TR2,Tiranë – Laç – Tiranë,Luna,https://www.dpshtrr.al/operatoret/lu-na-shpk,K31412087P,Laç,LA-3,Tiranë Veri-Jug,TR-2,11:30,12:17,47.7,39.8,1,"1,2,3,4,5,6,7",8/3/2026,60,0,0,True,2
Lezhë,Durrës,LE2,Lezhë - Tiranë - Lezhë,LINDA - 80,https://www.dpshtrr.al/operatoret/linda-80-shpk,K37513530U,Lezhë (Katedralja),LE-1,Tiranë Veri-Jug,TR-2,06:00,07:03,63.0,52.5,1,"1,2,3,4,5,6,7",8/3/2026,60,0,0,True,1
Lezhë,Durrës,LE4,Lezhë - Durrës - Lezhë,LINDA - 80,https://www.dpshtrr.al/operatoret/linda-80-shpk,K37513530U,Lezhë (Katedralja),LE-1,Durrës Stacioni i Trenit,DR-1,07:30,08:51,82.0,68.3,1,"1,2,3,4,5,6,7",8/3/2026,60,0,0,True,0
Lezhë,Durrës,LE2,Lezhë - Tiranë - Lezhë,LINDA - 80,https://www.dpshtrr.al/operatoret/linda-80-shpk,K37513530U,Lezhë (Katedralja),LE-1,Tiranë Veri-Jug,TR-2,07:30,08:33,63.0,52.5,1,"1,2,3,4,5,6,7",8/3/2026,60,0,0,True,1
Lezhë,Durrës,LE2,Lezhë - Tiranë - Lezhë,LINDA - 80,https://www.dpshtrr.al/operatoret/linda-80-shpk,K37513530U,Lezhë (Katedralja),LE-1,Tiranë Veri-Jug,TR-2,08:00,09:03,63.0,52.5,1,"1,2,3,4,5,6,7",8/3/2026,60,0,0,True,1
Lezhë,Durrës,LE15,Laç - Lezhë - Laç,LASKA 1,https://www.dpshtrr.al/operatoret/laska-1-shpk,L17709301D,Lezhë (Katedralja),LE-1,Laç,LA-3,08:00,08:24,24.4,20.4,1,"1,2,3,4,5,6,7",8/3/2026,60,0,0,True,2
Lezhë,Durrës,LE4,Lezhë - Durrës - Lezhë,LINDA - 80,https://www.dpshtrr.al/operatoret/linda-80-shpk,K37513530U,Lezhë (Katedralja),LE-1,Durrës Stacioni i Trenit,DR-1,09:30,10:51,82.0,68.3,1,"1,2,3,4,5,6,7",8/3/2026,60,0,0,True,0
Lezhë,Durrës,LE2,Lezhë - Tiranë - Lezhë,LINDA - 80,https://www.dpshtrr.al/operatoret/linda-80-shpk,K37513530U,Lezhë (Katedralja),LE-1,Tiranë Veri-Jug,TR-2,09:00,10:03,63.0,52.5,1,"1,2,3,4,5,6,7",8/3/2026,60,0,0,True,1
Lezhë,Durrës,TR2,Tiranë – Laç – Tiranë,Luna,https://www.dpshtrr.al/operatoret/lu-na-shpk,K31412087P,Laç,LA-3,Tiranë Veri-Jug,TR-2,09:00,09:47,47.7,39.8,1,"1,2,3,4,5,6,7",8/3/2026,60,0,0,True,2
Lezhë,Durrës,TR35,Tiranë – Lezhë – Tiranë,Luna,https://www.dpshtrr.al/operatoret/lu-na-shpk,K31412087P,Lezhë (Katedralja),LE-1,Tiranë Veri-Jug,TR-2,10:00,11:03,63.0,52.5,1,"1,2,3,4,5,6,7",8/3/2026,60,0,0,True,1
Lezhë,Durrës,LE1,Lezhë - Shkodër - Lezhë,LINDA - 80,https://www.dpshtrr.al/operatoret/linda-80-shpk,K37513530U,Lezhë Veri,LE-3,Shkodër,SH-15,07:00,07:45,45.5,38.0,1,"1,2,3,4,5,6,7",8/3/2026,60,0,0,True,1
Lezhë,Durrës,LE3,Lezhë - Pukë - Lezhë,LINDA - 80,https://www.dpshtrr.al/operatoret/linda-80-shpk,K37513530U,Lezhë Veri,LE-3,Puke,PU-1,07:00,08:25,85.0,70.9,1,"1,2,3,4,5,6,7",8/3/2026,60,0,0,True,2
Lezhë,Durrës,TR5,Tiranë – Mjedë – Pukë – Tiranë,MARKAJ,https://www.dpshtrr.al/operatoret/markaj-shpk,K32313008R,Puke,PU-1,Tiranë Veri-Jug,TR-2,09:00,11:28,148.5,123.7,1,"1,2,3,4,5,6,7",8/3/2026,60,0,0,True,2
Lezhë,Durrës,LE1,Lezhë - Shkodër - Lezhë,LINDA - 80,https://www.dpshtrr.al/operatoret/linda-80-shpk,K37513530U,Lezhë Veri,LE-3,Shkodër,SH-15,09:00,09:45,45.5,38.0,1,"1,2,3,4,5,6,7",8/3/2026,60,0,0,True,2
Lezhë,Durrës,LE1,Lezhë - Shkodër - Lezhë,LINDA - 80,https://www.dpshtrr.al/operatoret/linda-80-shpk,K37513530U,Lezhë Veri,LE-3,Shkodër,SH-15,10:00,10:45,45.5,38.0,1,"1,2,3,4,5,6,7",8/3/2026,60,0,0,True,1
Lezhë,Durrës,ShK3,Shkodër - Durrës - Shkodër,ELJAN - SHKODRA,https://www.dpshtrr.al/operatoret/elian-shkodra-shpk,K86622004G,Shkodër,SH-15,Durrës Stacioni i Trenit,DR-1,11:00,13:07,127.4,106.1,1,"1,2,3,4,5,6,7",8/3/2026,60,0,0,True,1
Lezhë,Durrës,LE5,Lezhë - Fushë Arrëz - Lezhë,LINDA - 80,https://www.dpshtrr.al/operatoret/linda-80-shpk,K37513530U,Lezhë Veri,LE-3,Fushe- Arrez,SH-10,07:30,09:18,108.3,90.3,1,"1,2,3,4,5,6,7",8/3/2026,60,0,0,True,2
Lezhë,Durrës,LE1,Lezhë - Shkodër - Lezhë,LINDA - 80,https://www.dpshtrr.al/operatoret/linda-80-shpk,K37513530U,Lezhë Veri,LE-3,Shkodër,SH-15,11:00,11:45,45.5,38.0,1,"1,2,3,4,5,6,7",8/3/2026,60,0,0,True,2
Lezhë,Durrës,TR3,Tiranë – Shkodër – Tiranë,EL ALBA - 1,https://www.dpshtrr.al/operatoret/elalba-1-shpk,K12202003J,Shkodër,SH-15,Tiranë Veri-Jug,TR-2,12:00,13:48,108.5,90.4,1,"1,2,3,4,5,6,7",8/3/2026,60,0,0,True,2
Lezhë,Durrës,TR3,Tiranë – Shkodër – Tiranë,EL ALBA - 1,https://www.dpshtrr.al/operatoret/elalba-1-shpk,K12202003J,Shkodër,SH-15,Tiranë Veri-Jug,TR-2,12:30,14:18,108.5,90.4,1,"1,2,3,4,5,6,7",8/3/2026,60,0,0,True,2
Lezhë,Durrës,ShK1,Shkodër - Tiranë - Shkodër,ROZAFA ORTAKËT,https://www.dpshtrr.al/operatoret/rozafa-ortaket-shpk,K26702001R,Shkodër,SH-15,Tiranë Veri-Jug,TR-2,11:00,12:48,108.5,90.4,1,"1,2,3,4,5,6,7",8/3/2026,60,0,0,True,2
Lezhë,Fushe- Arrez,LE18,Rrëshen - Shkodër - Rrëshen,JUSI-2,https://www.dpshtrr.al/operatoret/jusi-2-shpk,K09112009C,Rrëshen,LA-2,Shkodër,SH-15,09:00,10:34,94.6,78.8,1,"1,2,3,4,5,6,7",8/3/2026,60,0,0,True,2
Lezhë,Fushe- Arrez,LE5,Lezhë - Fushë Arrëz - Lezhë,LINDA - 80,https://www.dpshtrr.al/operatoret/linda-80-shpk,K37513530U,Lezhë Veri,LE-3,Fushe- Arrez,SH-10,08:30,10:18,108.3,90.3,1,"1,2,3,4,5,6,7",8/3/2026,60,0,0,True,0
Lezhë,Fushe- Arrez,ShK8,Shkodër - Fushë Arrëz - Shkodër,ROKI TOURS,https://www.dpshtrr.al/operatoret/roki-tours-shpk,L16306004D,Shkodër,SH-15,Fushe- Arrez,SH-10,09:00,10:28,88.7,73.9,1,"1,2,3,4,5,6,7",8/3/2026,60,0,0,True,1
Lezhë,Kukës,DI5,Peshkopi – Lezhë – Peshkopi,BASHKIMI TRANS,https://www.dpshtrr.al/operatoret/bashkimi-trans-shpk,L77421701P,"Lezhë, Veri-Lindje",LE-2,Peshkopi,DI-3,12:00,14:29,149.9,124.9,1,"1,2,3,4,5,6,7",8/3/2026,60,0,0,True,1
Lezhë,Kukës,KU5,Kukës - Durrës - Kukës,FAT - 5,https://www.dpshtrr.al/operatoret/fat-5-shpk,K37509289U,Durrës Stacioni i Trenit,DR-1,Kukës,KU-1,13:30,16:32,182.6,152.1,1,"1,2,3,4,5,6,7",8/3/2026,60,0,0,True,2
Lezhë,Kukës,LE7,Lezhë - Peshkopi - Lezhë,KEIVI TOURS,https://www.dpshtrr.al/operatoret/keivi-tours-shpk,L67617501L,Lezhë (Katedralja),LE-1,Peshkopi,DI-3,06:00,08:28,148.8,123.9,1,"1,2,3,4,5,6,7",8/3/2026,60,0,0,True,1
Lezhë,Kukës,KU1,Kukës - Shkodër - Kukës,VËLLEZËRIT KOPANI,http://dpshtrr.al,L17525201C,Shkodër,SH-15,Kukës,KU-1,13:00,15:51,171.5,142.8,1,"1,2,3,4,5,6,7",8/3/2026,60,0,0,True,1
Lezhë,Kukës,KU4,Kukës - Tiranë - Kukës,LACI KOMPANI,https://www.dpshtrr.al/operatoret/laci-kompani-shpk,L27917201V,Tiranë Veri-Jug,TR-2,Kukës,KU-1,14:00,16:41,161.1,134.2,1,"1,2,3,4,5,6,7",8/3/2026,60,0,0,True,2
Lezhë,Kukës,KU1,Kukës - Shkodër - Kukës,VËLLEZËRIT KOPANI,http://dpshtrr.al,L17525201C,Shkodër,SH-15,Kukës,KU-1,15:00,17:51,171.5,142.8,1,"1,2,3,4,5,6,7",8/3/2026,60,0,0,True,1
Lezhë,Laç,LE20,Rrëshen - Laç - Rrëshen,JUSI-2,https://www.dpshtrr.al/operatoret/jusi-2-shpk,K09112009C,Rrëshen,LA-2,Laç,LA-3,09:00,09:37,38.0,31.6,1,"1,2,3,4,5,6,7",8/3/2026,60,0,0,True,1
Lezhë,Laç,LE8,Lezhë - Laç- Lezhë,KEIVI TOURS,https://www.dpshtrr.al/operatoret/keivi-tours-shpk,L67617501L,"Lezhë, Veri-Lindje",LE-2,Laç,LA-3,13:00,13:23,23.6,19.7,1,"1,2,3,4,5,6,7",8/3/2026,60,0,0,True,0
Lezhë,Laç,LE15,Laç - Lezhë - Laç,LASKA 1,https://www.dpshtrr.al/operatoret/laska-1-shpk,L17709301D,Lezhë (Katedralja),LE-1,Laç,LA-3,09:00,09:24,24.4,20.4,1,"1,2,3,4,5,6,7",8/3/2026,60,0,0,True,0
Lezhë,Laç,LE15,Laç - Lezhë - Laç,LASKA 1,https://www.dpshtrr.al/operatoret/laska-1-shpk,L17709301D,Lezhë (Katedralja),LE-1,Laç,LA-3,11:00,11:24,24.4,20.4,1,"1,2,3,4,5,6,7",8/3/2026,60,0,0,True,0
Lezhë,Laç,LE15,Laç - Lezhë - Laç,LASKA 1,https://www.dpshtrr.al/operatoret/laska-1-shpk,L17709301D,Lezhë (Katedralja),LE-1,Laç,LA-3,11:30,11:54,24.4,20.4,1,"1,2,3,4,5,6,7",8/3/2026,60,0,0,True,0
Lezhë,Laç,LE15,Laç - Lezhë - Laç,LASKA 1,https://www.dpshtrr.al/operatoret/laska-1-shpk,L17709301D,Lezhë (Katedralja),LE-1,Laç,LA-3,12:00,12:24,24.4,20.4,1,"1,2,3,4,5,6,7",8/3/2026,60,0,0,True,0
Lezhë,Laç,TR2,Tiranë – Laç – Tiranë,Luna,https://www.dpshtrr.al/operatoret/lu-na-shpk,K31412087P,Tiranë Veri-Jug,TR-2,Laç,LA-3,14:00,14:46,46.9,39.1,1,"1,2,3,4,5,6,7",8/3/2026,60,0,0,True,2
Lezhë,Laç,LE11,Laç - Shkodër - Laç,LASKA 1,https://www.dpshtrr.al/operatoret/laska-1-shpk,L17709301D,Shkodër,SH-15,Laç,LA-3,14:00,15:09,69.9,58.2,1,"1,2,3,4,5,6,7",8/3/2026,60,0,0,True,1
Lezhë,Peshkopi,DI5,Peshkopi – Lezhë – Peshkopi,BASHKIMI TRANS,https://www.dpshtrr.al/operatoret/bashkimi-trans-shpk,L77421701P,"Lezhë, Veri-Lindje",LE-2,Peshkopi,DI-3,13:00,15:29,149.9,124.9,1,"1,2,3,4,5,6,7",8/3/2026,60,0,0,True,0
Lezhë,Peshkopi,LE7,Lezhë - Peshkopi - Lezhë,KEIVI TOURS,https://www.dpshtrr.al/operatoret/keivi-tours-shpk,L67617501L,Lezhë (Katedralja),LE-1,Peshkopi,DI-3,09:00,11:28,148.8,123.9,1,"1,2,3,4,5,6,7",8/3/2026,60,0,0,True,0
Lezhë,Peshkopi,DI1,Peshkopi – Tiranë – Peshkopi,ARIU ARIU,https://www.dpshtrr.al/operatoret/ariu-ariu-shpk,L27418702D,Tiranë Veri-Jug,TR-2,Peshkopi,DI-3,12:40,14:45,125.8,104.8,1,"1,2,3,4,5,6,7",8/3/2026,60,0,0,True,2
Lezhë,Peshkopi,DI1,Peshkopi – Tiranë – Peshkopi,ARIU ARIU,https://www.dpshtrr.al/operatoret/ariu-ariu-shpk,L27418702D,Tiranë Veri-Jug,TR-2,Peshkopi,DI-3,13:20,15:25,125.8,104.8,1,"1,2,3,4,5,6,7",8/3/2026,60,0,0,True,2
Lezhë,Peshkopi,DI1,Peshkopi – Tiranë – Peshkopi,ARIU ARIU,https://www.dpshtrr.al/operatoret/ariu-ariu-shpk,L27418702D,Tiranë Veri-Jug,TR-2,Peshkopi,DI-3,14:00,16:05,125.8,104.8,1,"1,2,3,4,5,6,7",8/3/2026,60,0,0,True,2
Lezhë,Peshkopi,DI4,Peshkopi – Shkodër – Peshkopi,BASHKIMI TRANS,https://www.dpshtrr.al/operatoret/bashkimi-trans-shpk,L77421701P,Shkodër,SH-15,Peshkopi,DI-3,13:00,16:16,196.2,163.5,1,"1,2,3,4,5,6,7",8/3/2026,60,0,0,True,1
Lezhë,Peshkopi,ShK2,Shkodër - Lezhë - Shkodër,ROKI TOURS,https://www.dpshtrr.al/operatoret/roki-tours-shpk,L16306004D,Lezhë Veri,LE-3,Shkodër,SH-15,12:30,13:15,45.5,38.0,1,"1,2,3,4,5,6,7",8/3/2026,60,0,0,True,1
Lezhë,Peshkopi,DI4,Peshkopi – Shkodër – Peshkopi,BASHKIMI TRANS,https://www.dpshtrr.al/operatoret/bashkimi-trans-shpk,L77421701P,Shkodër,SH-15,Peshkopi,DI-3,14:00,17:16,196.2,163.5,1,"1,2,3,4,5,6,7",8/3/2026,60,0,0,True,1
Lezhë,Puke,ShK33,Pukë – Lezhë – Pukë,eTransport,https://www.dpshtrr.al/operatoret-etransport,1,Lezhë (Katedralja),LE-1,Puke,PU-1,00:00,01:24,84.7,70.6,1,"1,2,3,4,5,6,7",8/3/2026,60,0,0,True,0
Lezhë,Puke,ShK13,Vau Dejës - Lezhë - Vau Dejës,VAU DEJËS,https://www.dpshtrr.al/operatoret/nordin-shpk,J97113015J,Lezhë Veri,LE-3,Vau i Dejës,SH-2,12:00,12:30,30.1,32.3,1,"1,2,3,4,5,6,7",8/3/2026,60,0,0,True,1
Lezhë,Puke,ShK28,Pukë – Vau i Dejës – Pukë,eTransport,https://www.dpshtrr.al/operatoret-etransport,1,Vau i Dejës,SH-2,Puke,PU-1,00:00,00:46,46.1,38.4,1,"1,2,3,4,5,6,7",8/3/2026,60,0,0,True,1
Lezhë,Rrëshen,LE21,Rrëshen - Lezhë - Rrëshen,JUSI-2,https://www.dpshtrr.al/operatoret/jusi-2-shpk,K09112009C,Lezhë (Katedralja),LE-1,Rrëshen,LA-2,13:00,13:46,46.9,39.1,1,"1,2,3,4,5,6,7",8/3/2026,60,0,0,True,0
Lezhë,Rrëshen,LE17,Rrëshen - Tiranë - Rrëshen,JUSI-2,https://www.dpshtrr.al/operatoret/jusi-2-shpk,K09112009C,Tiranë Veri-Jug,TR-2,Rrëshen,LA-2,14:00,15:20,80.2,66.8,1,"1,2,3,4,5,6,7",8/3/2026,60,0,0,True,2
Lezhë,Rrëshen,LE17,Rrëshen - Tiranë - Rrëshen,JUSI-2,https://www.dpshtrr.al/operatoret/jusi-2-shpk,K09112009C,Tiranë Veri-Jug,TR-2,Rrëshen,LA-2,15:00,16:20,80.2,66.8,1,"1,2,3,4,5,6,7",8/3/2026,60,0,0,True,2
Lezhë,Rrëshen,LE18,Rrëshen - Shkodër - Rrëshen,JUSI-2,https://www.dpshtrr.al/operatoret/jusi-2-shpk,K09112009C,Shkodër,SH-15,Rrëshen,LA-2,15:00,16:34,94.3,78.6,1,"1,2,3,4,5,6,7",8/3/2026,60,0,0,True,1
Lezhë,Tiranë,TR66,Kamëz – Durrës – Kamëz,SHPRESA - AL,https://www.dpshtrr.al/operatoret/shpresa-al-shpk,K31321021N,Durrës Stacioni i Trenit,DR-1,Kamëz,TR-00096,09:00,09:46,46.3,38.6,1,"1,2,3,4,5,6,7",8/3/2026,60,0,0,True,3
Lezhë,Tiranë,ShK4,Shkodër - Rinas - Shkodër,HERMES AEROPORT,https://www.dpshtrr.al/operatoret/hermes-aeroport-shpk,L67324202E,Shkodër,SH-15,Rinas Aeroport,TR-4,18:30,20:09,99.7,83.1,1,"1,2,3,4,5,6,7",8/3/2026,60,0,0,True,2
Lezhë,Vau i Dejës,ShK10,Shkodër - Vau i Dejës - Shkodër,VELIPOJA EXPRESS,https://www.dpshtrr.al/operatoret/velipoja-ekspres-shpk,K26723001H,Shkodër,SH-15,Vau i Dejës,SH-2,10:30,10:49,19.1,16.0,1,"1,2,3,4,5,6,7",8/3/2026,60,0,0,True,2
Lezhë,Vau i Dejës,ShK17,Vau Dejës - Guri Zi - Shkodër - Vau Dejës,VAU DEJËS,https://www.dpshtrr.al/operatoret/nordin-shpk,J97113015J,Shkodër,SH-15,Vau i Dejës,SH-2,11:00,11:23,23.1,19.2,1,"1,2,3,4,5,6,7",8/3/2026,60,0,0,True,3
Lezhë,Vau i Dejës,ShK16,Vau Dejës - Krye Bushat - Shkodër - Vau Dejës,VAU DEJËS,https://www.dpshtrr.al/operatoret/nordin-shpk,J97113015J,Shkodër,SH-15,Vau i Dejës,SH-2,11:00,11:26,26.0,21.7,1,"1,2,3,4,5,6,7",8/3/2026,60,0,0,True,2
Lezhë,Vau i Dejës,ShK14,Vau Dejës - Tiranë - Vau Dejës,VAU DEJËS,https://www.dpshtrr.al/operatoret/nordin-shpk,J97113015J,Tiranë Veri-Jug,TR-2,Vau i Dejës,SH-2,10:00,11:41,101.5,84.5,1,"1,2,3,4,5,6,7",8/3/2026,60,0,0,True,2
Lezhë,Vau i Dejës,ShK10,Shkodër - Vau i Dejës - Shkodër,VELIPOJA EXPRESS,https://www.dpshtrr.al/operatoret/velipoja-ekspres-shpk,K26723001H,Shkodër,SH-15,Vau i Dejës,SH-2,13:40,13:59,19.1,16.0,1,"1,2,3,4,5,6,7",8/3/2026,60,0,0,True,3
Lezhë,Vau i Dejës,ShK17,Vau Dejës - Guri Zi - Shkodër - Vau Dejës,VAU DEJËS,https://www.dpshtrr.al/operatoret/nordin-shpk,J97113015J,Shkodër,SH-15,Vau i Dejës,SH-2,14:30,14:53,23.1,19.2,1,"1,2,3,4,5,6,7",8/3/2026,60,0,0,True,3
Lezhë,Vau i Dejës,ShK16,Vau Dejës - Krye Bushat - Shkodër - Vau Dejës,VAU DEJËS,https://www.dpshtrr.al/operatoret/nordin-shpk,J97113015J,Shkodër,SH-15,Vau i Dejës,SH-2,14:30,14:56,26.0,21.7,1,"1,2,3,4,5,6,7",8/3/2026,60,0,0,True,3
Lezhë,Vau i Dejës,ShK17,Vau Dejës - Guri Zi - Shkodër - Vau Dejës,VAU DEJËS,https://www.dpshtrr.al/operatoret/nordin-shpk,J97113015J,Shkodër,SH-15,Vau i Dejës,SH-2,11:30,11:53,23.1,19.2,1,"1,2,3,4,5,6,7",8/3/2026,60,0,0,True,3
Lezhë,Vau i Dejës,ShK17,Vau Dejës - Guri Zi - Shkodër - Vau Dejës,VAU DEJËS,https://www.dpshtrr.al/operatoret/nordin-shpk,J97113015J,Shkodër,SH-15,Vau i Dejës,SH-2,12:00,12:23,23.1,19.2,1,"1,2,3,4,5,6,7",8/3/2026,60,0,0,True,3
Lezhë,Vau i Dejës,ShK10,Shkodër - Vau i Dejës - Shkodër,VELIPOJA EXPRESS,https://www.dpshtrr.al/operatoret/velipoja-ekspres-shpk,K26723001H,Shkodër,SH-15,Vau i Dejës,SH-2,12:30,12:49,19.1,16.0,1,"1,2,3,4,5,6,7",8/3/2026,60,0,0,True,2
Lezhë,Vau i Dejës,ShK17,Vau Dejës - Guri Zi - Shkodër - Vau Dejës,VAU DEJËS,https://www.dpshtrr.al/operatoret/nordin-shpk,J97113015J,Shkodër,SH-15,Vau i Dejës,SH-2,08:00,08:23,23.1,19.2,1,"1,2,3,4,5,6,7",8/3/2026,60,0,0,True,1
Lezhë,Vau i Dejës,ShK17,Vau Dejës - Guri Zi - Shkodër - Vau Dejës,VAU DEJËS,https://www.dpshtrr.al/operatoret/nordin-shpk,J97113015J,Shkodër,SH-15,Vau i Dejës,SH-2,09:00,09:23,23.1,19.2,1,"1,2,3,4,5,6,7",8/3/2026,60,0,0,True,1
Lezhë,Velipojë,LE6,Lezhë - Velipojë - Lezhë,LEZHA - TRAVEL,https://www.dpshtrr.al/operatoret/lezha-travel-shpk,K88406502H,Lezhë Veri,LE-3,Velipojë,SH-1,14:00,14:46,46.6,38.8,1,"1,2,3,4,5,6,7",8/3/2026,60,0,0,True,3
Lezhë,Velipojë,LE6,Lezhë - Velipojë - Lezhë,LEZHA - TRAVEL,https://www.dpshtrr.al/operatoret/lezha-travel-shpk,K88406502H,Lezhë Veri,LE-3,Velipojë,SH-1,07:00,07:46,46.6,38.8,1,"1,2,3,4,5,6,7",8/4/2026,60,0,0,True,4
Libohovë,Gjirokastër,GJ12,Libohovë - Gjirokastër - Libohovë,LIBOHOVA,https://www.dpshtrr.al/operatoret/libohova-shpk,K23116607J,Libohovë,GJ-13,Gjirokastër,GJ-1,08:00,08:19,19.3,16.1,1,"1,2,3,4,5,6,7",8/3/2026,60,0,0,True,0
Libohovë,Gjirokastër,GJ33,Gjirokastër – Libohovë – Gjirokastër,VEDRA TOURS,https://www.dpshtrr.al,M42819601A,Libohovë,GJ-13,Gjirokastër,GJ-1,08:30,08:49,19.3,16.1,1,"1,2,3,4,5,6,7",8/3/2026,60,0,0,True,0
Libohovë,Gjirokastër,GJ12,Libohovë - Gjirokastër - Libohovë,LIBOHOVA,https://www.dpshtrr.al/operatoret/libohova-shpk,K23116607J,Libohovë,GJ-13,Gjirokastër,GJ-1,10:00,10:19,19.3,16.1,1,"1,2,3,4,5,6,7",8/3/2026,60,0,0,True,0
Libohovë,Gjirokastër,GJ33,Gjirokastër – Libohovë – Gjirokastër,VEDRA TOURS,https://www.dpshtrr.al,M42819601A,Libohovë,GJ-13,Gjirokastër,GJ-1,10:30,10:49,19.3,16.1,1,"1,2,3,4,5,6,7",8/3/2026,60,0,0,True,0
Libohovë,Gjirokastër,GJ12,Libohovë - Gjirokastër - Libohovë,LIBOHOVA,https://www.dpshtrr.al/operatoret/libohova-shpk,K23116607J,Libohovë,GJ-13,Gjirokastër,GJ-1,12:00,12:19,19.3,16.1,1,"1,2,3,4,5,6,7",8/3/2026,60,0,0,True,0
Libohovë,Gjirokastër,GJ33,Gjirokastër – Libohovë – Gjirokastër,VEDRA TOURS,https://www.dpshtrr.al,M42819601A,Libohovë,GJ-13,Gjirokastër,GJ-1,13:00,13:19,19.3,16.1,1,"1,2,3,4,5,6,7",8/3/2026,60,0,0,True,0
Libohovë,Gjirokastër,GJ33,Gjirokastër – Libohovë – Gjirokastër,VEDRA TOURS,https://www.dpshtrr.al,M42819601A,Libohovë,GJ-13,Gjirokastër,GJ-1,15:00,15:19,19.3,16.1,1,"1,2,3,4,5,6,7",8/3/2026,60,0,0,True,0
Libohovë,Gjirokastër,GJ12,Libohovë - Gjirokastër - Libohovë,LIBOHOVA,https://www.dpshtrr.al/operatoret/libohova-shpk,K23116607J,Libohovë,GJ-13,Gjirokastër,GJ-1,16:00,16:19,19.3,16.1,1,"1,2,3,4,5,6,7",8/3/2026,60,0,0,True,0
Libohovë,Tiranë,GJ11,Libohovë - Tiranë - Libohovë,SKENDI - 2014,https://www.dpshtrr.al/operatoret/skendi-2014-shpk,L53428602T,Libohovë,GJ-13,Tiranë Veri-Jug,TR-2,05:30,10:17,287.7,239.7,1,"1,2,3,4,5,6,7",8/3/2026,60,0,0,True,3
Libohovë,Tiranë,TR15,Tiranë – Gjirokastër – Tiranë,TIRKA 2000,https://www.dpshtrr.al/operatoret/tirka-2000-shpk,J72027001C,Gjirokastër,GJ-1,Tiranë Veri-Jug,TR-2,11:00,15:28,268.4,223.6,1,"1,2,3,4,5,6,7",8/3/2026,60,0,0,True,4
Libohovë,Tiranë,TR38,Tiranë – Libohovë – Tiranë,PIKO,https://www.dpshtrr.al/operatoret/piko-shpk,K22301006J,Libohovë,GJ-13,Tiranë Veri-Jug,TR-2,12:30,17:17,287.7,239.7,1,"1,2,3,4,5,6,7",8/3/2026,60,0,0,True,3
Libohovë,Tiranë,DR6,Durrës – Tiranë – Durrës,DEMOKRACIA 95,https://www.dpshtrr.al/operatoret/demokracia-95-shpk,K31601531F,Tiranë Veri-Jug,TR-2,Durrës Stacioni i Trenit,DR-1,17:20,18:02,42.4,35.3,1,"1,2,3,4,5,6,7",8/3/2026,60,0,0,True,3
Libohovë,Tiranë,TR15,Tiranë – Gjirokastër – Tiranë,TIRKA 2000,https://www.dpshtrr.al/operatoret/tirka-2000-shpk,J72027001C,Gjirokastër,GJ-1,Tiranë Veri-Jug,TR-2,14:30,18:58,268.4,223.6,1,"1,2,3,4,5,6,7",8/3/2026,60,0,0,True,4
Libohovë,Tiranë,DR6,Durrës – Tiranë – Durrës,DEMOKRACIA 95,https://www.dpshtrr.al/operatoret/demokracia-95-shpk,K31601531F,Tiranë Veri-Jug,TR-2,Durrës Stacioni i Trenit,DR-1,19:00,19:42,42.4,35.3,1,"1,2,3,4,5,6,7",8/3/2026,60,0,0,True,4
Libohovë,Tiranë,DR42,Durrës – Rinas (Aeroport) – Durrës,ADIS,https://www.dpshtrr.al/operatoret/adis-shpk,K31412511R,Durrës Stacioni i Trenit,DR-1,Rinas Aeroport,TR-4,21:00,21:41,41.0,34.2,1,"1,2,3,4,5,6,7",8/3/2026,60,0,0,True,4
Libohovë,Tiranë,TR33,Tiranë – Rinas (Aeroport) – Tiranë,Luna,https://www.dpshtrr.al/operatoret/lu-na-shpk,K31412087P,Rinas Aeroport,TR-4,Tirane Qendër Aeroport,TR-14,22:00,22:22,22.5,18.7,1,"1,2,3,4,5,6,7",8/3/2026,60,0,0,True,4
Libohovë,Tiranë,BR10,Kuçove – Gjirokaster  – Kuçove,FLORINDI,https://www.dpshtrr.al/operatoret/florindi-shpk,K78612101K,Gjirokastër,GJ-1,Kucove,BR-46,11:00,14:12,192.1,160.0,1,"1,2,3,4,5,6,7",8/3/2026,60,0,0,True,4
Libohovë,Tiranë,DR54,Shijak – Tiranë – Shijak,ERZENI TRANS,https://www.dpshtrr.al/operatoret/erzeni-trans-shpk,K31527595W,Tiranë Veri-Jug,TR-2,Shijak,DR-16,18:00,18:31,31.2,26.0,1,"1,2,3,4,5,6,7",8/3/2026,60,0,0,True,3
Libohovë,Tiranë,EL32,Peqin – Tiranë – Peqin,FLORIAN trans 2022,https://www.dpshtrr.al,M29711101H,Peqin,EL-7,Tiranë Jug-Lindje,TR-1,06:00,07:07,67.5,56.6,1,"1,2,3,4,5,6,7",8/4/2026,60,0,0,True,3
Libohovë,Tiranë,TR14,Tiranë – Fier – Tiranë,KLID EKSPRESS,https://www.dpshtrr.al/operatoret/klid-ekspres-shpk,K22301004Q,Fier,FR-8,Tiranë Veri-Jug,TR-2,15:00,17:09,129.0,107.5,1,"1,2,3,4,5,6,7",8/3/2026,60,0,0,True,2
Libohovë,Tiranë,TR14,Tiranë – Fier – Tiranë,KLID EKSPRESS,https://www.dpshtrr.al/operatoret/klid-ekspres-shpk,K22301004Q,Fier,FR-8,Tiranë Veri-Jug,TR-2,16:30,18:39,129.0,107.5,1,"1,2,3,4,5,6,7",8/3/2026,60,0,0,True,2
Libohovë,Tiranë,ShK4,Shkodër - Rinas - Shkodër,HERMES AEROPORT,https://www.dpshtrr.al/operatoret/hermes-aeroport-shpk,L67324202E,Rinas Aeroport,TR-4,Shkodër,SH-15,16:00,17:40,100.4,83.7,1,"1,2,3,4,5,6,7",8/3/2026,60,0,0,True,4
Librazhd,Durrës,EL39,Librazhd – Elbasan – Librazhd,PRODANI,https://www.dpshtrr.al/operatoret/prodani,K27713621J,Librazhd,LB-3,"Elbasan ""Kryqezimi i Cerrikut""",EL-4,07:00,07:29,30.0,25.0,1,"1,2,3,4,5,6,7",8/3/2026,60,0,0,True,3
Librazhd,Durrës,EL39,Librazhd – Elbasan – Librazhd,PRODANI,https://www.dpshtrr.al/operatoret/prodani,K27713621J,Librazhd,LB-3,"Elbasan ""Kryqezimi i Cerrikut""",EL-4,07:30,07:59,30.0,25.0,1,"1,2,3,4,5,6,7",8/3/2026,60,0,0,True,3
Librazhd,Durrës,EL21,Elbasan – Librazhd – Elbasan,NE-ER,https://www.dpshtrr.al/operatoret/ne-er-shpk,L52519213M,Librazhd,LB-3,"Elbasan ""Kryqezimi i Cerrikut""",EL-4,08:00,08:29,30.0,25.0,1,"1,2,3,4,5,6,7",8/3/2026,60,0,0,True,2
Librazhd,Durrës,EL36,Librazhd – Durrës – Librazhd,PRODANI,https://www.dpshtrr.al/operatoret/prodani,K27713621J,Librazhd,LB-3,Durrës (Plepa),DR-3,08:15,10:12,117.1,97.5,1,"1,2,3,4,5,6,7",8/3/2026,60,0,0,True,2
Librazhd,Durrës,DR56,Shijak – Durrës – Shijak,SHIJAKU & CO,https://www.dpshtrr.al/operatoret/shijakuco-shpk,L62413505H,Shijak,DR-16,Durrës Stacioni i Trenit,DR-1,13:30,13:47,17.1,14.2,1,"1,2,3,4,5,6,7",8/3/2026,60,0,0,True,1
Librazhd,Durrës,DR58,Shijak – Librazhd – Shijak,VËLLEZËRIT SHKALLA,https://www.dpshtrr.al/operatoret/vellezerit-shkalla,L01621503G,Librazhd,LB-3,Shijak,DR-16,12:45,15:00,135.4,112.8,1,"1,2,3,4,5,6,7",8/3/2026,60,0,0,True,1
Librazhd,Durrës,DR56,Shijak – Durrës – Shijak,SHIJAKU & CO,https://www.dpshtrr.al/operatoret/shijakuco-shpk,L62413505H,Shijak,DR-16,Durrës Stacioni i Trenit,DR-1,15:30,15:47,17.1,14.2,1,"1,2,3,4,5,6,7",8/3/2026,60,0,0,True,1
Librazhd,Durrës,DR13,Durrës – Librazhd – Durrës,TEUTA - 95,https://www.dpshtrr.al/operatoret/teuta-95-shpk,K31529513G,Librazhd,LB-3,Durrës (Plepa),DR-3,10:45,12:42,117.1,97.5,1,"1,2,3,4,5,6,7",8/3/2026,60,0,0,True,0
Librazhd,Elbasan,EL21,Elbasan – Librazhd – Elbasan,NE-ER,https://www.dpshtrr.al/operatoret/ne-er-shpk,L52519213M,Librazhd,LB-3,"Elbasan ""Kryqezimi i Cerrikut""",EL-4,10:30,10:59,30.0,25.0,1,"1,2,3,4,5,6,7",8/3/2026,60,0,0,True,0
Librazhd,Elbasan,EL35,Librazhd – Tiranë – Librazhd,MEGI 2001,https://www.dpshtrr.al/operatoret/megi-2001-shpk,K37510651K,Librazhd,LB-3,Tiranë Jug-Lindje,TR-1,06:30,07:38,68.3,56.9,1,"1,2,3,4,5,6,7",8/3/2026,60,0,0,True,1
Librazhd,Korçë,LB1,Librazhd-Pogradec-Korce-Librazhd,KLID EKSPRESS,https://www.dpshtrr.al/operatoret/klid-ekspres-shpk,K22301004Q,Librazhd,LB-3,Korçë,KO-2,07:00,08:59,119.7,99.7,1,"1,2,3,4,5,6,7",8/3/2026,60,0,0,True,0
Librazhd,Korçë,EL38,Librazhd – Korçë – Librazhd,KAMPULA,https://www.dpshtrr.al/operatoret/kampula-shpk,L28103601A,Librazhd,LB-3,Korçë,KO-2,07:00,08:59,119.7,99.7,1,"1,2,3,4,5,6,7",8/3/2026,60,0,0,True,0
Librazhd,Pogradec,TR41,Tiranë – Pogradec – Tiranë,KEI,https://www.dpshtrr.al/operatoret/kei-shpk,K72406011J,Tiranë Jug-Lindje,TR-1,Pogradec,PG-5,09:30,11:59,149.9,117.2,1,"1,2,3,4,5,6,7",8/3/2026,60,0,0,True,1
Librazhd,Tiranë,EL23,Prrenjas – Tiranë – Prrenjas,TRANSPORT BALLA 2002,https://www.dpshtrr.al/operatoret/transport-balla-2002-shpk,L58106601R,Prrenjas,LB-5,Tiranë Jug-Lindje,TR-1,08:15,09:56,101.5,85.1,1,"1,2,3,4,5,6,7",8/3/2026,60,0,0,True,1
Librazhd,Vlorë,VL14,Vlorë - Librazhd - Vlorë,ALESIO VL 2001,https://www.dpshtrr.al/operatoret/alesio-vl-2001-shpk,L17409208V,Librazhd,LB-3,Vlorë,VL-28,12:20,15:27,187.6,156.3,1,"1,2,3,4,5,6,7",8/3/2026,60,0,0,True,0
Lushnjë,Belsh,FR32,Lushnjë – Fier – Lushnjë,TRANSUDHËTARE,https://www.dpshtrr.al/operatoret/transudhetare-shpk,J64103414M,Lushnjë,LU-1,Fier,FR-8,06:20,06:53,33.6,28.0,1,"1,2,3,4,5,6,7",8/3/2026,60,0,0,True,3
Lushnjë,Belsh,FR27,Lushnjë – Durrës  – Lushnjë,KOHA EKSPRES,https://www.dpshtrr.al/operatoret/koha-ekspres-shpk,K34017402I,Lushnjë,LU-1,Durrës (Plepa),DR-3,06:45,07:38,53.2,44.3,1,"1,2,3,4,5,6,7",8/3/2026,60,0,0,True,2
Lushnjë,Belsh,FR32,Lushnjë – Fier – Lushnjë,TRANSUDHËTARE,https://www.dpshtrr.al/operatoret/transudhetare-shpk,J64103414M,Lushnjë,LU-1,Fier,FR-8,07:00,07:33,33.6,28.0,1,"1,2,3,4,5,6,7",8/3/2026,60,0,0,True,3
Lushnjë,Belsh,EL17,Elbasan – Belsh – Elbasan,LADI TRANS,https://www.dpshtrr.al/operatoret/ladi-trans-shpk,L33102203A,"Elbasan ""Kryqezimi i Cerrikut""",EL-4,Belsh,El-23,10:15,10:51,36.5,30.4,1,"1,2,3,4,5,6,7",8/3/2026,60,0,0,True,2
Lushnjë,Divjake,FR31,Lushnjë – Divjakë – Lushnjë,META 2017,https://www.dpshtrr.al/operatoret/meta-2017-shpk,L77510901V,Lushnjë,LU-1,Divjake,DV-1,07:00,07:33,33.8,28.1,1,"1,2,3,4,5,6,7",8/3/2026,60,0,0,True,0
Lushnjë,Divjake,FR31,Lushnjë – Divjakë – Lushnjë,META 2017,https://www.dpshtrr.al/operatoret/meta-2017-shpk,L77510901V,Lushnjë,LU-1,Divjake,DV-1,08:00,08:33,33.8,28.1,1,"1,2,3,4,5,6,7",8/3/2026,60,0,0,True,0
Lushnjë,Divjake,FR31,Lushnjë – Divjakë – Lushnjë,META 2017,https://www.dpshtrr.al/operatoret/meta-2017-shpk,L77510901V,Lushnjë,LU-1,Divjake,DV-1,09:00,09:33,33.8,28.1,1,"1,2,3,4,5,6,7",8/3/2026,60,0,0,True,0
Lushnjë,Divjake,FR31,Lushnjë – Divjakë – Lushnjë,META 2017,https://www.dpshtrr.al/operatoret/meta-2017-shpk,L77510901V,Lushnjë,LU-1,Divjake,DV-1,10:00,10:33,33.8,28.1,1,"1,2,3,4,5,6,7",8/3/2026,60,0,0,True,0
Lushnjë,Divjake,FR22,Divjakë – Lushnje  – Divjakë,FAZANËT E DIVJAKËS,https://www.dpshtrr.al/operatoret/fazanet-e-divjakes-shpk,K33927402O,Lushnjë,LU-1,Divjake,DV-1,12:00,12:33,33.8,28.1,1,"1,2,3,4,5,6,7",8/3/2026,60,0,0,True,0
Lushnjë,Divjake,FR22,Divjakë – Lushnje  – Divjakë,FAZANËT E DIVJAKËS,https://www.dpshtrr.al/operatoret/fazanet-e-divjakes-shpk,K33927402O,Lushnjë,LU-1,Divjake,DV-1,12:30,13:03,33.8,28.1,1,"1,2,3,4,5,6,7",8/3/2026,60,0,0,True,0
Lushnjë,Divjake,FR22,Divjakë – Lushnje  – Divjakë,FAZANËT E DIVJAKËS,https://www.dpshtrr.al/operatoret/fazanet-e-divjakes-shpk,K33927402O,Lushnjë,LU-1,Divjake,DV-1,13:00,13:33,33.8,28.1,1,"1,2,3,4,5,6,7",8/3/2026,60,0,0,True,0
Lushnjë,Divjake,FR22,Divjakë – Lushnje  – Divjakë,FAZANËT E DIVJAKËS,https://www.dpshtrr.al/operatoret/fazanet-e-divjakes-shpk,K33927402O,Lushnjë,LU-1,Divjake,DV-1,14:00,14:33,33.8,28.1,1,"1,2,3,4,5,6,7",8/3/2026,60,0,0,True,0
Lushnjë,Durrës,FR23,Lushnjë – Tiranë – Lushnjë,KOHA EKSPRES,https://www.dpshtrr.al/operatoret/koha-ekspres-shpk,K34017402I,Lushnjë,LU-1,Tiranë Veri-Jug,TR-2,06:00,07:35,95.8,79.8,1,"1,2,3,4,5,6,7",8/3/2026,60,0,0,True,1
Lushnjë,Durrës,FR23,Lushnjë – Tiranë – Lushnjë,KOHA EKSPRES,https://www.dpshtrr.al/operatoret/koha-ekspres-shpk,K34017402I,Lushnjë,LU-1,Tiranë Veri-Jug,TR-2,06:30,08:05,95.8,79.8,1,"1,2,3,4,5,6,7",8/3/2026,60,0,0,True,1
Lushnjë,Korçë,FR29,Lushnjë – Korçë – Lushnjë,TRANSLUKS,https://www.dpshtrr.al/operatoret/trans-luks,K74128402B,Lushnjë,LU-1,Korçë,KO-2,05:00,08:39,219.7,183.1,1,"1,2,3,4,5,6,7",8/3/2026,60,0,0,True,0
Lushnjë,Korçë,FR29,Lushnjë – Korçë – Lushnjë,TRANSLUKS,https://www.dpshtrr.al/operatoret/trans-luks,K74128402B,Lushnjë,LU-1,Korçë,KO-2,06:00,09:39,219.7,183.1,1,"1,2,3,4,5,6,7",8/3/2026,60,0,0,True,0
Lushnjë,Sarandë,FR28,Lushnjë – Sarandë – Lushnjë,BLEXH.SH SHARRA TRAVEL,https://www.dpshtrr.al/operatoret/blexhsh-sharra-travel-shpk,L14527402D,Lushnjë,LU-1,Sarandë,SR-7,05:30,09:04,214.9,179.0,1,"1,2,3,4,5,6,7",8/3/2026,60,0,0,True,0
Lushnjë,Sarandë,FR28,Lushnjë – Sarandë – Lushnjë,BLEXH.SH SHARRA TRAVEL,https://www.dpshtrr.al/operatoret/blexhsh-sharra-travel-shpk,L14527402D,Lushnjë,LU-1,Sarandë,SR-7,06:30,10:04,214.9,179.0,1,"1,2,3,4,5,6,7",8/3/2026,60,0,0,True,0
Lushnjë,Sarandë,FR26,Lushnjë – Vlorë – Lushnjë,TRANSUDHËTARE,https://www.dpshtrr.al/operatoret/transudhetare-shpk,J64103414M,Lushnjë,LU-1,Vlorë,VL-28,06:30,07:55,85.1,70.9,1,"1,2,3,4,5,6,7",8/3/2026,60,0,0,True,1
Maliq,Durrës,KO23,Maliq - Tiranë - Maliq,DINKO,https://www.dpshtrr.al/operatoret/dinko-shpk,L74812002L,Maliq,KO-12,Tiranë Jug-Lindje,TR-1,05:45,08:37,172.3,144.0,1,"1,2,3,4,5,6,7",8/3/2026,60,0,0,True,4
Maliq,Durrës,TR54,Tiranë – Maliq – Tiranë,LIONEL TRAVEL,https://www.dpshtrr.al/operatoret/lionel-travel-shpk,L72002020A,Maliq,KO-12,Tiranë Jug-Lindje,TR-1,11:00,13:52,172.3,144.1,1,"1,2,3,4,5,6,7",8/3/2026,60,0,0,True,3
Maliq,Durrës,TR43,Tiranë – Elbasan – Tiranë,EL ALBA 2,https://www.dpshtrr.al/operatoret/elalba-2-shpk,K21402001V,Tiranë Jug-Lindje,TR-1,"Elbasan ""Kryqezimi i Cerrikut""",EL-4,14:00,14:49,49.7,33.7,1,"1,2,3,4,5,6,7",8/3/2026,60,0,0,True,3
Maliq,Durrës,DR55,Shijak – Elbasan – Shijak,PALI TRANS 2013,http://dpshtrr.al,L32112504F,"Elbasan ""Kryqezimi i Cerrikut""",EL-4,Shijak,DR-16,15:00,16:20,80.4,67.0,1,"1,2,3,4,5,6,7",8/3/2026,60,0,0,True,3
Maliq,Durrës,TR54,Tiranë – Maliq – Tiranë,LIONEL TRAVEL,https://www.dpshtrr.al/operatoret/lionel-travel-shpk,L72002020A,Maliq,KO-12,Tiranë Jug-Lindje,TR-1,14:00,16:52,172.3,144.1,1,"1,2,3,4,5,6,7",8/3/2026,60,0,0,True,3
Maliq,Durrës,DR56,Shijak – Durrës – Shijak,SHIJAKU & CO,https://www.dpshtrr.al/operatoret/shijakuco-shpk,L62413505H,Shijak,DR-16,Durrës Stacioni i Trenit,DR-1,06:30,06:47,17.1,14.2,1,"1,2,3,4,5,6,7",8/4/2026,60,0,0,True,3
Maliq,Durrës,KO30,Maliq – Durrës - Maliq,eTransport,https://www.dpshtrr.al/operatoret-etransport,1,Maliq,KO-12,Durrës (Plepa),DR-3,00:00,03:18,198.7,165.5,1,"1,2,3,4,5,6,7",8/3/2026,60,0,0,True,2
Maliq,Durrës,KO31,Maliq – Pogradec - Maliq,eTransport,https://www.dpshtrr.al/operatoret-etransport,1,Maliq,KO-12,Pogradec,PG-5,00:00,00:33,33.3,27.7,1,"1,2,3,4,5,6,7",8/3/2026,60,0,0,True,3
Maliq,Durrës,KO16,Pogradec - Korçë - Pogradec,SHQIPONJA TRANS,https://www.dpshtrr.al/operatoret/shqiponja-trans-shpk,K53807603C,Pogradec,PG-5,Korçë,KO-2,06:20,07:05,45.8,38.1,1,"1,2,3,4,5,6,7",8/4/2026,60,0,0,True,3
Maliq,Durrës,DR5,Durrës – Elbasan – Durrës,TEUTA - 95,https://www.dpshtrr.al/operatoret/teuta-95-shpk,K31529513G,"Elbasan ""Kryqezimi i Cerrikut""",EL-4,Durrës (Plepa),DR-3,15:35,17:09,94.8,79.0,1,"1,2,3,4,5,6,7",8/3/2026,60,0,0,True,2
Maliq,Durrës,TR43,Tiranë – Elbasan – Tiranë,EL ALBA 2,https://www.dpshtrr.al/operatoret/elalba-2-shpk,K21402001V,Tiranë Jug-Lindje,TR-1,"Elbasan ""Kryqezimi i Cerrikut""",EL-4,19:45,20:34,49.7,33.7,1,"1,2,3,4,5,6,7",8/3/2026,60,0,0,True,2
Maliq,Pogradec,KO13,Pogradec - Tiranë - Pogradec,SHQIPONJA TRANS,https://www.dpshtrr.al/operatoret/shqiponja-trans-shpk,K53807603C,Tiranë Jug-Lindje,TR-1,Pogradec,PG-5,14:30,16:59,149.9,117.2,1,"1,2,3,4,5,6,7",8/3/2026,60,0,0,True,1
Maliq,Tiranë,KO13,Pogradec - Tiranë - Pogradec,SHQIPONJA TRANS,https://www.dpshtrr.al/operatoret/shqiponja-trans-shpk,K53807603C,Pogradec,PG-5,Tiranë Jug-Lindje,TR-1,05:00,07:19,139.3,116.5,1,"1,2,3,4,5,6,7",8/4/2026,60,0,0,True,1
Maliq,Tiranë,TR12,Tiranë – Durrës – Tiranë,EL ALBA - 1,https://www.dpshtrr.al/operatoret/elalba-1-shpk,K12202003J,Durrës Stacioni i Trenit,DR-1,Tiranë Veri-Jug,TR-2,17:00,17:40,40.2,33.5,1,"1,2,3,4,5,6,7",8/3/2026,60,0,0,True,4
Manëz,Tiranë,DR38,Manëz – Tiranë – Manëz,AXHAMI,https://www.dpshtrr.al/operatoret/axhamico-shpk,K41523513A,Manëz,MA-0001,Tiranë Veri-Jug,TR-2,06:30,06:58,28.9,24.1,1,"1,2,3,4,5,6,7",8/3/2026,60,0,0,True,3
Manëz,Tiranë,DR38,Manëz – Tiranë – Manëz,AXHAMI,https://www.dpshtrr.al/operatoret/axhamico-shpk,K41523513A,Manëz,MA-0001,Tiranë Veri-Jug,TR-2,07:30,07:58,28.9,24.1,1,"1,2,3,4,5,6,7",8/3/2026,60,0,0,True,3
Manëz,Tiranë,TR49,Tiranë – Manëz – Tiranë,GREEN BUS,https://www.dpshtrr.al/operatoret/green-bus-travel,L81523015O,Manëz,MA-0001,Tiranë Veri-Jug,TR-2,09:30,09:58,28.1,23.4,1,"1,2,3,4,5,6,7",8/3/2026,60,0,0,True,3
Manëz,Tiranë,DR38,Manëz – Tiranë – Manëz,AXHAMI,https://www.dpshtrr.al/operatoret/axhamico-shpk,K41523513A,Manëz,MA-0001,Tiranë Veri-Jug,TR-2,10:30,10:58,28.9,24.1,1,"1,2,3,4,5,6,7",8/3/2026,60,0,0,True,3
Manëz,Tiranë,TR49,Tiranë – Manëz – Tiranë,GREEN BUS,https://www.dpshtrr.al/operatoret/green-bus-travel,L81523015O,Manëz,MA-0001,Tiranë Veri-Jug,TR-2,11:30,11:58,28.1,23.4,1,"1,2,3,4,5,6,7",8/3/2026,60,0,0,True,3
Manëz,Tiranë,DR38,Manëz – Tiranë – Manëz,AXHAMI,https://www.dpshtrr.al/operatoret/axhamico-shpk,K41523513A,Manëz,MA-0001,Tiranë Veri-Jug,TR-2,12:30,12:58,28.9,24.1,1,"1,2,3,4,5,6,7",8/3/2026,60,0,0,True,3
Manëz,Tiranë,TR49,Tiranë – Manëz – Tiranë,GREEN BUS,https://www.dpshtrr.al/operatoret/green-bus-travel,L81523015O,Manëz,MA-0001,Tiranë Veri-Jug,TR-2,13:30,13:58,28.1,23.4,1,"1,2,3,4,5,6,7",8/3/2026,60,0,0,True,3
Manëz,Tiranë,TR49,Tiranë – Manëz – Tiranë,GREEN BUS,https://www.dpshtrr.al/operatoret/green-bus-travel,L81523015O,Manëz,MA-0001,Tiranë Veri-Jug,TR-2,15:30,15:58,28.1,23.4,1,"1,2,3,4,5,6,7",8/3/2026,60,0,0,True,3
Memaliaj,Gjirokastër,GJ22,Memaliaj - Sarandë - Memaliaj,GREEN BUS,https://www.dpshtrr.al/operatoret/green-bus-travel,L81523015O,Memaliaj,GJ-9,Sarandë,SR-7,10:45,12:10,85.3,71.1,1,"1,2,3,4,5,6,7",8/3/2026,60,0,0,True,1
Memaliaj,Gjirokastër,GJ21,Memaliaj - Tiranë - Memaliaj,B.E.S TRAVEL,https://www.dpshtrr.al/operatoret/bes-travel-shpk,L69007501Q,Memaliaj,GJ-9,Tiranë Veri-Jug,TR-2,08:00,11:46,226.7,188.8,1,"1,2,3,4,5,6,7",8/3/2026,60,0,0,True,1
Memaliaj,Gjirokastër,GJ21,Memaliaj - Tiranë - Memaliaj,B.E.S TRAVEL,https://www.dpshtrr.al/operatoret/bes-travel-shpk,L69007501Q,Memaliaj,GJ-9,Tiranë Veri-Jug,TR-2,09:00,12:46,226.7,188.8,1,"1,2,3,4,5,6,7",8/3/2026,60,0,0,True,1
Memaliaj,Gjirokastër,GJ22,Memaliaj - Sarandë - Memaliaj,GREEN BUS,https://www.dpshtrr.al/operatoret/green-bus-travel,L81523015O,Memaliaj,GJ-9,Sarandë,SR-7,11:45,13:10,85.3,71.1,1,"1,2,3,4,5,6,7",8/3/2026,60,0,0,True,1
Memaliaj,Gjirokastër,GJ21,Memaliaj - Tiranë - Memaliaj,B.E.S TRAVEL,https://www.dpshtrr.al/operatoret/bes-travel-shpk,L69007501Q,Memaliaj,GJ-9,Tiranë Veri-Jug,TR-2,10:30,14:16,226.7,188.8,1,"1,2,3,4,5,6,7",8/3/2026,60,0,0,True,1
Memaliaj,Gjirokastër,GJ21,Memaliaj - Tiranë - Memaliaj,B.E.S TRAVEL,https://www.dpshtrr.al/operatoret/bes-travel-shpk,L69007501Q,Memaliaj,GJ-9,Tiranë Veri-Jug,TR-2,11:30,15:16,226.7,188.8,1,"1,2,3,4,5,6,7",8/3/2026,60,0,0,True,1
Memaliaj,Gjirokastër,TR55,Tiranë – Memaliaj – Tiranë,GREEN BUS,https://www.dpshtrr.al/operatoret/green-bus-travel,L81523015O,Memaliaj,GJ-9,Tiranë Veri-Jug,TR-2,13:00,16:46,226.7,188.8,1,"1,2,3,4,5,6,7",8/3/2026,60,0,0,True,1
Memaliaj,Gjirokastër,GJ6,Gjirokastër - Tiranë - Gjirokastër,ARGJIRO,https://www.dpshtrr.al/operatoret/argjiro-shpk,J93316647D,Tiranë Veri-Jug,TR-2,Gjirokastër,GJ-1,17:00,21:31,271.8,226.4,1,"1,2,3,4,5,6,7",8/3/2026,60,0,0,True,1
Memaliaj,Gjirokastër,GJ30,Memaliaj – Gjirokastër – Memaliaj,eTransport,https://www.dpshtrr.al/operatoret-etransport,1,Memaliaj,GJ-9,Gjirokastër,GJ-1,00:00,00:43,43.5,36.3,1,"1,2,3,4,5,6,7",8/3/2026,60,0,0,True,0
Memaliaj,Sarandë,VL39,Delvinë - Tiranë - Delvinë,TRANS - SOPOTI,https://www.dpshtrr.al/operatoret/trans-sopoti-shpk,L67101501I,Tiranë Veri-Jug,TR-2,Delvine,GJ-31,14:50,19:59,310.0,258.2,1,"1,2,3,4,5,6,7",8/3/2026,60,0,0,True,2
Memaliaj,Sarandë,VL31,Sarandë - Delvinë - Sarandë,JONI - TRANS - SARANDA,https://www.dpshtrr.al/operatoret/joni-trans-saranda-shpk,K84824801T,Delvine,GJ-31,Sarandë,SR-7,20:00,20:20,20.0,16.7,1,"1,2,3,4,5,6,7",8/3/2026,60,0,0,True,2
Memaliaj,Sarandë,TR18,Tiranë – Sarandë – Tiranë (me kalim nga Muzina),TISA,https://www.dpshtrr.al/operatoret/tisa-shpk,K31520093K,Tiranë Veri-Jug,TR-2,Sarandë,SR-7,16:00,20:49,289.8,280.0,1,"1,2,3,4,5,6,7",8/3/2026,60,0,0,True,1
Memaliaj,Sarandë,FR1,Fier – Tiranë – Fier,KOMPAKT,https://www.dpshtrr.al/operatoret/kompakt-shpk,K23407401F,Tiranë Veri-Jug,TR-2,Fier,FR-8,17:00,19:11,131.5,109.6,1,"1,2,3,4,5,6,7",8/3/2026,60,0,0,True,3
Memaliaj,Sarandë,FR19,Ballsh – Fier – Ballsh,SHAMETAJ,https://www.dpshtrr.al/operatoret/shametaj-transport-shpk,K88128801D,Fier,FR-8,Ballsh,FR-11,19:30,20:01,31.9,26.6,1,"1,2,3,4,5,6,7",8/3/2026,60,0,0,True,3
Memaliaj,Sarandë,FR40,Ballsh – Sarandë – Ballsh,eTransport,https://www.dpshtrr.al/operatoret-etransport,1,Ballsh,FR-11,Sarandë,SR-7,00:00,02:20,140.3,116.9,1,"1,2,3,4,5,6,7",8/3/2026,60,0,0,True,3
Memaliaj,Tepelenë,GJ20,Tepelenë - Tiranë - Tepelenë,TEPELENA TRANSPORT,https://www.dpshtrr.al/operatoret/tepelena-transport-shpk,L68815501J,Tiranë Veri-Jug,TR-2,Tepelenë,GJ-12,13:00,16:58,238.5,198.7,1,"1,2,3,4,5,6,7",8/3/2026,60,0,0,True,1
Memaliaj,Tepelenë,GJ20,Tepelenë - Tiranë - Tepelenë,TEPELENA TRANSPORT,https://www.dpshtrr.al/operatoret/tepelena-transport-shpk,L68815501J,Tiranë Veri-Jug,TR-2,Tepelenë,GJ-12,14:00,17:58,238.5,198.7,1,"1,2,3,4,5,6,7",8/3/2026,60,0,0,True,1
Memaliaj,Tepelenë,GJ28,Tepelenë – Memaliaj – Tepelenë,eTransport,https://www.dpshtrr.al/operatoret-etransport,1,Memaliaj,GJ-9,Tepelenë,GJ-12,00:00,00:10,10.1,8.4,1,"1,2,3,4,5,6,7",8/3/2026,60,0,0,True,0
Memaliaj,Tepelenë,GJ31,Memaliaj – Tepelenë – Memaliaj,eTransport,https://www.dpshtrr.al/operatoret-etransport,1,Memaliaj,GJ-9,Tepelenë,GJ-12,00:00,00:10,10.1,8.4,1,"1,2,3,4,5,6,7",8/3/2026,60,0,0,True,0
Memaliaj,Tepelenë,GJ16,Përmet - Sarandë - Përmet,PËRMETI EKSPRES,https://www.dpshtrr.al/operatoret/permeti-ekspres-shpk,K89223201Q,Sarandë,SR-7,Përmet,PR-1,15:00,16:52,112.7,93.9,1,"1,2,3,4,5,6,7",8/3/2026,60,0,0,True,2
Memaliaj,Tepelenë,GJ29,Tepelenë – Përmet – Tepelenë,eTransport,https://www.dpshtrr.al/operatoret-etransport,1,Përmet,PR-1,Tepelenë,GJ-12,00:00,00:49,49.7,41.4,1,"1,2,3,4,5,6,7",8/3/2026,60,0,0,True,2
Memaliaj,Tepelenë,GJ26,Përmet – Tepelenë – Përmet,eTransport,https://www.dpshtrr.al/operatoret-etransport,1,Përmet,PR-1,Tepelenë,GJ-12,00:00,00:49,49.7,41.4,1,"1,2,3,4,5,6,7",8/3/2026,60,0,0,True,3
Memaliaj,Tiranë,FR5,Fier – Sarandë – Fier,KOMPAKT,https://www.dpshtrr.al/operatoret/kompakt-shpk,K23407401F,Sarandë,SR-7,Fier,FR-8,12:30,15:18,168.7,140.6,1,"1,2,3,4,5,6,7",8/3/2026,60,0,0,True,3
Memaliaj,Tiranë,DR6,Durrës – Tiranë – Durrës,DEMOKRACIA 95,https://www.dpshtrr.al/operatoret/demokracia-95-shpk,K31601531F,Tiranë Veri-Jug,TR-2,Durrës Stacioni i Trenit,DR-1,17:00,17:42,42.4,35.3,1,"1,2,3,4,5,6,7",8/3/2026,60,0,0,True,3
Memaliaj,Tiranë,VL17,Vlorë - Sarandë - Vlorë (me kalim nga Bregu),BORAKU,https://www.dpshtrr.al/operatoret/boraku-shpk,K36406218M,Sarandë,SR-7,Vlorë,VL-28,13:30,16:04,154.4,128.7,1,"1,2,3,4,5,6,7",8/3/2026,60,0,0,True,4
Memaliaj,Tiranë,FR3,Fier – Vlorë  – Fier,ARJANI,https://www.dpshtrr.al/operatoret/arjani-shpk,J63208424W,Vlorë,VL-28,Fier,FR-8,16:30,17:14,44.5,37.1,1,"1,2,3,4,5,6,7",8/3/2026,60,0,0,True,4
Memaliaj,Tiranë,TR33,Tiranë – Rinas (Aeroport) – Tiranë,Luna,https://www.dpshtrr.al/operatoret/lu-na-shpk,K31412087P,Rinas Aeroport,TR-4,Tirane Qendër Aeroport,TR-14,23:00,23:22,22.5,18.7,1,"1,2,3,4,5,6,7",8/3/2026,60,0,0,True,4
Memaliaj,Tiranë,TR55,Tiranë – Memaliaj – Tiranë,GREEN BUS,https://www.dpshtrr.al/operatoret/green-bus-travel,L81523015O,Memaliaj,GJ-9,Tiranë Veri-Jug,TR-2,14:30,18:16,226.7,188.8,1,"1,2,3,4,5,6,7",8/3/2026,60,0,0,True,3
Memaliaj,Tiranë,FR1,Fier – Tiranë – Fier,KOMPAKT,https://www.dpshtrr.al/operatoret/kompakt-shpk,K23407401F,Tiranë Veri-Jug,TR-2,Fier,FR-8,18:30,20:41,131.5,109.6,1,"1,2,3,4,5,6,7",8/3/2026,60,0,0,True,3
Memaliaj,Tiranë,EL4,Elbasan – Sarandë – Elbasan,GUCAJ A & R,https://www.dpshtrr.al/operatoret/gucaj-ar-shpk,K72812202S,Sarandë,SR-7,"Elbasan ""Kryqezimi i Cerrikut""",EL-4,13:30,18:08,278.5,232.0,1,"1,2,3,4,5,6,7",8/3/2026,60,0,0,True,2
Memaliaj,Tiranë,TR43,Tiranë – Elbasan – Tiranë,EL ALBA 2,https://www.dpshtrr.al/operatoret/elalba-2-shpk,K21402001V,"Elbasan ""Kryqezimi i Cerrikut""",EL-4,Tiranë Jug-Lindje,TR-1,18:15,18:54,39.1,33.1,1,"1,2,3,4,5,6,7",8/3/2026,60,0,0,True,2
Memaliaj,Tiranë,TR65,"Tiranë – Durrës – Tiranë (me kalim nga Plepat, Ndroq)",RIKI TRANS,https://www.dpshtrr.al/operatoret/riki-trans-shpk,L71309505G,Tiranë Veri-Jug,TR-2,Durrës (Plepa),DR-3,19:00,19:44,44.4,37.0,1,"1,2,3,4,5,6,7",8/3/2026,60,0,0,True,3
Memaliaj,Tiranë,TR14,Tiranë – Fier – Tiranë,KLID EKSPRESS,https://www.dpshtrr.al/operatoret/klid-ekspres-shpk,K22301004Q,Fier,FR-8,Tiranë Veri-Jug,TR-2,15:30,17:39,129.0,107.5,1,"1,2,3,4,5,6,7",8/3/2026,60,0,0,True,2
Memaliaj,Tiranë,TR17,Tiranë – Sarandë – Tiranë ( me kalim nga Bregu ),OLGENO,https://www.dpshtrr.al/operatoret/olgeno-shpk,K31825016M,Sarandë,SR-7,Tiranë Veri-Jug,TR-2,13:30,19:08,338.5,282.0,1,"1,2,3,4,5,6,7",8/3/2026,60,0,0,True,1
Memaliaj,Tiranë,ShK1,Shkodër - Tiranë - Shkodër,ROZAFA ORTAKËT,https://www.dpshtrr.al/operatoret/rozafa-ortaket-shpk,K26702001R,Tiranë Veri-Jug,TR-2,Shkodër,SH-15,14:30,16:18,108.2,90.2,1,"1,2,3,4,5,6,7",8/3/2026,60,0,0,True,2
Patos,Ballsh,FR36,Patos – Berat – Patos,BESJERI,http://dpshtrr.al,K72811401R,Patos,FR-12,Berat,BR-1,06:50,07:36,46.6,38.8,1,"1,2,3,4,5,6,7",8/3/2026,60,0,0,True,2
Patos,Ballsh,FR35,Patos – Tiranë – Patos,ADEL,https://www.dpshtrr.al/operatoret/adel-shpk,K23610401D,Patos,FR-12,Tiranë Veri-Jug,TR-2,05:20,07:43,143.1,119.2,1,"1,2,3,4,5,6,7",8/3/2026,60,0,0,True,1
Patos,Ballsh,TR36,Tiranë – Patos – Ballsh – Tiranë,BATURBA,https://www.dpshtrr.al/operatoret/baturba-shpk,K62202003O,Tiranë Veri-Jug,TR-2,Ballsh,FR-11,07:45,10:28,163.5,136.2,1,"1,2,3,4,5,6,7",8/3/2026,60,0,0,True,1
Patos,Ballsh,FR37,Patos – Vlorë – Patos (pa të drejtë qëndrimi në Fier),ADEL,https://www.dpshtrr.al/operatoret/adel-shpk,K23610401D,Patos,FR-12,Vlorë,VL-28,06:30,07:23,53.7,44.8,1,"1,2,3,4,5,6,7",8/3/2026,60,0,0,True,2
Patos,Ballsh,FR37,Patos – Vlorë – Patos (pa të drejtë qëndrimi në Fier),ADEL,https://www.dpshtrr.al/operatoret/adel-shpk,K23610401D,Patos,FR-12,Vlorë,VL-28,07:00,07:53,53.7,44.8,1,"1,2,3,4,5,6,7",8/3/2026,60,0,0,True,2
Patos,Ballsh,TR56,Tiranë – Patos – Tiranë,ARJANI,https://www.dpshtrr.al/operatoret/arjani-shpk,J63208424W,Patos,FR-12,Tiranë Veri-Jug,TR-2,07:30,09:49,139.6,116.3,1,"1,2,3,4,5,6,7",8/3/2026,60,0,0,True,2
Patos,Ballsh,FR37,Patos – Vlorë – Patos (pa të drejtë qëndrimi në Fier),ADEL,https://www.dpshtrr.al/operatoret/adel-shpk,K23610401D,Patos,FR-12,Vlorë,VL-28,08:00,08:53,53.7,44.8,1,"1,2,3,4,5,6,7",8/3/2026,60,0,0,True,1
Patos,Ballsh,FR18,Ballsh – Vlorë – Ballsh,SHAMETAJ,https://www.dpshtrr.al/operatoret/shametaj-transport-shpk,K88128801D,Vlorë,VL-28,Ballsh,FR-11,12:00,13:09,69.5,57.9,1,"1,2,3,4,5,6,7",8/3/2026,60,0,0,True,1
Patos,Ballsh,BR39,Berat - Patos - Berat,STAR TRANS OR,https://www.dpshtrr.al/operatoret/star-trans-or-shpk,L63204002T,Patos,FR-12,Berat,BR-1,11:00,11:46,46.6,38.8,1,"1,2,3,4,5,6,7",8/3/2026,60,0,0,True,2
Patos,Ballsh,BR29,Berat - Fier - Berat,AIDA - TRANS 02,https://www.dpshtrr.al/operatoret/aida-trans-02-shpk,K32515186K,Berat,BR-1,Fier,FR-8,11:55,12:46,51.8,43.1,1,"1,2,3,4,5,6,7",8/3/2026,60,0,0,True,2
Patos,Ballsh,FR48,Patos – Ballsh – Patos,eTransport,https://www.dpshtrr.al/operatoret-etransport,1,Patos,FR-12,Ballsh,FR-11,00:00,00:18,18.6,15.5,1,"1,2,3,4,5,6,7",8/3/2026,60,0,0,True,0
Patos,Berat,FR44,Patos – Berat – Patos,eTransport,https://www.dpshtrr.al/operatoret-etransport,1,Patos,FR-12,Berat,BR-1,00:00,00:46,46.2,38.5,1,"1,2,3,4,5,6,7",8/3/2026,60,0,0,True,0
Patos,Roskovec,FR3,Fier – Vlorë  – Fier,ARJANI,https://www.dpshtrr.al/operatoret/arjani-shpk,J63208424W,Vlorë,VL-28,Fier,FR-8,09:30,10:14,44.5,37.1,1,"1,2,3,4,5,6,7",8/3/2026,60,0,0,True,2
Patos,Roskovec,FR15,Fier – Roskovec – Fier,ARJANI,https://www.dpshtrr.al/operatoret/arjani-shpk,J63208424W,Fier,FR-8,Roskovec,FR-10,10:30,10:48,18.4,15.3,1,"1,2,3,4,5,6,7",8/3/2026,60,0,0,True,2
Patos,Roskovec,FR34,Roskovec – Fier – Roskovec,SHKËLQIM DOKSANI,https://www.dpshtrr.al/operatoret/shkelqim-doksani-shpk,K93211401D,Fier,FR-8,Roskovec,FR-10,11:00,11:18,18.4,15.3,1,"1,2,3,4,5,6,7",8/3/2026,60,0,0,True,2
Patos,Roskovec,TR57,Tiranë – Roskovec – Tiranë,ARJANI,https://www.dpshtrr.al/operatoret/arjani-shpk,J63208424W,Tiranë Veri-Jug,TR-2,Roskovec,FR-10,10:00,12:30,150.0,125.0,1,"1,2,3,4,5,6,7",8/3/2026,60,0,0,True,1
Patos,Roskovec,FR34,Roskovec – Fier – Roskovec,SHKËLQIM DOKSANI,https://www.dpshtrr.al/operatoret/shkelqim-doksani-shpk,K93211401D,Fier,FR-8,Roskovec,FR-10,13:00,13:18,18.4,15.3,1,"1,2,3,4,5,6,7",8/3/2026,60,0,0,True,2
Patos,Roskovec,FR45,Patos – Roskovec – Patos,eTransport,https://www.dpshtrr.al/operatoret-etransport,1,Patos,FR-12,Roskovec,FR-10,00:00,00:12,12.8,10.7,1,"1,2,3,4,5,6,7",8/3/2026,60,0,0,True,0
Patos,Tiranë,TR56,Tiranë – Patos – Tiranë,ARJANI,https://www.dpshtrr.al/operatoret/arjani-shpk,J63208424W,Patos,FR-12,Tiranë Veri-Jug,TR-2,13:30,15:49,139.6,116.3,1,"1,2,3,4,5,6,7",8/3/2026,60,0,0,True,3
Patos,Tiranë,TR19,Tiranë – Berat – Tiranë,TIBE,https://www.dpshtrr.al/operatoret/tibe-shpk,K31327069U,Berat,BR-1,Tiranë Veri-Jug,TR-2,12:00,14:18,138.2,115.1,1,"1,2,3,4,5,6,7",8/3/2026,60,0,0,True,1
Patos,Vlorë,VL6,Vlorë - Berat - Vlorë (me kalim nga Roskoveci),HODAJ TRANSPORT,https://www.dpshtrr.al/operatoret/sal-eri-shpk,L47306201T,Berat,BR-1,Vlorë,VL-28,12:00,13:35,95.9,79.9,1,"1,2,3,4,5,6,7",8/3/2026,60,0,0,True,1
Patos,Vlorë,VL3,Vlorë - Tiranë - Vlorë,INTERBUZ VLORA,https://www.dpshtrr.al/operatoret/interbuz-vlora-shpk,K37004203O,Tiranë Veri-Jug,TR-2,Vlorë,VL-28,16:00,19:02,183.0,152.4,1,"1,2,3,4,5,6,7",8/3/2026,60,0,0,True,1
Peqin,Durrës,EL33,Peqin – Durrës – Peqin,DIKU - TRANS 2917,https://www.dpshtrr.al/operatoret/diku-trans-2917-shpk,L79327101K,Peqin,EL-7,Durrës (Plepa),DR-3,07:00,07:46,46.2,38.5,1,"1,2,3,4,5,6,7",8/3/2026,60,0,0,True,2
Peqin,Durrës,EL34,Peqin –Elbasan  – Peqin,ALVA SHPK,https://www.dpshtrr.al/operatoret/alva-shpk,K49007105V,Peqin,EL-7,"Elbasan ""Kryqezimi i Cerrikut""",EL-4,06:45,07:26,41.3,34.4,1,"1,2,3,4,5,6,7",8/3/2026,60,0,0,True,3
Peqin,Durrës,EL34,Peqin –Elbasan  – Peqin,ALVA SHPK,https://www.dpshtrr.al/operatoret/alva-shpk,K49007105V,Peqin,EL-7,"Elbasan ""Kryqezimi i Cerrikut""",EL-4,07:10,07:51,41.3,34.4,1,"1,2,3,4,5,6,7",8/3/2026,60,0,0,True,3
Peqin,Durrës,EL34,Peqin –Elbasan  – Peqin,ALVA SHPK,https://www.dpshtrr.al/operatoret/alva-shpk,K49007105V,Peqin,EL-7,"Elbasan ""Kryqezimi i Cerrikut""",EL-4,07:45,08:26,41.3,34.4,1,"1,2,3,4,5,6,7",8/3/2026,60,0,0,True,2
Peqin,Durrës,EL34,Peqin –Elbasan  – Peqin,ALVA SHPK,https://www.dpshtrr.al/operatoret/alva-shpk,K49007105V,Peqin,EL-7,"Elbasan ""Kryqezimi i Cerrikut""",EL-4,08:15,08:56,41.3,34.4,1,"1,2,3,4,5,6,7",8/3/2026,60,0,0,True,3
Peqin,Durrës,EL19,Elbasan – Peqin – Elbasan,D.D-Transport 2022,https://www.dpshtrr.al,M23217202B,Peqin,EL-7,"Elbasan ""Kryqezimi i Cerrikut""",EL-4,08:30,09:11,41.3,34.4,1,"1,2,3,4,5,6,7",8/3/2026,60,0,0,True,4
Peqin,Durrës,DR35,Durrës – Peqin – Durrës,SE-AL,https://www.dpshtrr.al/operatoret/se-al-shpk,L01811504Q,Peqin,EL-7,Durrës (Plepa),DR-3,11:00,11:46,46.2,38.5,1,"1,2,3,4,5,6,7",8/3/2026,60,0,0,True,2
Peqin,Elbasan,EL19,Elbasan – Peqin – Elbasan,D.D-Transport 2022,https://www.dpshtrr.al,M23217202B,Peqin,EL-7,"Elbasan ""Kryqezimi i Cerrikut""",EL-4,11:30,12:11,41.3,34.4,1,"1,2,3,4,5,6,7",8/3/2026,60,0,0,True,0
Peshkopi,Bulqizë,DI7,Peshkopi – Bulqizë – Peshkopi,LEOGITA TRANS,https://www.dpshtrr.al/operatoret/leo-gita-trans-shpk,L47307701I,Peshkopi,DI-3,Bulqizë,BZ-1,05:00,05:53,53.3,46.4,1,"1,2,3,4,5,6,7",8/3/2026,60,0,0,True,0
Peshkopi,Bulqizë,DI7,Peshkopi – Bulqizë – Peshkopi,LEOGITA TRANS,https://www.dpshtrr.al/operatoret/leo-gita-trans-shpk,L47307701I,Peshkopi,DI-3,Bulqizë,BZ-1,07:00,07:53,53.3,46.4,1,"1,2,3,4,5,6,7",8/3/2026,60,0,0,True,0
Peshkopi,Bulqizë,DI14,Bulqizë – Peshkopi – Bulqizë,LEOGITA TRANS,https://www.dpshtrr.al/operatoret/leo-gita-trans-shpk,L47307701I,Peshkopi,DI-3,Bulqizë,BZ-1,07:30,08:25,55.7,46.4,1,"1,2,3,4,5,6,7",8/3/2026,60,0,0,True,0
Peshkopi,Bulqizë,DI7,Peshkopi – Bulqizë – Peshkopi,LEOGITA TRANS,https://www.dpshtrr.al/operatoret/leo-gita-trans-shpk,L47307701I,Peshkopi,DI-3,Bulqizë,BZ-1,08:00,08:53,53.3,46.4,1,"1,2,3,4,5,6,7",8/3/2026,60,0,0,True,0
Peshkopi,Bulqizë,DI14,Bulqizë – Peshkopi – Bulqizë,LEOGITA TRANS,https://www.dpshtrr.al/operatoret/leo-gita-trans-shpk,L47307701I,Peshkopi,DI-3,Bulqizë,BZ-1,08:30,09:25,55.7,46.4,1,"1,2,3,4,5,6,7",8/3/2026,60,0,0,True,0
Peshkopi,Burrel,DI6,Peshkopi – Kamëz  – Peshkopi,DIBRA F&P,https://www.dpshtrr.al/operatoret/dibra-fp-shpk,L57312701L,Peshkopi,DI-3,Kamëz,TR-00096,04:20,06:28,128.0,106.6,1,"1,2,3,4,5,6,7",8/3/2026,60,0,0,True,1
Peshkopi,Burrel,DI1,Peshkopi – Tiranë – Peshkopi,ARIU ARIU,https://www.dpshtrr.al/operatoret/ariu-ariu-shpk,L27418702D,Peshkopi,DI-3,Tiranë Veri-Jug,TR-2,04:40,06:46,126.2,105.2,1,"1,2,3,4,5,6,7",8/3/2026,60,0,0,True,1
Peshkopi,Burrel,DI1,Peshkopi – Tiranë – Peshkopi,ARIU ARIU,https://www.dpshtrr.al/operatoret/ariu-ariu-shpk,L27418702D,Peshkopi,DI-3,Tiranë Veri-Jug,TR-2,05:20,07:26,126.2,105.2,1,"1,2,3,4,5,6,7",8/3/2026,60,0,0,True,2
Peshkopi,Burrel,DI10,Burrel - Peshkopi - Burrel,META 2017,https://www.dpshtrr.al/operatoret/meta-2017-shpk,L77510901V,Peshkopi,DI-3,Burrel,BZ-3,11:00,12:20,80.8,67.3,1,"1,2,3,4,5,6,7",8/3/2026,60,0,0,True,0
Peshkopi,Burrel,DI10,Burrel - Peshkopi - Burrel,META 2017,https://www.dpshtrr.al/operatoret/meta-2017-shpk,L77510901V,Peshkopi,DI-3,Burrel,BZ-3,13:00,14:20,80.8,67.3,1,"1,2,3,4,5,6,7",8/3/2026,60,0,0,True,0
Peshkopi,Durrës,DI6,Peshkopi – Kamëz  – Peshkopi,DIBRA F&P,https://www.dpshtrr.al/operatoret/dibra-fp-shpk,L57312701L,Peshkopi,DI-3,Kamëz,TR-00096,05:00,07:08,128.0,106.6,1,"1,2,3,4,5,6,7",8/3/2026,60,0,0,True,1
Peshkopi,Durrës,DI6,Peshkopi – Kamëz  – Peshkopi,DIBRA F&P,https://www.dpshtrr.al/operatoret/dibra-fp-shpk,L57312701L,Peshkopi,DI-3,Kamëz,TR-00096,05:40,07:48,128.0,106.6,1,"1,2,3,4,5,6,7",8/3/2026,60,0,0,True,1
Peshkopi,Durrës,DI6,Peshkopi – Kamëz  – Peshkopi,DIBRA F&P,https://www.dpshtrr.al/operatoret/dibra-fp-shpk,L57312701L,Peshkopi,DI-3,Kamëz,TR-00096,06:20,08:28,128.0,106.6,1,"1,2,3,4,5,6,7",8/3/2026,60,0,0,True,1
Peshkopi,Durrës,TR66,Kamëz – Durrës – Kamëz,SHPRESA - AL,https://www.dpshtrr.al/operatoret/shpresa-al-shpk,K31321021N,Kamëz,TR-00096,Durrës Stacioni i Trenit,DR-1,08:30,09:19,49.3,41.0,1,"1,2,3,4,5,6,7",8/3/2026,60,0,0,True,1
Peshkopi,Durrës,DI3,Peshkopi –Durrës  – Peshkopi,ARIU ARIU,https://www.dpshtrr.al/operatoret/ariu-ariu-shpk,L27418702D,Peshkopi,DI-3,Durrës Stacioni i Trenit,DR-1,07:30,10:15,165.4,137.8,1,"1,2,3,4,5,6,7",8/3/2026,60,0,0,True,0
Peshkopi,Durrës,EL6,Elbasan – Klenjë – Peshkopi – Elbasan,GINO EXPRESS,https://www.dpshtrr.al/operatoret/gino-express,L42905202H,Peshkopi,DI-3,"Elbasan ""Kryqezimi i Cerrikut""",EL-4,05:00,07:08,128.4,107.0,1,"1,2,3,4,5,6,7",8/3/2026,60,0,0,True,1
Peshkopi,Durrës,DI1,Peshkopi – Tiranë – Peshkopi,ARIU ARIU,https://www.dpshtrr.al/operatoret/ariu-ariu-shpk,L27418702D,Peshkopi,DI-3,Tiranë Veri-Jug,TR-2,06:00,08:06,126.2,105.2,1,"1,2,3,4,5,6,7",8/3/2026,60,0,0,True,1
Peshkopi,Durrës,DI1,Peshkopi – Tiranë – Peshkopi,ARIU ARIU,https://www.dpshtrr.al/operatoret/ariu-ariu-shpk,L27418702D,Peshkopi,DI-3,Tiranë Veri-Jug,TR-2,06:40,08:46,126.2,105.2,1,"1,2,3,4,5,6,7",8/3/2026,60,0,0,True,1
Peshkopi,Durrës,DI1,Peshkopi – Tiranë – Peshkopi,ARIU ARIU,https://www.dpshtrr.al/operatoret/ariu-ariu-shpk,L27418702D,Peshkopi,DI-3,Tiranë Veri-Jug,TR-2,07:20,09:26,126.2,105.2,1,"1,2,3,4,5,6,7",8/3/2026,60,0,0,True,1
Peshkopi,Kamëz,DI6,Peshkopi – Kamëz  – Peshkopi,DIBRA F&P,https://www.dpshtrr.al/operatoret/dibra-fp-shpk,L57312701L,Peshkopi,DI-3,Kamëz,TR-00096,08:00,10:08,128.0,106.6,1,"1,2,3,4,5,6,7",8/3/2026,60,0,0,True,0
Peshkopi,Kamëz,TR68,Kamëz – Peshkopi – Kamëz,SHPRESA - AL,https://www.dpshtrr.al/operatoret/shpresa-al-shpk,K31321021N,Peshkopi,DI-3,Kamëz,TR-00096,10:40,12:48,128.0,106.6,1,"1,2,3,4,5,6,7",8/3/2026,60,0,0,True,0
Peshkopi,Klos,DI17,Klos – Burrel – Klos,META 2017,https://www.dpshtrr.al/operatoret/meta-2017-shpk,L77510901V,Burrel,BZ-3,Klos,DI-101,15:00,15:21,21.1,17.6,1,"1,2,3,4,5,6,7",8/3/2026,60,0,0,True,1
Peshkopi,Lezhë,DI5,Peshkopi – Lezhë – Peshkopi,BASHKIMI TRANS,https://www.dpshtrr.al/operatoret/bashkimi-trans-shpk,L77421701P,Peshkopi,DI-3,"Lezhë, Veri-Lindje",LE-2,08:00,10:29,149.6,124.6,1,"1,2,3,4,5,6,7",8/3/2026,60,0,0,True,0
Peshkopi,Lezhë,DI5,Peshkopi – Lezhë – Peshkopi,BASHKIMI TRANS,https://www.dpshtrr.al/operatoret/bashkimi-trans-shpk,L77421701P,Peshkopi,DI-3,"Lezhë, Veri-Lindje",LE-2,09:00,11:29,149.6,124.6,1,"1,2,3,4,5,6,7",8/3/2026,60,0,0,True,0
Peshkopi,Lezhë,LE12,Laç - Peshkopi- Laç,LASKA 1,https://www.dpshtrr.al/operatoret/laska-1-shpk,L17709301D,Peshkopi,DI-3,Laç,LA-3,08:45,11:04,139.8,116.5,1,"1,2,3,4,5,6,7",8/3/2026,60,0,0,True,1
Peshkopi,Lezhë,LE7,Lezhë - Peshkopi - Lezhë,KEIVI TOURS,https://www.dpshtrr.al/operatoret/keivi-tours-shpk,L67617501L,Peshkopi,DI-3,Lezhë (Katedralja),LE-1,12:00,14:28,148.6,123.8,1,"1,2,3,4,5,6,7",8/3/2026,60,0,0,True,0
Peshkopi,Lezhë,LE7,Lezhë - Peshkopi - Lezhë,KEIVI TOURS,https://www.dpshtrr.al/operatoret/keivi-tours-shpk,L67617501L,Peshkopi,DI-3,Lezhë (Katedralja),LE-1,13:00,15:28,148.6,123.8,1,"1,2,3,4,5,6,7",8/3/2026,60,0,0,True,0
Peshkopi,Tiranë,KO13,Pogradec - Tiranë - Pogradec,SHQIPONJA TRANS,https://www.dpshtrr.al/operatoret/shqiponja-trans-shpk,K53807603C,Pogradec,PG-5,Tiranë Jug-Lindje,TR-1,09:45,12:04,139.3,116.5,1,"1,2,3,4,5,6,7",8/3/2026,60,0,0,True,2
Peshkopi,Tiranë,DI1,Peshkopi – Tiranë – Peshkopi,ARIU ARIU,https://www.dpshtrr.al/operatoret/ariu-ariu-shpk,L27418702D,Peshkopi,DI-3,Tiranë Veri-Jug,TR-2,08:00,10:06,126.2,105.2,1,"1,2,3,4,5,6,7",8/3/2026,60,0,0,True,0
Pogradec,Durrës,KO13,Pogradec - Tiranë - Pogradec,SHQIPONJA TRANS,https://www.dpshtrr.al/operatoret/shqiponja-trans-shpk,K53807603C,Pogradec,PG-5,Tiranë Jug-Lindje,TR-1,05:45,08:04,139.3,116.5,1,"1,2,3,4,5,6,7",8/3/2026,60,0,0,True,4
Pogradec,Durrës,KO16,Pogradec - Korçë - Pogradec,SHQIPONJA TRANS,https://www.dpshtrr.al/operatoret/shqiponja-trans-shpk,K53807603C,Pogradec,PG-5,Korçë,KO-2,07:00,07:45,45.8,38.1,1,"1,2,3,4,5,6,7",8/3/2026,60,0,0,True,2
Pogradec,Durrës,KO14,Pogradec - Durrës - Pogradec,SHQIPONJA TRANS,https://www.dpshtrr.al/operatoret/shqiponja-trans-shpk,K53807603C,Pogradec,PG-5,Durrës (Plepa),DR-3,09:00,12:08,188.7,157.2,1,"1,2,3,4,5,6,7",8/3/2026,60,0,0,True,0
Pogradec,Durrës,DR26,Durrës – Pogradec – Durrës,EIGA,https://www.dpshtrr.al/operatoret/eiga-shpk,K51611501N,Pogradec,PG-5,Durrës (Plepa),DR-3,12:00,15:11,191.7,159.7,1,"1,2,3,4,5,6,7",8/3/2026,60,0,0,True,0
Pogradec,Korçë,KO16,Pogradec - Korçë - Pogradec,SHQIPONJA TRANS,https://www.dpshtrr.al/operatoret/shqiponja-trans-shpk,K53807603C,Pogradec,PG-5,Korçë,KO-2,07:20,08:05,45.8,38.1,1,"1,2,3,4,5,6,7",8/3/2026,60,0,0,True,0
Pogradec,Korçë,KO16,Pogradec - Korçë - Pogradec,SHQIPONJA TRANS,https://www.dpshtrr.al/operatoret/shqiponja-trans-shpk,K53807603C,Pogradec,PG-5,Korçë,KO-2,07:30,08:15,45.8,38.1,1,"1,2,3,4,5,6,7",8/3/2026,60,0,0,True,0
Pogradec,Korçë,KO16,Pogradec - Korçë - Pogradec,SHQIPONJA TRANS,https://www.dpshtrr.al/operatoret/shqiponja-trans-shpk,K53807603C,Pogradec,PG-5,Korçë,KO-2,08:00,08:45,45.8,38.1,1,"1,2,3,4,5,6,7",8/3/2026,60,0,0,True,0
Pogradec,Korçë,KO17,Pogradec - Maliq - Korçë - Pogradec,XHAFA TRAVEL,https://www.dpshtrr.al/operatoret/xhafatravel-shpk,L74222001M,Pogradec,PG-5,Korçë,KO-2,08:15,09:02,47.6,39.6,1,"1,2,3,4,5,6,7",8/3/2026,60,0,0,True,0
Pogradec,Korçë,KO12,Korçë - Pogradec - Korçë,MORAVA 93,https://www.dpshtrr.al/operatoret/morava-93-shpk,K33804004D,Pogradec,PG-5,Korçë,KO-2,08:30,09:15,45.8,38.1,1,"1,2,3,4,5,6,7",8/3/2026,60,0,0,True,0
Pogradec,Korçë,KO16,Pogradec - Korçë - Pogradec,SHQIPONJA TRANS,https://www.dpshtrr.al/operatoret/shqiponja-trans-shpk,K53807603C,Pogradec,PG-5,Korçë,KO-2,09:00,09:45,45.8,38.1,1,"1,2,3,4,5,6,7",8/3/2026,60,0,0,True,0
Pogradec,Maliq,TR54,Tiranë – Maliq – Tiranë,LIONEL TRAVEL,https://www.dpshtrr.al/operatoret/lionel-travel-shpk,L72002020A,Tiranë Jug-Lindje,TR-1,Maliq,KO-12,09:00,12:03,183.1,144.9,1,"1,2,3,4,5,6,7",8/3/2026,60,0,0,True,1
Pogradec,Maliq,KO23,Maliq - Tiranë - Maliq,DINKO,https://www.dpshtrr.al/operatoret/dinko-shpk,L74812002L,Tiranë Jug-Lindje,TR-1,Maliq,KO-12,13:45,16:48,183.1,144.9,1,"1,2,3,4,5,6,7",8/3/2026,60,0,0,True,1
Pogradec,Maliq,KO31,Maliq – Pogradec - Maliq,eTransport,https://www.dpshtrr.al/operatoret-etransport,1,Pogradec,PG-5,Maliq,KO-12,00:00,00:33,33.2,27.7,1,"1,2,3,4,5,6,7",8/3/2026,60,0,0,True,0
Pogradec,Maliq,KO30,Maliq – Durrës - Maliq,eTransport,https://www.dpshtrr.al/operatoret-etransport,1,Durrës (Plepa),DR-3,Maliq,KO-12,00:00,03:18,198.9,165.8,1,"1,2,3,4,5,6,7",8/3/2026,60,0,0,True,1
Pogradec,Maliq,KO13,Pogradec - Tiranë - Pogradec,SHQIPONJA TRANS,https://www.dpshtrr.al/operatoret/shqiponja-trans-shpk,K53807603C,Pogradec,PG-5,Tiranë Jug-Lindje,TR-1,06:30,08:49,139.3,116.5,1,"1,2,3,4,5,6,7",8/3/2026,60,0,0,True,1
Pogradec,Maliq,TR54,Tiranë – Maliq – Tiranë,LIONEL TRAVEL,https://www.dpshtrr.al/operatoret/lionel-travel-shpk,L72002020A,Tiranë Jug-Lindje,TR-1,Maliq,KO-12,06:00,09:03,183.1,144.9,1,"1,2,3,4,5,6,7",8/4/2026,60,0,0,True,1
Pogradec,Prrenjas,TR43,Tiranë – Elbasan – Tiranë,EL ALBA 2,https://www.dpshtrr.al/operatoret/elalba-2-shpk,K21402001V,Tiranë Jug-Lindje,TR-1,"Elbasan ""Kryqezimi i Cerrikut""",EL-4,09:00,09:49,49.7,33.7,1,"1,2,3,4,5,6,7",8/3/2026,60,0,0,True,2
Pogradec,Prrenjas,EL25,Prrenjas – Pogradec – Prrenjas,FLOADER,https://www.dpshtrr.al/operatoret/floader-shpk,L48512601M,Pogradec,PG-5,Prrenjas,LB-5,12:00,12:37,37.8,31.5,1,"1,2,3,4,5,6,7",8/3/2026,60,0,0,True,0
Pogradec,Prrenjas,KO15,Pogradec - Prrenjas - Pogradec,MUSKA TRANS,https://www.dpshtrr.al/operatoret/muska-trans-shpk,L54621605Q,Pogradec,PG-5,Prrenjas,LB-5,12:00,12:37,37.8,31.5,1,"1,2,3,4,5,6,7",8/3/2026,60,0,0,True,0
Pogradec,Prrenjas,EL25,Prrenjas – Pogradec – Prrenjas,FLOADER,https://www.dpshtrr.al/operatoret/floader-shpk,L48512601M,Pogradec,PG-5,Prrenjas,LB-5,16:00,16:37,37.8,31.5,1,"1,2,3,4,5,6,7",8/3/2026,60,0,0,True,0
Pogradec,Tiranë,KO13,Pogradec - Tiranë - Pogradec,SHQIPONJA TRANS,https://www.dpshtrr.al/operatoret/shqiponja-trans-shpk,K53807603C,Pogradec,PG-5,Tiranë Jug-Lindje,TR-1,08:15,10:34,139.3,116.5,1,"1,2,3,4,5,6,7",8/3/2026,60,0,0,True,0
Pogradec,Tiranë,KO13,Pogradec - Tiranë - Pogradec,SHQIPONJA TRANS,https://www.dpshtrr.al/operatoret/shqiponja-trans-shpk,K53807603C,Pogradec,PG-5,Tiranë Jug-Lindje,TR-1,09:00,11:19,139.3,116.5,1,"1,2,3,4,5,6,7",8/3/2026,60,0,0,True,0
Pogradec,Tiranë,ShK4,Shkodër - Rinas - Shkodër,HERMES AEROPORT,https://www.dpshtrr.al/operatoret/hermes-aeroport-shpk,L67324202E,Rinas Aeroport,TR-4,Shkodër,SH-15,18:00,19:40,100.4,83.7,1,"1,2,3,4,5,6,7",8/3/2026,60,0,0,True,4
Polican,Berat,BR7,Poliçan – Berat – Poliçan,POLICANI TRANS,https://www.dpshtrr.al/operatoret/policani-trans-shpk,K99502401C,Polican,SK-1,Berat,BR-1,07:30,08:02,32.3,26.9,1,"1,2,3,4,5,6,7",8/3/2026,60,0,0,True,0
Polican,Berat,BR7,Poliçan – Berat – Poliçan,POLICANI TRANS,https://www.dpshtrr.al/operatoret/policani-trans-shpk,K99502401C,Polican,SK-1,Berat,BR-1,10:45,11:17,32.3,26.9,1,"1,2,3,4,5,6,7",8/3/2026,60,0,0,True,0
Polican,Berat,BR37,Berat – Poliçan – Berat,OSUMI,https://www.dpshtrr.al/operatoret/osumi-shpk,K32515123N,Polican,SK-1,Berat,BR-1,11:00,11:32,32.3,26.9,1,"1,2,3,4,5,6,7",8/3/2026,60,0,0,True,0
Polican,Berat,BR41,Berat - Ura Vajgurore – Berat,TIBE,https://www.dpshtrr.al/operatoret/tibe-shpk,K31327069U,Ura Vajgurore,FR-19,Berat,BR-1,12:00,12:10,10.3,8.6,1,"1,2,3,4,5,6,7",8/3/2026,60,0,0,True,1
Polican,Berat,BR37,Berat – Poliçan – Berat,OSUMI,https://www.dpshtrr.al/operatoret/osumi-shpk,K32515123N,Polican,SK-1,Berat,BR-1,13:30,14:02,32.3,26.9,1,"1,2,3,4,5,6,7",8/3/2026,60,0,0,True,0
Polican,Corovode,BR5,Poliçan – Vlorë – Poliçan,STAR TRANS OR,https://www.dpshtrr.al/operatoret/star-trans-or-shpk,L63204002T,Polican,SK-1,Vlorë,VL-28,06:00,08:33,153.7,128.1,1,"1,2,3,4,5,6,7",8/3/2026,60,0,0,True,1
Polican,Corovode,BR4,Poliçan – Tiranë – Poliçan,POLICANI TRANS,https://www.dpshtrr.al/operatoret/policani-trans-shpk,K99502401C,Polican,SK-1,Tiranë Veri-Jug,TR-2,05:00,07:50,170.4,142.0,1,"1,2,3,4,5,6,7",8/3/2026,60,0,0,True,1
Polican,Corovode,BR4,Poliçan – Tiranë – Poliçan,POLICANI TRANS,https://www.dpshtrr.al/operatoret/policani-trans-shpk,K99502401C,Polican,SK-1,Tiranë Veri-Jug,TR-2,06:00,08:50,170.4,142.0,1,"1,2,3,4,5,6,7",8/3/2026,60,0,0,True,1
Polican,Durrës,BR6,Poliçan – Durrës – Poliçan,DASHI,https://www.dpshtrr.al/operatoret/dashi-shpk,K38709482H,Polican,SK-1,Durrës (Plepa),DR-3,06:45,08:52,127.9,106.5,1,"1,2,3,4,5,6,7",8/3/2026,60,0,0,True,2
Polican,Durrës,BR33,Berat – Tiranë – Berat,MANGALEMI,https://www.dpshtrr.al/operatoret/mangalemi-shpk,K23206025Q,Berat,BR-1,Tiranë Veri-Jug,TR-2,10:30,12:48,138.2,115.1,1,"1,2,3,4,5,6,7",8/3/2026,60,0,0,True,2
Polican,Durrës,FR2,Fier – Berat – Fier,ÇUKO,https://www.dpshtrr.al/operatoret/cuko-shpk,J62903571K,Berat,BR-1,Fier,FR-8,11:30,12:21,51.8,43.1,1,"1,2,3,4,5,6,7",8/3/2026,60,0,0,True,3
Polican,Tiranë,BR18,Kuçovë – Poliçan – Kuçovë,ALBENIO,http://dpshtrr.al,L27910101D,Polican,SK-1,Kucove,BR-46,12:50,13:37,47.3,39.4,1,"1,2,3,4,5,6,7",8/3/2026,60,0,0,True,3
Polican,Tiranë,EL13,Elbasan – Kuçovë – Elbasan (me kalim nga Dragoti),SKAMPA TRANS,https://www.dpshtrr.al/operatoret/skampa-trans-shpk,L82914203S,Kucove,BR-46,"Elbasan ""Kryqezimi i Cerrikut""",EL-4,13:45,14:48,63.6,53.0,1,"1,2,3,4,5,6,7",8/3/2026,60,0,0,True,3
Prrenjas,Durrës,EL26,Prrenjas – Elbasan – Prrenjas,LEKA TRAVEL,https://www.dpshtrr.al/operatoret/leka-travel-shpk,L28111601Q,Prrenjas,LB-5,"Elbasan ""Kryqezimi i Cerrikut""",EL-4,07:15,08:18,63.8,53.1,1,"1,2,3,4,5,6,7",8/3/2026,60,0,0,True,3
Prrenjas,Durrës,EL27,Prrenjas – Librazhd – Prrenjas,ART TRAVEL,https://www.dpshtrr.al/operatoret/art-travel-shpk,L17926601U,Prrenjas,LB-5,Librazhd,LB-3,07:00,07:34,34.2,28.5,1,"1,2,3,4,5,6,7",8/3/2026,60,0,0,True,4
Prrenjas,Durrës,EL24,Prrenjas – Durrës – Prrenjas,SULA TRAVEL 06,https://www.dpshtrr.al/operatoret/sula-travel-06-shpk,L68320601C,Prrenjas,LB-5,Durrës (Plepa),DR-3,07:30,10:00,150.9,125.7,1,"1,2,3,4,5,6,7",8/3/2026,60,0,0,True,2
Prrenjas,Durrës,EL26,Prrenjas – Elbasan – Prrenjas,LEKA TRAVEL,https://www.dpshtrr.al/operatoret/leka-travel-shpk,L28111601Q,Prrenjas,LB-5,"Elbasan ""Kryqezimi i Cerrikut""",EL-4,08:45,09:48,63.8,53.1,1,"1,2,3,4,5,6,7",8/3/2026,60,0,0,True,2
Prrenjas,Durrës,EL24,Prrenjas – Durrës – Prrenjas,SULA TRAVEL 06,https://www.dpshtrr.al/operatoret/sula-travel-06-shpk,L68320601C,Prrenjas,LB-5,Durrës (Plepa),DR-3,09:00,11:30,150.9,125.7,1,"1,2,3,4,5,6,7",8/3/2026,60,0,0,True,2
Prrenjas,Durrës,EL27,Prrenjas – Librazhd – Prrenjas,ART TRAVEL,https://www.dpshtrr.al/operatoret/art-travel-shpk,L17926601U,Prrenjas,LB-5,Librazhd,LB-3,08:00,08:34,34.2,28.5,1,"1,2,3,4,5,6,7",8/3/2026,60,0,0,True,2
Prrenjas,Durrës,DR25,Durrës – Prrenjas – Durrës,EIGA,https://www.dpshtrr.al/operatoret/eiga-shpk,K51611501N,Prrenjas,LB-5,Durrës (Plepa),DR-3,11:00,13:30,150.9,125.7,1,"1,2,3,4,5,6,7",8/3/2026,60,0,0,True,0
Prrenjas,Elbasan,EL40,Librazhd – Prrenjas – Librazhd,SEFA TRANS,https://www.dpshtrr.al/operatoret/sefa-trans-shpk,L47707602A,Prrenjas,LB-5,Librazhd,LB-3,08:30,09:04,34.2,28.5,1,"1,2,3,4,5,6,7",8/3/2026,60,0,0,True,1
Prrenjas,Elbasan,EL22,Elbasan – Prrenjas – Elbasan,NE-ER,https://www.dpshtrr.al/operatoret/ne-er-shpk,L52519213M,Prrenjas,LB-5,"Elbasan ""Kryqezimi i Cerrikut""",EL-4,10:15,11:18,63.8,53.1,1,"1,2,3,4,5,6,7",8/3/2026,60,0,0,True,0
Prrenjas,Elbasan,EL23,Prrenjas – Tiranë – Prrenjas,TRANSPORT BALLA 2002,https://www.dpshtrr.al/operatoret/transport-balla-2002-shpk,L58106601R,Prrenjas,LB-5,Tiranë Jug-Lindje,TR-1,05:30,07:11,101.5,85.1,1,"1,2,3,4,5,6,7",8/3/2026,60,0,0,True,1
Prrenjas,Elbasan,EL23,Prrenjas – Tiranë – Prrenjas,TRANSPORT BALLA 2002,https://www.dpshtrr.al/operatoret/transport-balla-2002-shpk,L58106601R,Prrenjas,LB-5,Tiranë Jug-Lindje,TR-1,07:00,08:41,101.5,85.1,1,"1,2,3,4,5,6,7",8/3/2026,60,0,0,True,1
Prrenjas,Korçë,EL25,Prrenjas – Pogradec – Prrenjas,FLOADER,https://www.dpshtrr.al/operatoret/floader-shpk,L48512601M,Prrenjas,LB-5,Pogradec,PG-5,07:30,08:07,37.8,31.5,1,"1,2,3,4,5,6,7",8/3/2026,60,0,0,True,1
Prrenjas,Korçë,KO15,Pogradec - Prrenjas - Pogradec,MUSKA TRANS,https://www.dpshtrr.al/operatoret/muska-trans-shpk,L54621605Q,Prrenjas,LB-5,Pogradec,PG-5,15:00,15:37,37.8,31.5,1,"1,2,3,4,5,6,7",8/3/2026,60,0,0,True,1
Prrenjas,Korçë,KO16,Pogradec - Korçë - Pogradec,SHQIPONJA TRANS,https://www.dpshtrr.al/operatoret/shqiponja-trans-shpk,K53807603C,Pogradec,PG-5,Korçë,KO-2,16:00,16:45,45.8,38.1,1,"1,2,3,4,5,6,7",8/3/2026,60,0,0,True,1
Prrenjas,Librazhd,EL27,Prrenjas – Librazhd – Prrenjas,ART TRAVEL,https://www.dpshtrr.al/operatoret/art-travel-shpk,L17926601U,Prrenjas,LB-5,Librazhd,LB-3,09:00,09:34,34.2,28.5,1,"1,2,3,4,5,6,7",8/3/2026,60,0,0,True,0
Prrenjas,Librazhd,EL40,Librazhd – Prrenjas – Librazhd,SEFA TRANS,https://www.dpshtrr.al/operatoret/sefa-trans-shpk,L47707602A,Prrenjas,LB-5,Librazhd,LB-3,09:30,10:04,34.2,28.5,1,"1,2,3,4,5,6,7",8/3/2026,60,0,0,True,0
Prrenjas,Librazhd,EL40,Librazhd – Prrenjas – Librazhd,SEFA TRANS,https://www.dpshtrr.al/operatoret/sefa-trans-shpk,L47707602A,Prrenjas,LB-5,Librazhd,LB-3,10:30,11:04,34.2,28.5,1,"1,2,3,4,5,6,7",8/3/2026,60,0,0,True,0
Prrenjas,Tiranë,TR31,Tiranë – Shijak – Tiranë,IRIDEST,https://www.dpshtrr.al/operatoret/iridest-shpk,K72111030I,Shijak,DR-16,Tiranë Veri-Jug,TR-2,12:30,13:02,32.2,26.9,1,"1,2,3,4,5,6,7",8/3/2026,60,0,0,True,3
Puke,Durrës,ShK22,Pukë - Tiranë - Pukë,TËRBUNI TRANS,https://www.dpshtrr.al/operatoret/terbuni-trans-shpk,L39525301O,Puke,PU-1,Tiranë Veri-Jug,TR-2,05:00,07:28,148.4,123.6,1,"1,2,3,4,5,6,7",8/3/2026,60,0,0,True,1
Puke,Durrës,ShK22,Pukë - Tiranë - Pukë,TËRBUNI TRANS,https://www.dpshtrr.al/operatoret/terbuni-trans-shpk,L39525301O,Puke,PU-1,Tiranë Veri-Jug,TR-2,06:00,08:28,148.4,123.6,1,"1,2,3,4,5,6,7",8/3/2026,60,0,0,True,1
Puke,Durrës,ShK24,Pukë - Shkodër - Pukë,TËRBUNI TRANS,https://www.dpshtrr.al/operatoret/terbuni-trans-shpk,L39525301O,Puke,PU-1,Shkodër,SH-15,06:40,07:45,65.7,54.8,1,"1,2,3,4,5,6,7",8/3/2026,60,0,0,True,1
Puke,Durrës,TR5,Tiranë – Mjedë – Pukë – Tiranë,MARKAJ,https://www.dpshtrr.al/operatoret/markaj-shpk,K32313008R,Puke,PU-1,Tiranë Veri-Jug,TR-2,08:00,10:28,148.5,123.7,1,"1,2,3,4,5,6,7",8/3/2026,60,0,0,True,1
Puke,Durrës,ShK24,Pukë - Shkodër - Pukë,TËRBUNI TRANS,https://www.dpshtrr.al/operatoret/terbuni-trans-shpk,L39525301O,Puke,PU-1,Shkodër,SH-15,08:00,09:05,65.7,54.8,1,"1,2,3,4,5,6,7",8/3/2026,60,0,0,True,2
Puke,Durrës,ShK22,Pukë - Tiranë - Pukë,TËRBUNI TRANS,https://www.dpshtrr.al/operatoret/terbuni-trans-shpk,L39525301O,Puke,PU-1,Tiranë Veri-Jug,TR-2,10:00,12:28,148.4,123.6,1,"1,2,3,4,5,6,7",8/3/2026,60,0,0,True,1
Puke,Durrës,DR19,Durrës – Pukë – Durrës,HADROJ - 04,https://www.dpshtrr.al/operatoret/hadroj-04-shpk,K71612505G,Puke,PU-1,Durrës Stacioni i Trenit,DR-1,11:30,14:22,172.1,143.4,1,"1,2,3,4,5,6,7",8/3/2026,60,0,0,True,0
Puke,Durrës,ShK22,Pukë - Tiranë - Pukë,TËRBUNI TRANS,https://www.dpshtrr.al/operatoret/terbuni-trans-shpk,L39525301O,Puke,PU-1,Tiranë Veri-Jug,TR-2,12:00,14:28,148.4,123.6,1,"1,2,3,4,5,6,7",8/3/2026,60,0,0,True,1
Puke,Kukës,ShK23,Pukë - Kukës - Pukë,TËRBUNI TRANS,https://www.dpshtrr.al/operatoret/terbuni-trans-shpk,L39525301O,Puke,PU-1,Kukës,KU-1,07:30,09:17,107.2,89.3,1,"1,2,3,4,5,6,7",8/3/2026,60,0,0,True,0
Puke,Lezhë,TR2,Tiranë – Laç – Tiranë,Luna,https://www.dpshtrr.al/operatoret/lu-na-shpk,K31412087P,Tiranë Veri-Jug,TR-2,Laç,LA-3,14:30,15:16,46.9,39.1,1,"1,2,3,4,5,6,7",8/3/2026,60,0,0,True,2
Puke,Lezhë,TR35,Tiranë – Lezhë – Tiranë,Luna,https://www.dpshtrr.al/operatoret/lu-na-shpk,K31412087P,Tiranë Veri-Jug,TR-2,Lezhë (Katedralja),LE-1,15:00,16:02,62.3,51.9,1,"1,2,3,4,5,6,7",8/3/2026,60,0,0,True,1
Puke,Shkodër,ShK2,Shkodër - Lezhë - Shkodër,ROKI TOURS,https://www.dpshtrr.al/operatoret/roki-tours-shpk,L16306004D,Lezhë Veri,LE-3,Shkodër,SH-15,14:30,15:15,45.5,38.0,1,"1,2,3,4,5,6,7",8/3/2026,60,0,0,True,1
Puke,Vau i Dejës,ShK17,Vau Dejës - Guri Zi - Shkodër - Vau Dejës,VAU DEJËS,https://www.dpshtrr.al/operatoret/nordin-shpk,J97113015J,Shkodër,SH-15,Vau i Dejës,SH-2,15:30,15:53,23.1,19.2,1,"1,2,3,4,5,6,7",8/3/2026,60,0,0,True,2
Përmet,Berat,GJ19,Përmet - Gjirokastër - Përmet,PËRMETI EKSPRES,https://www.dpshtrr.al/operatoret/permeti-ekspres-shpk,K89223201Q,Përmet,PR-1,Gjirokastër,GJ-1,06:30,07:40,70.9,59.0,1,"1,2,3,4,5,6,7",8/3/2026,60,0,0,True,1
Përmet,Berat,GJ14,Përmet - Tiranë - Përmet,FJOART TRAVEL,https://www.dpshtrr.al/operatoret/fjoart-travel-shpk,L39129201Q,Përmet,PR-1,Tiranë Veri-Jug,TR-2,05:00,09:44,284.7,237.2,1,"1,2,3,4,5,6,7",8/3/2026,60,0,0,True,1
Përmet,Berat,GJ15,Përmet - Durrës - Përmet,PËRMETI EKSPRES,https://www.dpshtrr.al/operatoret/permeti-ekspres-shpk,K89223201Q,Përmet,PR-1,Durrës (Plepa),DR-3,06:30,10:32,242.2,201.8,1,"1,2,3,4,5,6,7",8/3/2026,60,0,0,True,1
Përmet,Berat,DR12,Durrës – Berat – Durrës,LEDJAN,https://www.dpshtrr.al/operatoret/ledjan-shpk,K31529517P,Durrës (Plepa),DR-3,Berat,BR-1,10:45,12:21,96.2,80.2,1,"1,2,3,4,5,6,7",8/3/2026,60,0,0,True,1
Përmet,Berat,BR32,Berat – Vlorë – Berat,LEKSI,https://www.dpshtrr.al/operatoret/leksi-or-shpk,J62904105U,Vlorë,VL-28,Berat,BR-1,12:15,13:49,94.7,78.9,1,"1,2,3,4,5,6,7",8/3/2026,60,0,0,True,1
Përmet,Berat,FR6,Fier – Përmet – Fier,KOMPAKT,https://www.dpshtrr.al/operatoret/kompakt-shpk,K23407401F,Përmet,PR-1,Fier,FR-8,11:00,13:23,143.1,119.3,1,"1,2,3,4,5,6,7",8/3/2026,60,0,0,True,1
Përmet,Berat,FR2,Fier – Berat – Fier,ÇUKO,https://www.dpshtrr.al/operatoret/cuko-shpk,J62903571K,Fier,FR-8,Berat,BR-1,13:30,14:22,52.1,43.4,1,"1,2,3,4,5,6,7",8/3/2026,60,0,0,True,1
Përmet,Berat,BR30,Berat – Përmet – Berat,STAR TRANS OR,https://www.dpshtrr.al/operatoret/star-trans-or-shpk,L63204002T,Përmet,PR-1,Berat,BR-1,12:45,16:30,225.8,188.1,1,"1,2,3,4,5,6,7",8/3/2026,60,0,0,True,0
Përmet,Durrës,GJ14,Përmet - Tiranë - Përmet,FJOART TRAVEL,https://www.dpshtrr.al/operatoret/fjoart-travel-shpk,L39129201Q,Përmet,PR-1,Tiranë Veri-Jug,TR-2,07:00,11:44,284.7,237.2,1,"1,2,3,4,5,6,7",8/3/2026,60,0,0,True,1
Përmet,Durrës,GJ14,Përmet - Tiranë - Përmet,FJOART TRAVEL,https://www.dpshtrr.al/operatoret/fjoart-travel-shpk,L39129201Q,Përmet,PR-1,Tiranë Veri-Jug,TR-2,08:00,12:44,284.7,237.2,1,"1,2,3,4,5,6,7",8/3/2026,60,0,0,True,1
Përmet,Durrës,GJ15,Përmet - Durrës - Përmet,PËRMETI EKSPRES,https://www.dpshtrr.al/operatoret/permeti-ekspres-shpk,K89223201Q,Përmet,PR-1,Durrës (Plepa),DR-3,08:30,12:32,242.2,201.8,1,"1,2,3,4,5,6,7",8/3/2026,60,0,0,True,0
Përmet,Durrës,DR16,Durrës – Përmet – Durrës,ESLI TRANS,https://www.dpshtrr.al/operatoret/esli-trans-shpk,K91928501T,Përmet,PR-1,Durrës (Plepa),DR-3,11:00,15:02,242.2,201.8,1,"1,2,3,4,5,6,7",8/3/2026,60,0,0,True,0
Përmet,Gjirokastër,GJ19,Përmet - Gjirokastër - Përmet,PËRMETI EKSPRES,https://www.dpshtrr.al/operatoret/permeti-ekspres-shpk,K89223201Q,Përmet,PR-1,Gjirokastër,GJ-1,07:45,08:55,70.9,59.0,1,"1,2,3,4,5,6,7",8/3/2026,60,0,0,True,0
Përmet,Gjirokastër,GJ19,Përmet - Gjirokastër - Përmet,PËRMETI EKSPRES,https://www.dpshtrr.al/operatoret/permeti-ekspres-shpk,K89223201Q,Përmet,PR-1,Gjirokastër,GJ-1,08:45,09:55,70.9,59.0,1,"1,2,3,4,5,6,7",8/3/2026,60,0,0,True,0
Përmet,Gjirokastër,GJ34,Gjirokastër – Përmet – Gjirokastër,SKENDI - 2014,https://www.dpshtrr.al/operatoret/skendi-2014-shpk,L53428602T,Përmet,PR-1,Gjirokastër,GJ-1,09:00,10:10,70.8,59.0,1,"1,2,3,4,5,6,7",8/3/2026,60,0,0,True,0
Përmet,Gjirokastër,GJ16,Përmet - Sarandë - Përmet,PËRMETI EKSPRES,https://www.dpshtrr.al/operatoret/permeti-ekspres-shpk,K89223201Q,Përmet,PR-1,Sarandë,SR-7,07:30,09:22,112.6,93.8,1,"1,2,3,4,5,6,7",8/3/2026,60,0,0,True,1
Përmet,Korçë,VL1,Vlorë - Korçë - Vlorë,HAMZAJ,https://www.dpshtrr.al/operatoret/hamzaj-shpk,K36417206V,Vlorë,VL-28,Korçë,KO-2,07:15,12:19,304.1,253.4,1,"1,2,3,4,5,6,7",8/3/2026,60,0,0,True,1
Përmet,Korçë,KO32,Korçë – Përmet – Korçë,eTransport,https://www.dpshtrr.al/operatoret-etransport,1,Përmet,PR-1,Korçë,KO-2,00:00,02:11,131.9,109.9,1,"1,2,3,4,5,6,7",8/3/2026,60,0,0,True,0
Përmet,Këlcyrë,GJ13,Këlcyrë - Tiranë - Këlcyrë,FJOART TRAVEL,https://www.dpshtrr.al/operatoret/fjoart-travel-shpk,L39129201Q,Tiranë Veri-Jug,TR-2,Këlcyrë,PR-2,12:00,16:26,266.0,221.6,1,"1,2,3,4,5,6,7",8/3/2026,60,0,0,True,1
Përmet,Këlcyrë,GJ13,Këlcyrë - Tiranë - Këlcyrë,FJOART TRAVEL,https://www.dpshtrr.al/operatoret/fjoart-travel-shpk,L39129201Q,Tiranë Veri-Jug,TR-2,Këlcyrë,PR-2,15:15,19:41,266.0,221.6,1,"1,2,3,4,5,6,7",8/3/2026,60,0,0,True,1
Përmet,Këlcyrë,GJ25,Përmet – Këlcyrë – Përmet,eTransport,https://www.dpshtrr.al/operatoret-etransport,1,Përmet,PR-1,Këlcyrë,PR-2,00:00,00:22,22.1,18.4,1,"1,2,3,4,5,6,7",8/3/2026,60,0,0,True,0
Përmet,Këlcyrë,TR59,Tiranë – Këlcyrë – Tiranë,DHEMBELI,https://www.dpshtrr.al/operatoret/dhembeli-shpk,K11609007R,Tiranë Veri-Jug,TR-2,Këlcyrë,PR-2,05:15,09:40,265.2,221.0,1,"1,2,3,4,5,6,7",8/4/2026,60,0,0,True,3
Përmet,Tiranë,VL8,Vlorë - Përmet - Vlorë,CIPINI,https://www.dpshtrr.al/operatoret/cipini-shpk,K36405207P,Përmet,PR-1,Vlorë,VL-28,11:45,14:26,161.3,134.4,1,"1,2,3,4,5,6,7",8/3/2026,60,0,0,True,2
Përmet,Tiranë,VL12,Vlorë - Rinas(Aeroport) - Vlorë,HERMES AEROPORT,https://www.dpshtrr.al/operatoret/hermes-aeroport-shpk,L67324202E,Vlorë,VL-28,Rinas Aeroport,TR-4,15:00,17:57,177.9,148.2,1,"1,2,3,4,5,6,7",8/3/2026,60,0,0,True,2
Përmet,Tiranë,GJ14,Përmet - Tiranë - Përmet,FJOART TRAVEL,https://www.dpshtrr.al/operatoret/fjoart-travel-shpk,L39129201Q,Përmet,PR-1,Tiranë Veri-Jug,TR-2,09:00,13:44,284.7,237.2,1,"1,2,3,4,5,6,7",8/3/2026,60,0,0,True,0
Roskovec,Fier,FR34,Roskovec – Fier – Roskovec,SHKËLQIM DOKSANI,https://www.dpshtrr.al/operatoret/shkelqim-doksani-shpk,K93211401D,Roskovec,FR-10,Fier,FR-8,06:30,06:48,18.4,15.3,1,"1,2,3,4,5,6,7",8/3/2026,60,0,0,True,0
Roskovec,Fier,FR15,Fier – Roskovec – Fier,ARJANI,https://www.dpshtrr.al/operatoret/arjani-shpk,J63208424W,Roskovec,FR-10,Fier,FR-8,07:00,07:18,18.4,15.3,1,"1,2,3,4,5,6,7",8/3/2026,60,0,0,True,0
Roskovec,Fier,FR34,Roskovec – Fier – Roskovec,SHKËLQIM DOKSANI,https://www.dpshtrr.al/operatoret/shkelqim-doksani-shpk,K93211401D,Roskovec,FR-10,Fier,FR-8,07:30,07:48,18.4,15.3,1,"1,2,3,4,5,6,7",8/3/2026,60,0,0,True,0
Roskovec,Fier,FR15,Fier – Roskovec – Fier,ARJANI,https://www.dpshtrr.al/operatoret/arjani-shpk,J63208424W,Roskovec,FR-10,Fier,FR-8,08:00,08:18,18.4,15.3,1,"1,2,3,4,5,6,7",8/3/2026,60,0,0,True,0
Roskovec,Fier,FR34,Roskovec – Fier – Roskovec,SHKËLQIM DOKSANI,https://www.dpshtrr.al/operatoret/shkelqim-doksani-shpk,K93211401D,Roskovec,FR-10,Fier,FR-8,08:30,08:48,18.4,15.3,1,"1,2,3,4,5,6,7",8/3/2026,60,0,0,True,0
Roskovec,Fier,FR15,Fier – Roskovec – Fier,ARJANI,https://www.dpshtrr.al/operatoret/arjani-shpk,J63208424W,Roskovec,FR-10,Fier,FR-8,09:00,09:18,18.4,15.3,1,"1,2,3,4,5,6,7",8/3/2026,60,0,0,True,0
Roskovec,Fier,FR34,Roskovec – Fier – Roskovec,SHKËLQIM DOKSANI,https://www.dpshtrr.al/operatoret/shkelqim-doksani-shpk,K93211401D,Roskovec,FR-10,Fier,FR-8,09:30,09:48,18.4,15.3,1,"1,2,3,4,5,6,7",8/3/2026,60,0,0,True,0
Roskovec,Fier,FR15,Fier – Roskovec – Fier,ARJANI,https://www.dpshtrr.al/operatoret/arjani-shpk,J63208424W,Roskovec,FR-10,Fier,FR-8,10:00,10:18,18.4,15.3,1,"1,2,3,4,5,6,7",8/3/2026,60,0,0,True,0
Roskovec,Patos,FR49,Roskovec - Patos – Roskovec,eTransport,https://www.dpshtrr.al/operatoret-etransport,1,Roskovec,FR-10,Patos,FR-12,00:00,00:12,12.8,10.7,1,"1,2,3,4,5,6,7",8/3/2026,60,0,0,True,0
Roskovec,Patos,FR45,Patos – Roskovec – Patos,eTransport,https://www.dpshtrr.al/operatoret-etransport,1,Roskovec,FR-10,Patos,FR-12,00:00,00:12,12.8,10.7,1,"1,2,3,4,5,6,7",8/3/2026,60,0,0,True,0
Roskovec,Tiranë,FR33,Roskovec – Tiranë – Roskovec,LENTIN 2015,https://www.dpshtrr.al/operatoret/lentin-2015-shpk,L53617403M,Roskovec,FR-10,Tiranë Veri-Jug,TR-2,05:30,07:55,145.6,121.3,1,"1,2,3,4,5,6,7",8/3/2026,60,0,0,True,0
Roskovec,Tiranë,FR33,Roskovec – Tiranë – Roskovec,LENTIN 2015,https://www.dpshtrr.al/operatoret/lentin-2015-shpk,L53617403M,Roskovec,FR-10,Tiranë Veri-Jug,TR-2,07:30,09:55,145.6,121.3,1,"1,2,3,4,5,6,7",8/3/2026,60,0,0,True,0
Roskovec,Tiranë,FR23,Lushnjë – Tiranë – Lushnjë,KOHA EKSPRES,https://www.dpshtrr.al/operatoret/koha-ekspres-shpk,K34017402I,Lushnjë,LU-1,Tiranë Veri-Jug,TR-2,09:00,10:35,95.8,79.8,1,"1,2,3,4,5,6,7",8/3/2026,60,0,0,True,2
Roskovec,Tiranë,FR33,Roskovec – Tiranë – Roskovec,LENTIN 2015,https://www.dpshtrr.al/operatoret/lentin-2015-shpk,L53617403M,Roskovec,FR-10,Tiranë Veri-Jug,TR-2,09:30,11:55,145.6,121.3,1,"1,2,3,4,5,6,7",8/3/2026,60,0,0,True,0
Rrogozhine,Elbasan,TR79,Rrogozhinë - Elbasan - Rrogozhinë,KELI TRAVEL,https://www.dpshtrr.al/operatoret/keli-travel-shpk,L72919802B,Rrogozhine,KJ-4,"Elbasan ""Kryqezimi i Cerrikut""",EL-4,07:00,07:51,51.9,43.2,1,"1,2,3,4,5,6,7",8/3/2026,60,0,0,True,0
Rrogozhine,Elbasan,TR80,Rrogozhinë - Tiranë - Rrogozhinë,REFATI - 08,https://www.dpshtrr.al/operatoret/refati-08-shpk,K83227802A,Rrogozhine,KJ-4,Tiranë Veri-Jug,TR-2,06:00,07:19,79.3,66.1,1,"1,2,3,4,5,6,7",8/3/2026,60,0,0,True,2
Rrogozhine,Elbasan,TR80,Rrogozhinë - Tiranë - Rrogozhinë,REFATI - 08,https://www.dpshtrr.al/operatoret/refati-08-shpk,K83227802A,Rrogozhine,KJ-4,Tiranë Veri-Jug,TR-2,07:00,08:19,79.3,66.1,1,"1,2,3,4,5,6,7",8/3/2026,60,0,0,True,2
Rrogozhine,Elbasan,TR81,Rrogozhinë - Kavajë - Rrogozhinë,LU&SE TRANS,https://www.dpshtrr.al/operatoret/luse-trans,L52817801B,Rrogozhine,KJ-4,Kavaje (ish Agjencia),KJ-5,07:00,07:20,20.8,17.3,1,"1,2,3,4,5,6,7",8/3/2026,60,0,0,True,1
Rrogozhine,Elbasan,TR80,Rrogozhinë - Tiranë - Rrogozhinë,REFATI - 08,https://www.dpshtrr.al/operatoret/refati-08-shpk,K83227802A,Rrogozhine,KJ-4,Tiranë Veri-Jug,TR-2,08:00,09:19,79.3,66.1,1,"1,2,3,4,5,6,7",8/3/2026,60,0,0,True,2
Rrogozhine,Elbasan,TR81,Rrogozhinë - Kavajë - Rrogozhinë,LU&SE TRANS,https://www.dpshtrr.al/operatoret/luse-trans,L52817801B,Rrogozhine,KJ-4,Kavaje (ish Agjencia),KJ-5,07:30,07:50,20.8,17.3,1,"1,2,3,4,5,6,7",8/3/2026,60,0,0,True,4
Rrogozhine,Elbasan,TR81,Rrogozhinë - Kavajë - Rrogozhinë,LU&SE TRANS,https://www.dpshtrr.al/operatoret/luse-trans,L52817801B,Rrogozhine,KJ-4,Kavaje (ish Agjencia),KJ-5,08:00,08:20,20.8,17.3,1,"1,2,3,4,5,6,7",8/3/2026,60,0,0,True,4
Rrogozhine,Kavajë,TR81,Rrogozhinë - Kavajë - Rrogozhinë,LU&SE TRANS,https://www.dpshtrr.al/operatoret/luse-trans,L52817801B,Rrogozhine,KJ-4,Kavaje (ish Agjencia),KJ-5,08:30,08:50,20.8,17.3,1,"1,2,3,4,5,6,7",8/3/2026,60,0,0,True,0
Rrogozhine,Kavajë,TR81,Rrogozhinë - Kavajë - Rrogozhinë,LU&SE TRANS,https://www.dpshtrr.al/operatoret/luse-trans,L52817801B,Rrogozhine,KJ-4,Kavaje (ish Agjencia),KJ-5,09:30,09:50,20.8,17.3,1,"1,2,3,4,5,6,7",8/3/2026,60,0,0,True,0
Rrëshen,Durrës,LE17,Rrëshen - Tiranë - Rrëshen,JUSI-2,https://www.dpshtrr.al/operatoret/jusi-2-shpk,K09112009C,Rrëshen,LA-2,Tiranë Veri-Jug,TR-2,05:30,06:51,81.1,67.5,1,"1,2,3,4,5,6,7",8/3/2026,60,0,0,True,1
Rrëshen,Durrës,LE17,Rrëshen - Tiranë - Rrëshen,JUSI-2,https://www.dpshtrr.al/operatoret/jusi-2-shpk,K09112009C,Rrëshen,LA-2,Tiranë Veri-Jug,TR-2,06:15,07:36,81.1,67.5,1,"1,2,3,4,5,6,7",8/3/2026,60,0,0,True,1
Rrëshen,Durrës,LE21,Rrëshen - Lezhë - Rrëshen,JUSI-2,https://www.dpshtrr.al/operatoret/jusi-2-shpk,K09112009C,Rrëshen,LA-2,Lezhë (Katedralja),LE-1,06:30,07:16,46.8,39.0,1,"1,2,3,4,5,6,7",8/3/2026,60,0,0,True,1
Rrëshen,Durrës,LE20,Rrëshen - Laç - Rrëshen,JUSI-2,https://www.dpshtrr.al/operatoret/jusi-2-shpk,K09112009C,Rrëshen,LA-2,Laç,LA-3,07:00,07:37,38.0,31.6,1,"1,2,3,4,5,6,7",8/3/2026,60,0,0,True,1
Rrëshen,Durrës,LE17,Rrëshen - Tiranë - Rrëshen,JUSI-2,https://www.dpshtrr.al/operatoret/jusi-2-shpk,K09112009C,Rrëshen,LA-2,Tiranë Veri-Jug,TR-2,07:15,08:36,81.1,67.5,1,"1,2,3,4,5,6,7",8/3/2026,60,0,0,True,1
Rrëshen,Durrës,LE17,Rrëshen - Tiranë - Rrëshen,JUSI-2,https://www.dpshtrr.al/operatoret/jusi-2-shpk,K09112009C,Rrëshen,LA-2,Tiranë Veri-Jug,TR-2,08:45,10:06,81.1,67.5,1,"1,2,3,4,5,6,7",8/3/2026,60,0,0,True,1
Rrëshen,Laç,LE21,Rrëshen - Lezhë - Rrëshen,JUSI-2,https://www.dpshtrr.al/operatoret/jusi-2-shpk,K09112009C,Rrëshen,LA-2,Lezhë (Katedralja),LE-1,07:30,08:16,46.8,39.0,1,"1,2,3,4,5,6,7",8/3/2026,60,0,0,True,1
Rrëshen,Laç,LE16,Laç - Rrëshen - Laç,LASKA 1,https://www.dpshtrr.al/operatoret/laska-1-shpk,L17709301D,Rrëshen,LA-2,Laç,LA-3,10:00,10:37,38.0,31.6,1,"1,2,3,4,5,6,7",8/3/2026,60,0,0,True,0
Rrëshen,Laç,LE20,Rrëshen - Laç - Rrëshen,JUSI-2,https://www.dpshtrr.al/operatoret/jusi-2-shpk,K09112009C,Rrëshen,LA-2,Laç,LA-3,11:00,11:37,38.0,31.6,1,"1,2,3,4,5,6,7",8/3/2026,60,0,0,True,0
Rrëshen,Lezhë,LE21,Rrëshen - Lezhë - Rrëshen,JUSI-2,https://www.dpshtrr.al/operatoret/jusi-2-shpk,K09112009C,Rrëshen,LA-2,Lezhë (Katedralja),LE-1,10:00,10:46,46.8,39.0,1,"1,2,3,4,5,6,7",8/3/2026,60,0,0,True,0
Sarandë,Ballsh,VL35,Sarandë- Vlorë - Sarandë ( me kalim nga bregu ),TRANS-BUS SARANDA,https://www.dpshtrr.al/operatoret/transbus-saranda-shpk,K83725804U,Sarandë,SR-7,Vlorë,VL-28,05:00,07:34,154.4,128.7,1,"1,2,3,4,5,6,7",8/3/2026,60,0,0,True,2
Sarandë,Ballsh,VL34,Sarandë - Himarë - Sarandë,TRANS-BUS SARANDA,https://www.dpshtrr.al/operatoret/transbus-saranda-shpk,K83725804U,Sarandë,SR-7,Himarë,VL-22,06:00,07:01,61.2,51.0,1,"1,2,3,4,5,6,7",8/3/2026,60,0,0,True,3
Sarandë,Ballsh,VL33,Sarandë - Vlorë - Sarandë ( me kalim nga Muzina ),SARANDA - TRANSPORT - 2012,https://www.dpshtrr.al/operatoret/transport-saranda-2012-shpk,L24212801F,Sarandë,SR-7,Vlorë,VL-28,06:00,09:29,209.2,174.3,1,"1,2,3,4,5,6,7",8/3/2026,60,0,0,True,1
Sarandë,Ballsh,FR19,Ballsh – Fier – Ballsh,SHAMETAJ,https://www.dpshtrr.al/operatoret/shametaj-transport-shpk,K88128801D,Fier,FR-8,Ballsh,FR-11,14:30,15:01,31.9,26.6,1,"1,2,3,4,5,6,7",8/3/2026,60,0,0,True,2
Sarandë,Ballsh,FR18,Ballsh – Vlorë – Ballsh,SHAMETAJ,https://www.dpshtrr.al/operatoret/shametaj-transport-shpk,K88128801D,Vlorë,VL-28,Ballsh,FR-11,14:30,15:39,69.5,57.9,1,"1,2,3,4,5,6,7",8/3/2026,60,0,0,True,1
Sarandë,Ballsh,FR13,Fier – Ballsh – Fier,ZAHAJ 2013,https://www.dpshtrr.al/operatoret/zahaj-2013-shpk,L32725402U,Fier,FR-8,Ballsh,FR-11,15:30,16:01,31.9,26.6,1,"1,2,3,4,5,6,7",8/3/2026,60,0,0,True,1
Sarandë,Berat,BR29,Berat - Fier - Berat,AIDA - TRANS 02,https://www.dpshtrr.al/operatoret/aida-trans-02-shpk,K32515186K,Fier,FR-8,Berat,BR-1,11:00,11:52,52.1,43.4,1,"1,2,3,4,5,6,7",8/3/2026,60,0,0,True,3
Sarandë,Berat,VL27,Sarandë - Berat - Sarandë,TRANS DEA,https://www.dpshtrr.al/operatoret/trans-dea-shpk,K83826802M,Sarandë,SR-7,Berat,BR-1,10:15,14:26,251.4,209.5,1,"1,2,3,4,5,6,7",8/3/2026,60,0,0,True,0
Sarandë,Delvine,VL31,Sarandë - Delvinë - Sarandë,JONI - TRANS - SARANDA,https://www.dpshtrr.al/operatoret/joni-trans-saranda-shpk,K84824801T,Sarandë,SR-7,Delvine,GJ-31,06:00,06:19,19.9,16.6,1,"1,2,3,4,5,6,7",8/3/2026,60,0,0,True,0
Sarandë,Delvine,VL40,Delvinë - Sarandë - Delvinë,TRANS - SOPOTI,https://www.dpshtrr.al/operatoret/trans-sopoti-shpk,L67101501I,Sarandë,SR-7,Delvine,GJ-31,06:30,06:49,19.9,16.6,1,"1,2,3,4,5,6,7",8/3/2026,60,0,0,True,0
Sarandë,Delvine,VL31,Sarandë - Delvinë - Sarandë,JONI - TRANS - SARANDA,https://www.dpshtrr.al/operatoret/joni-trans-saranda-shpk,K84824801T,Sarandë,SR-7,Delvine,GJ-31,07:00,07:19,19.9,16.6,1,"1,2,3,4,5,6,7",8/3/2026,60,0,0,True,0
Sarandë,Delvine,VL40,Delvinë - Sarandë - Delvinë,TRANS - SOPOTI,https://www.dpshtrr.al/operatoret/trans-sopoti-shpk,L67101501I,Sarandë,SR-7,Delvine,GJ-31,07:30,07:49,19.9,16.6,1,"1,2,3,4,5,6,7",8/3/2026,60,0,0,True,0
Sarandë,Delvine,VL31,Sarandë - Delvinë - Sarandë,JONI - TRANS - SARANDA,https://www.dpshtrr.al/operatoret/joni-trans-saranda-shpk,K84824801T,Sarandë,SR-7,Delvine,GJ-31,08:00,08:19,19.9,16.6,1,"1,2,3,4,5,6,7",8/3/2026,60,0,0,True,0
Sarandë,Delvine,VL40,Delvinë - Sarandë - Delvinë,TRANS - SOPOTI,https://www.dpshtrr.al/operatoret/trans-sopoti-shpk,L67101501I,Sarandë,SR-7,Delvine,GJ-31,08:30,08:49,19.9,16.6,1,"1,2,3,4,5,6,7",8/3/2026,60,0,0,True,0
Sarandë,Delvine,VL31,Sarandë - Delvinë - Sarandë,JONI - TRANS - SARANDA,https://www.dpshtrr.al/operatoret/joni-trans-saranda-shpk,K84824801T,Sarandë,SR-7,Delvine,GJ-31,09:00,09:19,19.9,16.6,1,"1,2,3,4,5,6,7",8/3/2026,60,0,0,True,0
Sarandë,Delvine,VL40,Delvinë - Sarandë - Delvinë,TRANS - SOPOTI,https://www.dpshtrr.al/operatoret/trans-sopoti-shpk,L67101501I,Sarandë,SR-7,Delvine,GJ-31,09:30,09:49,19.9,16.6,1,"1,2,3,4,5,6,7",8/3/2026,60,0,0,True,0
Sarandë,Durrës,VL22,Sarandë - Tiranë - Sarandë (me kalim nga Muzina),TRANS - BUTRINTI,https://www.dpshtrr.al/operatoret/trans-butrinti-shpk,K04814854U,Sarandë,SR-7,Tiranë Veri-Jug,TR-2,05:00,10:32,332.7,277.2,1,"1,2,3,4,5,6,7",8/3/2026,60,0,0,True,1
Sarandë,Durrës,TR18,Tiranë – Sarandë – Tiranë (me kalim nga Muzina),TISA,https://www.dpshtrr.al/operatoret/tisa-shpk,K31520093K,Sarandë,SR-7,Tiranë Veri-Jug,TR-2,05:00,10:32,332.7,277.2,1,"1,2,3,4,5,6,7",8/3/2026,60,0,0,True,2
Sarandë,Durrës,DR43,Durrës – Shijak – Durrës,ANDROMEDA GROUP,https://www.dpshtrr.al/operatoret/andromeda-group-shpk,L61307527C,Shijak,DR-16,Durrës Stacioni i Trenit,DR-1,12:00,12:17,17.1,14.2,1,"1,2,3,4,5,6,7",8/3/2026,60,0,0,True,2
Sarandë,Durrës,VL30,Sarandë - Tiranë - Sarandë ( me kalim nga bregu ),TRANS-BUS SARANDA,https://www.dpshtrr.al/operatoret/transbus-saranda-shpk,K83725804U,Sarandë,SR-7,Tiranë Veri-Jug,TR-2,05:30,11:08,338.5,282.0,1,"1,2,3,4,5,6,7",8/3/2026,60,0,0,True,1
Sarandë,Durrës,VL22,Sarandë - Tiranë - Sarandë (me kalim nga Muzina),TRANS - BUTRINTI,https://www.dpshtrr.al/operatoret/trans-butrinti-shpk,K04814854U,Sarandë,SR-7,Tiranë Veri-Jug,TR-2,06:30,12:02,332.7,277.2,1,"1,2,3,4,5,6,7",8/3/2026,60,0,0,True,1
Sarandë,Durrës,DR12,Durrës – Berat – Durrës,LEDJAN,https://www.dpshtrr.al/operatoret/ledjan-shpk,K31529517P,Berat,BR-1,Durrës (Plepa),DR-3,12:45,14:20,95.6,79.6,1,"1,2,3,4,5,6,7",8/3/2026,60,0,0,True,1
Sarandë,Durrës,FR11,Fier – Durrës – Fier,KOMPAKT,https://www.dpshtrr.al/operatoret/kompakt-shpk,K23407401F,Fier,FR-8,Durrës (Plepa),DR-3,13:15,14:41,86.5,72.0,1,"1,2,3,4,5,6,7",8/3/2026,60,0,0,True,1
Sarandë,Durrës,DR1,Durrës – Sarandë – Durrës,NORD,https://www.dpshtrr.al/operatoret/nord-shpk,K31526521F,Sarandë,SR-7,Durrës (Plepa),DR-3,13:00,17:27,267.8,223.1,1,"1,2,3,4,5,6,7",8/3/2026,60,0,0,True,0
Sarandë,Elbasan,VL26,Sarandë - Elbasan - Sarandë,SARANDA BUTRINT TRANSPORT,https://www.dpshtrr.al/operatoret/saranda-butrinti-transport,K83903806B,Sarandë,SR-7,"Elbasan ""Kryqezimi i Cerrikut""",EL-4,06:00,10:48,288.4,240.2,1,"1,2,3,4,5,6,7",8/3/2026,60,0,0,True,0
Sarandë,Elbasan,EL13,Elbasan – Kuçovë – Elbasan (me kalim nga Dragoti),SKAMPA TRANS,https://www.dpshtrr.al/operatoret/skampa-trans-shpk,L82914203S,Kucove,BR-46,"Elbasan ""Kryqezimi i Cerrikut""",EL-4,11:45,12:48,63.6,53.0,1,"1,2,3,4,5,6,7",8/3/2026,60,0,0,True,3
Sarandë,Elbasan,VL5,Vlorë - Kuçovë - Vlorë (me kalim nga Roskoveci),INTERBUZ VLORA,https://www.dpshtrr.al/operatoret/interbuz-vlora-shpk,K37004203O,Vlorë,VL-28,Kucove,BR-46,08:00,09:30,90.4,75.3,1,"1,2,3,4,5,6,7",8/3/2026,60,0,0,True,2
Sarandë,Elbasan,TR64,Tiranë – Elbasan – Tiranë (me kalim nga Tuneli),TIRANA - BUS,https://www.dpshtrr.al/operatoret/tirana-bus-shpk,L41511008N,Tiranë Jug-Lindje,TR-1,Elbasan Pallati i Sportit,EL-3,18:00,18:49,49.0,33.1,1,"1,2,3,4,5,6,7",8/3/2026,60,0,0,True,3
Sarandë,Fier,VL4,Vlorë - Fier - Vlorë,INTERBUZ VLORA,https://www.dpshtrr.al/operatoret/interbuz-vlora-shpk,K37004203O,Vlorë,VL-28,Fier,FR-8,11:00,11:44,44.5,37.1,1,"1,2,3,4,5,6,7",8/3/2026,60,0,0,True,1
Sarandë,Himarë,VL15,Vlorë - Himarë - Vlorë,BREGASI,https://www.dpshtrr.al/operatoret/bregasi-shpk,L76330202K,Vlorë,VL-28,Himarë,VL-22,08:00,09:33,93.8,78.1,1,"1,2,3,4,5,6,7",8/3/2026,60,0,0,True,1
Sarandë,Himarë,VL34,Sarandë - Himarë - Sarandë,TRANS-BUS SARANDA,https://www.dpshtrr.al/operatoret/transbus-saranda-shpk,K83725804U,Sarandë,SR-7,Himarë,VL-22,12:00,13:01,61.2,51.0,1,"1,2,3,4,5,6,7",8/3/2026,60,0,0,True,0
Sarandë,Himarë,VL21,Himarë - Sarandë - Himarë,CITY HIMARA,https://www.dpshtrr.al/operatoret/city-himara-shpk,L73731801D,Sarandë,SR-7,Himarë,VL-22,14:15,15:16,61.2,51.0,1,"1,2,3,4,5,6,7",8/3/2026,60,0,0,True,0
Sarandë,Konispol,VL32,Sarandë - Konispol - Sarandë,MEHMETI TRANS,https://www.dpshtrr.al/operatoret/mehmeti-trans-shpk,L74129801A,Sarandë,SR-7,Konispol,SR-8,04:45,05:31,46.6,38.8,1,"1,2,3,4,5,6,7",8/3/2026,60,0,0,True,0
Sarandë,Konispol,VL32,Sarandë - Konispol - Sarandë,MEHMETI TRANS,https://www.dpshtrr.al/operatoret/mehmeti-trans-shpk,L74129801A,Sarandë,SR-7,Konispol,SR-8,06:00,06:46,46.6,38.8,1,"1,2,3,4,5,6,7",8/3/2026,60,0,0,True,0
Sarandë,Konispol,VL38,Konispol - Sarandë - Konispol,YLMA KONISPOL,https://www.dpshtrr.al/operatoret/ylma-konispol-shpk,K34107820G,Sarandë,SR-7,Konispol,SR-8,11:00,11:46,46.6,38.8,1,"1,2,3,4,5,6,7",8/3/2026,60,0,0,True,0
Sarandë,Konispol,VL38,Konispol - Sarandë - Konispol,YLMA KONISPOL,https://www.dpshtrr.al/operatoret/ylma-konispol-shpk,K34107820G,Sarandë,SR-7,Konispol,SR-8,12:00,12:46,46.6,38.8,1,"1,2,3,4,5,6,7",8/3/2026,60,0,0,True,0
Sarandë,Konispol,VL32,Sarandë - Konispol - Sarandë,MEHMETI TRANS,https://www.dpshtrr.al/operatoret/mehmeti-trans-shpk,L74129801A,Sarandë,SR-7,Konispol,SR-8,15:00,15:46,46.6,38.8,1,"1,2,3,4,5,6,7",8/3/2026,60,0,0,True,0
Sarandë,Konispol,TR32,Tiranë – Konispol – Tiranë (nga Bregu),TISA,https://www.dpshtrr.al/operatoret/tisa-shpk,K31520093K,Tiranë Veri-Jug,TR-2,Konispol,SR-8,10:15,16:25,370.9,309.0,1,"1,2,3,4,5,6,7",8/3/2026,60,0,0,True,3
Sarandë,Konispol,VL38,Konispol - Sarandë - Konispol,YLMA KONISPOL,https://www.dpshtrr.al/operatoret/ylma-konispol-shpk,K34107820G,Sarandë,SR-7,Konispol,SR-8,16:00,16:46,46.6,38.8,1,"1,2,3,4,5,6,7",8/3/2026,60,0,0,True,0
Sarandë,Konispol,TR53,Tiranë – Konispol – Tiranë,ANBASTAR,https://www.dpshtrr.al/operatoret/anbastar-shpk,L71814024A,Tiranë Veri-Jug,TR-2,Konispol,SR-8,14:15,20:04,349.2,290.9,1,"1,2,3,4,5,6,7",8/3/2026,60,0,0,True,3
Sarandë,Korçë,KO3,Korçë - Tiranë - Korçë,START BUS KORCA,https://www.dpshtrr.al/operatoret/start-bus-korca-shpk,K24722001V,Tiranë Jug-Lindje,TR-1,Korçë,KO-2,13:00,16:15,195.6,155.3,1,"1,2,3,4,5,6,7",8/3/2026,60,0,0,True,4
Sarandë,Korçë,VL50,Sarandë – Korçë – Sarandë,eTransport,https://www.dpshtrr.al/operatoret-etransport,1,Sarandë,SR-7,Korçë,KO-2,00:00,03:43,223.2,186.0,1,"1,2,3,4,5,6,7",8/3/2026,60,0,0,True,0
Sarandë,Tiranë,TR18,Tiranë – Sarandë – Tiranë (me kalim nga Muzina),TISA,https://www.dpshtrr.al/operatoret/tisa-shpk,K31520093K,Sarandë,SR-7,Tiranë Veri-Jug,TR-2,06:30,12:02,332.7,277.2,1,"1,2,3,4,5,6,7",8/3/2026,60,0,0,True,0
Selenicë,Tiranë,VL41,Selenicë - Vlorë - Selenicë,ROBERT SINAJ,https://www.dpshtrr.al/operatoret/robert-sinaj-shpk,L76619204D,Selenicë,VL-101,Vlorë,VL-28,06:00,06:33,33.2,27.7,1,"1,2,3,4,5,6,7",8/3/2026,60,0,0,True,2
Selenicë,Tiranë,VL12,Vlorë - Rinas(Aeroport) - Vlorë,HERMES AEROPORT,https://www.dpshtrr.al/operatoret/hermes-aeroport-shpk,L67324202E,Vlorë,VL-28,Rinas Aeroport,TR-4,07:00,09:57,177.9,148.2,1,"1,2,3,4,5,6,7",8/3/2026,60,0,0,True,2
Selenicë,Tiranë,VL41,Selenicë - Vlorë - Selenicë,ROBERT SINAJ,https://www.dpshtrr.al/operatoret/robert-sinaj-shpk,L76619204D,Selenicë,VL-101,Vlorë,VL-28,06:30,07:03,33.2,27.7,1,"1,2,3,4,5,6,7",8/3/2026,60,0,0,True,3
Selenicë,Tiranë,VL41,Selenicë - Vlorë - Selenicë,ROBERT SINAJ,https://www.dpshtrr.al/operatoret/robert-sinaj-shpk,L76619204D,Selenicë,VL-101,Vlorë,VL-28,07:00,07:33,33.2,27.7,1,"1,2,3,4,5,6,7",8/3/2026,60,0,0,True,2
Selenicë,Tiranë,VL2,Vlorë - Elbasan - Vlorë (me kalim nga Rrogozhina),INTERBUZ VLORA,https://www.dpshtrr.al/operatoret/interbuz-vlora-shpk,K37004203O,Vlorë,VL-28,"Elbasan ""Kryqezimi i Cerrikut""",EL-4,06:40,09:17,157.9,131.5,1,"1,2,3,4,5,6,7",8/3/2026,60,0,0,True,2
Selenicë,Tiranë,VL41,Selenicë - Vlorë - Selenicë,ROBERT SINAJ,https://www.dpshtrr.al/operatoret/robert-sinaj-shpk,L76619204D,Selenicë,VL-101,Vlorë,VL-28,08:00,08:33,33.2,27.7,1,"1,2,3,4,5,6,7",8/3/2026,60,0,0,True,3
Selenicë,Tiranë,VL42,Selenicë - Tiranë - Selenicë,STAR TRANS OR,https://www.dpshtrr.al/operatoret/star-trans-or-shpk,L63204002T,Selenicë,VL-101,Tiranë Veri-Jug,TR-2,06:00,09:31,211.8,176.5,1,"1,2,3,4,5,6,7",8/3/2026,60,0,0,True,3
Selenicë,Tiranë,VL42,Selenicë - Tiranë - Selenicë,STAR TRANS OR,https://www.dpshtrr.al/operatoret/star-trans-or-shpk,L63204002T,Selenicë,VL-101,Tiranë Veri-Jug,TR-2,08:00,11:31,211.8,176.5,1,"1,2,3,4,5,6,7",8/3/2026,60,0,0,True,3
Selenicë,Tiranë,TR60,Tiranë – Selenicë – Tiranë,EL-ALBA TRANS,https://www.dpshtrr.al/operatoret/el-alba-trans-shpk,J62014003V,Selenicë,VL-101,Tiranë Veri-Jug,TR-2,13:00,16:31,211.8,176.5,1,"1,2,3,4,5,6,7",8/3/2026,60,0,0,True,3
Selenicë,Tiranë,DR54,Shijak – Tiranë – Shijak,ERZENI TRANS,https://www.dpshtrr.al/operatoret/erzeni-trans-shpk,K31527595W,Tiranë Veri-Jug,TR-2,Shijak,DR-16,17:15,17:46,31.2,26.0,1,"1,2,3,4,5,6,7",8/3/2026,60,0,0,True,3
Selenicë,Tiranë,VL44,Vlorë – Selenicë – Vlorë,eTransport,https://www.dpshtrr.al/operatoret-etransport,1,Selenicë,VL-101,Vlorë,VL-28,00:00,00:33,33.4,27.9,1,"1,2,3,4,5,6,7",8/3/2026,60,0,0,True,3
Selenicë,Tiranë,VL14,Vlorë - Librazhd - Vlorë,ALESIO VL 2001,https://www.dpshtrr.al/operatoret/alesio-vl-2001-shpk,L17409208V,Vlorë,VL-28,Librazhd,LB-3,06:00,09:06,186.5,155.3,1,"1,2,3,4,5,6,7",8/4/2026,60,0,0,True,3
Selenicë,Tiranë,DR6,Durrës – Tiranë – Durrës,DEMOKRACIA 95,https://www.dpshtrr.al/operatoret/demokracia-95-shpk,K31601531F,Tiranë Veri-Jug,TR-2,Durrës Stacioni i Trenit,DR-1,16:40,17:22,42.4,35.3,1,"1,2,3,4,5,6,7",8/3/2026,60,0,0,True,2
Selenicë,Tiranë,TR60,Tiranë – Selenicë – Tiranë,EL-ALBA TRANS,https://www.dpshtrr.al/operatoret/el-alba-trans-shpk,J62014003V,Selenicë,VL-101,Tiranë Veri-Jug,TR-2,14:00,17:31,211.8,176.5,1,"1,2,3,4,5,6,7",8/3/2026,60,0,0,True,2
Selenicë,Tiranë,DR6,Durrës – Tiranë – Durrës,DEMOKRACIA 95,https://www.dpshtrr.al/operatoret/demokracia-95-shpk,K31601531F,Tiranë Veri-Jug,TR-2,Durrës Stacioni i Trenit,DR-1,17:40,18:22,42.4,35.3,1,"1,2,3,4,5,6,7",8/3/2026,60,0,0,True,2
Selenicë,Tiranë,VL4,Vlorë - Fier - Vlorë,INTERBUZ VLORA,https://www.dpshtrr.al/operatoret/interbuz-vlora-shpk,K37004203O,Vlorë,VL-28,Fier,FR-8,07:00,07:44,44.5,37.1,1,"1,2,3,4,5,6,7",8/3/2026,60,0,0,True,2
Selenicë,Vlorë,TR16,Tiranë – Vlorë – Tiranë,EL-ALBA TRANS,https://www.dpshtrr.al/operatoret/el-alba-trans-shpk,J62014003V,Tiranë Veri-Jug,TR-2,Vlorë,VL-28,09:40,12:42,183.0,152.4,1,"1,2,3,4,5,6,7",8/3/2026,60,0,0,True,1
Selenicë,Vlorë,VL3,Vlorë - Tiranë - Vlorë,INTERBUZ VLORA,https://www.dpshtrr.al/operatoret/interbuz-vlora-shpk,K37004203O,Tiranë Veri-Jug,TR-2,Vlorë,VL-28,17:00,20:02,183.0,152.4,1,"1,2,3,4,5,6,7",8/3/2026,60,0,0,True,1
Selenicë,Vlorë,VL17,Vlorë - Sarandë - Vlorë (me kalim nga Bregu),BORAKU,https://www.dpshtrr.al/operatoret/boraku-shpk,K36406218M,Vlorë,VL-28,Sarandë,SR-7,06:45,09:19,154.9,129.0,1,"1,2,3,4,5,6,7",8/3/2026,60,0,0,True,2
Shijak,Durrës,DR43,Durrës – Shijak – Durrës,ANDROMEDA GROUP,https://www.dpshtrr.al/operatoret/andromeda-group-shpk,L61307527C,Shijak,DR-16,Durrës Stacioni i Trenit,DR-1,07:00,07:17,17.1,14.2,1,"1,2,3,4,5,6,7",8/3/2026,60,0,0,True,0
Shijak,Durrës,DR56,Shijak – Durrës – Shijak,SHIJAKU & CO,https://www.dpshtrr.al/operatoret/shijakuco-shpk,L62413505H,Shijak,DR-16,Durrës Stacioni i Trenit,DR-1,07:30,07:47,17.1,14.2,1,"1,2,3,4,5,6,7",8/3/2026,60,0,0,True,0
Shijak,Durrës,DR43,Durrës – Shijak – Durrës,ANDROMEDA GROUP,https://www.dpshtrr.al/operatoret/andromeda-group-shpk,L61307527C,Shijak,DR-16,Durrës Stacioni i Trenit,DR-1,08:00,08:17,17.1,14.2,1,"1,2,3,4,5,6,7",8/3/2026,60,0,0,True,0
Shijak,Durrës,DR56,Shijak – Durrës – Shijak,SHIJAKU & CO,https://www.dpshtrr.al/operatoret/shijakuco-shpk,L62413505H,Shijak,DR-16,Durrës Stacioni i Trenit,DR-1,08:30,08:47,17.1,14.2,1,"1,2,3,4,5,6,7",8/3/2026,60,0,0,True,0
Shijak,Durrës,DR43,Durrës – Shijak – Durrës,ANDROMEDA GROUP,https://www.dpshtrr.al/operatoret/andromeda-group-shpk,L61307527C,Shijak,DR-16,Durrës Stacioni i Trenit,DR-1,09:00,09:17,17.1,14.2,1,"1,2,3,4,5,6,7",8/3/2026,60,0,0,True,0
Shijak,Durrës,DR56,Shijak – Durrës – Shijak,SHIJAKU & CO,https://www.dpshtrr.al/operatoret/shijakuco-shpk,L62413505H,Shijak,DR-16,Durrës Stacioni i Trenit,DR-1,09:30,09:47,17.1,14.2,1,"1,2,3,4,5,6,7",8/3/2026,60,0,0,True,0
Shijak,Durrës,DR54,Shijak – Tiranë – Shijak,ERZENI TRANS,https://www.dpshtrr.al/operatoret/erzeni-trans-shpk,K31527595W,Shijak,DR-16,Tiranë Veri-Jug,TR-2,07:00,07:28,28.5,23.8,1,"1,2,3,4,5,6,7",8/3/2026,60,0,0,True,1
Shijak,Durrës,DR54,Shijak – Tiranë – Shijak,ERZENI TRANS,https://www.dpshtrr.al/operatoret/erzeni-trans-shpk,K31527595W,Shijak,DR-16,Tiranë Veri-Jug,TR-2,07:30,07:58,28.5,23.8,1,"1,2,3,4,5,6,7",8/3/2026,60,0,0,True,1
Shijak,Durrës,DR54,Shijak – Tiranë – Shijak,ERZENI TRANS,https://www.dpshtrr.al/operatoret/erzeni-trans-shpk,K31527595W,Shijak,DR-16,Tiranë Veri-Jug,TR-2,08:00,08:28,28.5,23.8,1,"1,2,3,4,5,6,7",8/3/2026,60,0,0,True,1
Shijak,Durrës,DR54,Shijak – Tiranë – Shijak,ERZENI TRANS,https://www.dpshtrr.al/operatoret/erzeni-trans-shpk,K31527595W,Shijak,DR-16,Tiranë Veri-Jug,TR-2,09:00,09:28,28.5,23.8,1,"1,2,3,4,5,6,7",8/3/2026,60,0,0,True,1
Shijak,Korçë,DR59,Shijak – Korçë – Shijak,RIKI TRANS,https://www.dpshtrr.al/operatoret/riki-trans-shpk,L71309505G,Shijak,DR-16,Korçë,KO-2,05:20,09:12,232.4,193.6,1,"1,2,3,4,5,6,7",8/3/2026,60,0,0,True,0
Shijak,Peshkopi,DR57,Shijak – Peshkopi – Shijak,LEOGITA TRANS,https://www.dpshtrr.al/operatoret/leo-gita-trans-shpk,L47307701I,Shijak,DR-16,Peshkopi,DI-3,08:00,10:34,154.2,128.5,1,"1,2,3,4,5,6,7",8/3/2026,60,0,0,True,0
Shkodër,Bajram Curri,ShK1,Shkodër - Tiranë - Shkodër,ROZAFA ORTAKËT,https://www.dpshtrr.al/operatoret/rozafa-ortaket-shpk,K26702001R,Shkodër,SH-15,Tiranë Veri-Jug,TR-2,05:30,07:18,108.5,90.4,1,"1,2,3,4,5,6,7",8/3/2026,60,0,0,True,1
Shkodër,Bajram Curri,ShK1,Shkodër - Tiranë - Shkodër,ROZAFA ORTAKËT,https://www.dpshtrr.al/operatoret/rozafa-ortaket-shpk,K26702001R,Shkodër,SH-15,Tiranë Veri-Jug,TR-2,06:00,07:48,108.5,90.4,1,"1,2,3,4,5,6,7",8/3/2026,60,0,0,True,1
Shkodër,Bajram Curri,ShK1,Shkodër - Tiranë - Shkodër,ROZAFA ORTAKËT,https://www.dpshtrr.al/operatoret/rozafa-ortaket-shpk,K26702001R,Shkodër,SH-15,Tiranë Veri-Jug,TR-2,06:30,08:18,108.5,90.4,1,"1,2,3,4,5,6,7",8/3/2026,60,0,0,True,1
Shkodër,Bajram Curri,ShK1,Shkodër - Tiranë - Shkodër,ROZAFA ORTAKËT,https://www.dpshtrr.al/operatoret/rozafa-ortaket-shpk,K26702001R,Shkodër,SH-15,Tiranë Veri-Jug,TR-2,07:00,08:48,108.5,90.4,1,"1,2,3,4,5,6,7",8/3/2026,60,0,0,True,1
Shkodër,Durrës,ShK5,Shkodër - Durrës - Shkodër,ELJAN - SHKODRA,https://www.dpshtrr.al/operatoret/elian-shkodra-shpk,K86622004G,Shkodër,SH-15,Durrës Stacioni i Trenit,DR-1,07:15,09:22,127.4,106.1,1,"1,2,3,4,5,6,7",8/3/2026,60,0,0,True,0
Shkodër,Fushe- Arrez,ShK8,Shkodër - Fushë Arrëz - Shkodër,ROKI TOURS,https://www.dpshtrr.al/operatoret/roki-tours-shpk,L16306004D,Shkodër,SH-15,Fushe- Arrez,SH-10,06:30,07:58,88.7,73.9,1,"1,2,3,4,5,6,7",8/3/2026,60,0,0,True,0
Shkodër,Koplik,ShK9,Shkodër - Koplik - Shkodër,VELIPOJA EXPRESS,https://www.dpshtrr.al/operatoret/velipoja-ekspres-shpk,K26723001H,Shkodër,SH-15,Koplik,MA-2,06:30,06:51,21.3,17.8,1,"1,2,3,4,5,6,7",8/3/2026,60,0,0,True,0
Shkodër,Koplik,ShK9,Shkodër - Koplik - Shkodër,VELIPOJA EXPRESS,https://www.dpshtrr.al/operatoret/velipoja-ekspres-shpk,K26723001H,Shkodër,SH-15,Koplik,MA-2,07:30,07:51,21.3,17.8,1,"1,2,3,4,5,6,7",8/3/2026,60,0,0,True,0
Shkodër,Koplik,ShK12,Koplik - Shkodër - Koplik,MALËSIA TRAVEL,https://www.dpshtrr.al/operatoret/malesia-travel-shpk,L67508702G,Shkodër,SH-15,Koplik,MA-2,08:00,08:21,21.3,17.8,1,"1,2,3,4,5,6,7",8/3/2026,60,0,0,True,0
Shkodër,Koplik,ShK9,Shkodër - Koplik - Shkodër,VELIPOJA EXPRESS,https://www.dpshtrr.al/operatoret/velipoja-ekspres-shpk,K26723001H,Shkodër,SH-15,Koplik,MA-2,08:30,08:51,21.3,17.8,1,"1,2,3,4,5,6,7",8/3/2026,60,0,0,True,0
Shkodër,Koplik,ShK12,Koplik - Shkodër - Koplik,MALËSIA TRAVEL,https://www.dpshtrr.al/operatoret/malesia-travel-shpk,L67508702G,Shkodër,SH-15,Koplik,MA-2,09:00,09:21,21.3,17.8,1,"1,2,3,4,5,6,7",8/3/2026,60,0,0,True,0
Shkodër,Koplik,ShK9,Shkodër - Koplik - Shkodër,VELIPOJA EXPRESS,https://www.dpshtrr.al/operatoret/velipoja-ekspres-shpk,K26723001H,Shkodër,SH-15,Koplik,MA-2,09:30,09:51,21.3,17.8,1,"1,2,3,4,5,6,7",8/3/2026,60,0,0,True,0
Shkodër,Koplik,ShK12,Koplik - Shkodër - Koplik,MALËSIA TRAVEL,https://www.dpshtrr.al/operatoret/malesia-travel-shpk,L67508702G,Shkodër,SH-15,Koplik,MA-2,10:00,10:21,21.3,17.8,1,"1,2,3,4,5,6,7",8/3/2026,60,0,0,True,0
Shkodër,Koplik,ShK9,Shkodër - Koplik - Shkodër,VELIPOJA EXPRESS,https://www.dpshtrr.al/operatoret/velipoja-ekspres-shpk,K26723001H,Shkodër,SH-15,Koplik,MA-2,10:30,10:51,21.3,17.8,1,"1,2,3,4,5,6,7",8/3/2026,60,0,0,True,0
Shkodër,Kukës,ShK10,Shkodër - Vau i Dejës - Shkodër,VELIPOJA EXPRESS,https://www.dpshtrr.al/operatoret/velipoja-ekspres-shpk,K26723001H,Shkodër,SH-15,Vau i Dejës,SH-2,06:00,06:19,19.1,16.0,1,"1,2,3,4,5,6,7",8/3/2026,60,0,0,True,1
Shkodër,Kukës,ShK15,Vau Dejës - Kukës - Vau Dejës,VAU DEJËS,https://www.dpshtrr.al/operatoret/nordin-shpk,J97113015J,Vau i Dejës,SH-2,Kukës,KU-1,06:30,09:02,152.3,126.9,1,"1,2,3,4,5,6,7",8/3/2026,60,0,0,True,1
Shkodër,Puke,SHK35,Shkodër - Pukë - Shkodër,BESJERI,http://dpshtrr.al,K72811401R,Shkodër,SH-15,Puke,PU-1,00:00,01:05,65.3,54.4,1,"1,2,3,4,5,6,7",8/3/2026,60,0,0,True,0
Shkodër,Rinas Aeroport,ShK4,Shkodër - Rinas - Shkodër,HERMES AEROPORT,https://www.dpshtrr.al/operatoret/hermes-aeroport-shpk,L67324202E,Shkodër,SH-15,Rinas Aeroport,TR-4,05:30,07:09,99.7,83.1,1,"1,2,3,4,5,6,7",8/3/2026,60,0,0,True,0
Shkodër,Tiranë,TR33,Tiranë – Rinas (Aeroport) – Tiranë,Luna,https://www.dpshtrr.al/operatoret/lu-na-shpk,K31412087P,Rinas Aeroport,TR-4,Tirane Qendër Aeroport,TR-14,05:00,05:22,22.5,18.7,1,"1,2,3,4,5,6,7",8/3/2026,60,0,0,True,1
Shkodër,Vau i Dejës,ShK10,Shkodër - Vau i Dejës - Shkodër,VELIPOJA EXPRESS,https://www.dpshtrr.al/operatoret/velipoja-ekspres-shpk,K26723001H,Shkodër,SH-15,Vau i Dejës,SH-2,07:00,07:19,19.1,16.0,1,"1,2,3,4,5,6,7",8/3/2026,60,0,0,True,0
Shkodër,Vau i Dejës,ShK17,Vau Dejës - Guri Zi - Shkodër - Vau Dejës,VAU DEJËS,https://www.dpshtrr.al/operatoret/nordin-shpk,J97113015J,Shkodër,SH-15,Vau i Dejës,SH-2,07:30,07:53,23.1,19.2,1,"1,2,3,4,5,6,7",8/3/2026,60,0,0,True,0
Shkodër,Vau i Dejës,ShK16,Vau Dejës - Krye Bushat - Shkodër - Vau Dejës,VAU DEJËS,https://www.dpshtrr.al/operatoret/nordin-shpk,J97113015J,Shkodër,SH-15,Vau i Dejës,SH-2,07:30,07:56,26.0,21.7,1,"1,2,3,4,5,6,7",8/3/2026,60,0,0,True,0
Shkodër,Vau i Dejës,ShK16,Vau Dejës - Krye Bushat - Shkodër - Vau Dejës,VAU DEJËS,https://www.dpshtrr.al/operatoret/nordin-shpk,J97113015J,Shkodër,SH-15,Vau i Dejës,SH-2,08:00,08:26,26.0,21.7,1,"1,2,3,4,5,6,7",8/3/2026,60,0,0,True,0
Shkodër,Vau i Dejës,ShK10,Shkodër - Vau i Dejës - Shkodër,VELIPOJA EXPRESS,https://www.dpshtrr.al/operatoret/velipoja-ekspres-shpk,K26723001H,Shkodër,SH-15,Vau i Dejës,SH-2,08:30,08:49,19.1,16.0,1,"1,2,3,4,5,6,7",8/3/2026,60,0,0,True,0
Shkodër,Vlorë,ShK6,Shkodër - Vlorë - Shkodër,DINAMIC EXPRESS,https://www.dpshtrr.al/operatoret/dinamic-express-shpk,K87101006T,Shkodër,SH-15,Vlorë,VL-28,06:30,10:58,268.4,223.6,1,"1,2,3,4,5,6,7",8/3/2026,60,0,0,True,0
Shkodër,Vlorë,TR16,Tiranë – Vlorë – Tiranë,EL-ALBA TRANS,https://www.dpshtrr.al/operatoret/el-alba-trans-shpk,J62014003V,Tiranë Veri-Jug,TR-2,Vlorë,VL-28,08:00,11:02,183.0,152.4,1,"1,2,3,4,5,6,7",8/3/2026,60,0,0,True,1
Shkodër,Vlorë,TR16,Tiranë – Vlorë – Tiranë,EL-ALBA TRANS,https://www.dpshtrr.al/operatoret/el-alba-trans-shpk,J62014003V,Tiranë Veri-Jug,TR-2,Vlorë,VL-28,10:30,13:32,183.0,152.4,1,"1,2,3,4,5,6,7",8/3/2026,60,0,0,True,1
Sukth,Tiranë,DR39,Sukth – Tiranë – Sukth,DITA TRANS,https://www.dpshtrr.al/operatoret/dita-trans-shpk,K42408501Q,Sukth,DR-2,Tiranë Veri-Jug,TR-2,06:30,07:00,30.9,25.8,1,"1,2,3,4,5,6,7",8/3/2026,60,0,0,True,3
Sukth,Tiranë,DR39,Sukth – Tiranë – Sukth,DITA TRANS,https://www.dpshtrr.al/operatoret/dita-trans-shpk,K42408501Q,Sukth,DR-2,Tiranë Veri-Jug,TR-2,07:00,07:30,30.9,25.8,1,"1,2,3,4,5,6,7",8/3/2026,60,0,0,True,3
Sukth,Tiranë,TR50,Tiranë – Sukth – Tiranë,TAGO,https://www.dpshtrr.al/operatoret/tago-shpk,L81807009O,Sukth,DR-2,Tiranë Veri-Jug,TR-2,07:30,08:00,30.9,25.8,1,"1,2,3,4,5,6,7",8/3/2026,60,0,0,True,3
Sukth,Tiranë,DR39,Sukth – Tiranë – Sukth,DITA TRANS,https://www.dpshtrr.al/operatoret/dita-trans-shpk,K42408501Q,Sukth,DR-2,Tiranë Veri-Jug,TR-2,08:00,08:30,30.9,25.8,1,"1,2,3,4,5,6,7",8/3/2026,60,0,0,True,3
Sukth,Tiranë,TR50,Tiranë – Sukth – Tiranë,TAGO,https://www.dpshtrr.al/operatoret/tago-shpk,L81807009O,Sukth,DR-2,Tiranë Veri-Jug,TR-2,08:30,09:00,30.9,25.8,1,"1,2,3,4,5,6,7",8/3/2026,60,0,0,True,3
Sukth,Tiranë,DR39,Sukth – Tiranë – Sukth,DITA TRANS,https://www.dpshtrr.al/operatoret/dita-trans-shpk,K42408501Q,Sukth,DR-2,Tiranë Veri-Jug,TR-2,09:00,09:30,30.9,25.8,1,"1,2,3,4,5,6,7",8/3/2026,60,0,0,True,3
Sukth,Tiranë,TR50,Tiranë – Sukth – Tiranë,TAGO,https://www.dpshtrr.al/operatoret/tago-shpk,L81807009O,Sukth,DR-2,Tiranë Veri-Jug,TR-2,09:30,10:00,30.9,25.8,1,"1,2,3,4,5,6,7",8/3/2026,60,0,0,True,3
Sukth,Tiranë,DR39,Sukth – Tiranë – Sukth,DITA TRANS,https://www.dpshtrr.al/operatoret/dita-trans-shpk,K42408501Q,Sukth,DR-2,Tiranë Veri-Jug,TR-2,10:00,10:30,30.9,25.8,1,"1,2,3,4,5,6,7",8/3/2026,60,0,0,True,3
Tepelenë,Gjirokastër,GJ24,Gjirokastër – Tepelenë – Gjirokastër,eTransport,https://www.dpshtrr.al/operatoret-etransport,1,Tepelenë,GJ-12,Gjirokastër,GJ-1,07:30,08:03,33.4,27.9,1,"1,2,3,4,5,6,7",8/3/2026,60,0,0,True,0
Tepelenë,Gjirokastër,GJ35,Gjirokastër – Tepelenë – Gjirokastër,ARJONI - TRAVEL,https://www.dpshtrr.al/operatoret/arjoni-travel,L23913803A,Tepelenë,GJ-12,Gjirokastër,GJ-1,07:30,08:03,33.4,27.9,1,"1,2,3,4,5,6,7",8/3/2026,60,0,0,True,0
Tepelenë,Gjirokastër,GJ35,Gjirokastër – Tepelenë – Gjirokastër,ARJONI - TRAVEL,https://www.dpshtrr.al/operatoret/arjoni-travel,L23913803A,Tepelenë,GJ-12,Gjirokastër,GJ-1,10:30,11:03,33.4,27.9,1,"1,2,3,4,5,6,7",8/3/2026,60,0,0,True,0
Tepelenë,Gjirokastër,GJ35,Gjirokastër – Tepelenë – Gjirokastër,ARJONI - TRAVEL,https://www.dpshtrr.al/operatoret/arjoni-travel,L23913803A,Tepelenë,GJ-12,Gjirokastër,GJ-1,14:00,14:33,33.4,27.9,1,"1,2,3,4,5,6,7",8/3/2026,60,0,0,True,0
Tepelenë,Gjirokastër,GJ27,Tepelenë – Gjirokastër – Tepelenë,eTransport,https://www.dpshtrr.al/operatoret-etransport,1,Tepelenë,GJ-12,Gjirokastër,GJ-1,00:00,00:33,33.4,27.9,1,"1,2,3,4,5,6,7",8/3/2026,60,0,0,True,0
Tepelenë,Memaliaj,GJ20,Tepelenë - Tiranë - Tepelenë,TEPELENA TRANSPORT,https://www.dpshtrr.al/operatoret/tepelena-transport-shpk,L68815501J,Tepelenë,GJ-12,Tiranë Veri-Jug,TR-2,05:00,08:55,235.2,195.9,1,"1,2,3,4,5,6,7",8/3/2026,60,0,0,True,1
Tepelenë,Memaliaj,GJ20,Tepelenë - Tiranë - Tepelenë,TEPELENA TRANSPORT,https://www.dpshtrr.al/operatoret/tepelena-transport-shpk,L68815501J,Tepelenë,GJ-12,Tiranë Veri-Jug,TR-2,06:00,09:55,235.2,195.9,1,"1,2,3,4,5,6,7",8/3/2026,60,0,0,True,1
Tepelenë,Memaliaj,GJ31,Memaliaj – Tepelenë – Memaliaj,eTransport,https://www.dpshtrr.al/operatoret-etransport,1,Tepelenë,GJ-12,Memaliaj,GJ-9,00:00,00:10,10.2,8.5,1,"1,2,3,4,5,6,7",8/3/2026,60,0,0,True,0
Tepelenë,Memaliaj,GJ28,Tepelenë – Memaliaj – Tepelenë,eTransport,https://www.dpshtrr.al/operatoret-etransport,1,Tepelenë,GJ-12,Memaliaj,GJ-9,00:00,00:10,10.2,8.5,1,"1,2,3,4,5,6,7",8/3/2026,60,0,0,True,0
Tepelenë,Përmet,GJ29,Tepelenë – Përmet – Tepelenë,eTransport,https://www.dpshtrr.al/operatoret-etransport,1,Tepelenë,GJ-12,Përmet,PR-1,00:00,00:49,49.7,41.4,1,"1,2,3,4,5,6,7",8/3/2026,60,0,0,True,0
Tepelenë,Përmet,GJ26,Përmet – Tepelenë – Përmet,eTransport,https://www.dpshtrr.al/operatoret-etransport,1,Tepelenë,GJ-12,Përmet,PR-1,00:00,00:49,49.7,41.4,1,"1,2,3,4,5,6,7",8/3/2026,60,0,0,True,0
Tepelenë,Tiranë,TR23,Tiranë – Tepelenë – Tiranë,TISA,https://www.dpshtrr.al/operatoret/tisa-shpk,K31520093K,Tepelenë,GJ-12,Tiranë Veri-Jug,TR-2,13:30,17:25,235.2,195.9,1,"1,2,3,4,5,6,7",8/3/2026,60,0,0,True,3
Tepelenë,Tiranë,EL3,Elbasan – Vlorë – Elbasan,TRANSEL,https://www.dpshtrr.al/operatoret/transel-shpk,K63320202V,Vlorë,VL-28,"Elbasan ""Kryqezimi i Cerrikut""",EL-4,14:45,17:22,157.8,131.5,1,"1,2,3,4,5,6,7",8/3/2026,60,0,0,True,3
Tepelenë,Tiranë,TR15,Tiranë – Gjirokastër – Tiranë,TIRKA 2000,https://www.dpshtrr.al/operatoret/tirka-2000-shpk,J72027001C,Gjirokastër,GJ-1,Tiranë Veri-Jug,TR-2,12:00,16:28,268.4,223.6,1,"1,2,3,4,5,6,7",8/3/2026,60,0,0,True,1
Tepelenë,Vlorë,VL3,Vlorë - Tiranë - Vlorë,INTERBUZ VLORA,https://www.dpshtrr.al/operatoret/interbuz-vlora-shpk,K37004203O,Tiranë Veri-Jug,TR-2,Vlorë,VL-28,12:00,15:02,183.0,152.4,1,"1,2,3,4,5,6,7",8/3/2026,60,0,0,True,1
Tiranë,Bajram Curri,TR33,Tiranë – Rinas (Aeroport) – Tiranë,Luna,https://www.dpshtrr.al/operatoret/lu-na-shpk,K31412087P,Tirane Qendër Aeroport,TR-14,Rinas Aeroport,TR-4,01:00,02:00,60.0,18.6,1,"1,2,3,4,5,6,7",8/2/2026,60,0,0,True,4
Tiranë,Bajram Curri,TR33,Tiranë – Rinas (Aeroport) – Tiranë,Luna,https://www.dpshtrr.al/operatoret/lu-na-shpk,K31412087P,Tirane Qendër Aeroport,TR-14,Rinas Aeroport,TR-4,02:00,02:00,,18.6,1,"1,2,3,4,5,6,7",8/3/2026,60,0,0,True,3
Tiranë,Bajram Curri,FR12,"Fier – Rinas – Fier (nga Ura e Dajlanit, Vorë)",EURO - ALBANIA TRAVEL,https://www.dpshtrr.al/operatoret/euro-albania-travel-shpk,L33609403Q,Rinas Aeroport,TR-4,Fier,FR-8,08:00,10:05,126.0,105.0,1,"1,2,3,4,5,6,7",8/3/2026,60,0,0,True,3
Tiranë,Bajram Curri,TR33,Tiranë – Rinas (Aeroport) – Tiranë,Luna,https://www.dpshtrr.al/operatoret/lu-na-shpk,K31412087P,Tirane Qendër Aeroport,TR-14,Rinas Aeroport,TR-4,03:00,03:22,22.4,18.6,1,"1,2,3,4,5,6,7",8/3/2026,60,0,0,True,3
Tiranë,Bajram Curri,DR42,Durrës – Rinas (Aeroport) – Durrës,ADIS,https://www.dpshtrr.al/operatoret/adis-shpk,K31412511R,Rinas Aeroport,TR-4,Durrës Stacioni i Trenit,DR-1,09:00,09:40,40.4,33.7,1,"1,2,3,4,5,6,7",8/3/2026,60,0,0,True,3
Tiranë,Bajram Curri,TR33,Tiranë – Rinas (Aeroport) – Tiranë,Luna,https://www.dpshtrr.al/operatoret/lu-na-shpk,K31412087P,Tirane Qendër Aeroport,TR-14,Rinas Aeroport,TR-4,04:00,04:22,22.4,18.6,1,"1,2,3,4,5,6,7",8/3/2026,60,0,0,True,3
Tiranë,Bajram Curri,FR12,"Fier – Rinas – Fier (nga Ura e Dajlanit, Vorë)",EURO - ALBANIA TRAVEL,https://www.dpshtrr.al/operatoret/euro-albania-travel-shpk,L33609403Q,Rinas Aeroport,TR-4,Fier,FR-8,09:00,11:05,126.0,105.0,1,"1,2,3,4,5,6,7",8/3/2026,60,0,0,True,3
Tiranë,Bajram Curri,TR33,Tiranë – Rinas (Aeroport) – Tiranë,Luna,https://www.dpshtrr.al/operatoret/lu-na-shpk,K31412087P,Tirane Qendër Aeroport,TR-14,Rinas Aeroport,TR-4,06:00,06:22,22.4,18.6,1,"1,2,3,4,5,6,7",8/3/2026,60,0,0,True,3
Tiranë,Bajram Curri,ShK4,Shkodër - Rinas - Shkodër,HERMES AEROPORT,https://www.dpshtrr.al/operatoret/hermes-aeroport-shpk,L67324202E,Rinas Aeroport,TR-4,Shkodër,SH-15,09:30,11:10,100.4,83.7,1,"1,2,3,4,5,6,7",8/3/2026,60,0,0,True,3
Tiranë,Bajram Curri,ShK1,Shkodër - Tiranë - Shkodër,ROZAFA ORTAKËT,https://www.dpshtrr.al/operatoret/rozafa-ortaket-shpk,K26702001R,Shkodër,SH-15,Tiranë Veri-Jug,TR-2,11:30,13:18,108.5,90.4,1,"1,2,3,4,5,6,7",8/3/2026,60,0,0,True,3
Tiranë,Bajram Curri,TR33,Tiranë – Rinas (Aeroport) – Tiranë,Luna,https://www.dpshtrr.al/operatoret/lu-na-shpk,K31412087P,Tirane Qendër Aeroport,TR-14,Rinas Aeroport,TR-4,07:00,07:22,22.4,18.6,1,"1,2,3,4,5,6,7",8/3/2026,60,0,0,True,3
Tiranë,Bajram Curri,DR42,Durrës – Rinas (Aeroport) – Durrës,ADIS,https://www.dpshtrr.al/operatoret/adis-shpk,K31412511R,Rinas Aeroport,TR-4,Durrës Stacioni i Trenit,DR-1,12:00,12:40,40.4,33.7,1,"1,2,3,4,5,6,7",8/3/2026,60,0,0,True,3
Tiranë,Bajram Curri,DR6,Durrës – Tiranë – Durrës,DEMOKRACIA 95,https://www.dpshtrr.al/operatoret/demokracia-95-shpk,K31601531F,Durrës Stacioni i Trenit,DR-1,Tiranë Veri-Jug,TR-2,12:50,13:30,40.2,33.5,1,"1,2,3,4,5,6,7",8/3/2026,60,0,0,True,3
Tiranë,Bajram Curri,TR43,Tiranë – Elbasan – Tiranë,EL ALBA 2,https://www.dpshtrr.al/operatoret/elalba-2-shpk,K21402001V,Tiranë Jug-Lindje,TR-1,"Elbasan ""Kryqezimi i Cerrikut""",EL-4,06:00,06:49,49.7,33.7,1,"1,2,3,4,5,6,7",8/3/2026,60,0,0,True,3
Tiranë,Bajram Curri,VL12,Vlorë - Rinas(Aeroport) - Vlorë,HERMES AEROPORT,https://www.dpshtrr.al/operatoret/hermes-aeroport-shpk,L67324202E,Rinas Aeroport,TR-4,Vlorë,VL-28,00:45,03:42,177.4,147.8,1,"1,2,3,4,5,6,7",8/2/2026,60,0,0,True,2
Tiranë,Bajram Curri,VL3,Vlorë - Tiranë - Vlorë,INTERBUZ VLORA,https://www.dpshtrr.al/operatoret/interbuz-vlora-shpk,K37004203O,Vlorë,VL-28,Tiranë Veri-Jug,TR-2,04:00,06:59,179.8,149.8,1,"1,2,3,4,5,6,7",8/3/2026,60,0,0,True,2
Tiranë,Bajram Curri,ShK4,Shkodër - Rinas - Shkodër,HERMES AEROPORT,https://www.dpshtrr.al/operatoret/hermes-aeroport-shpk,L67324202E,Rinas Aeroport,TR-4,Shkodër,SH-15,00:45,02:25,100.4,83.7,1,"1,2,3,4,5,6,7",8/2/2026,60,0,0,True,2
Tiranë,Bajram Curri,FR12,"Fier – Rinas – Fier (nga Ura e Dajlanit, Vorë)",EURO - ALBANIA TRAVEL,https://www.dpshtrr.al/operatoret/euro-albania-travel-shpk,L33609403Q,Rinas Aeroport,TR-4,Fier,FR-8,01:00,03:05,126.0,105.0,1,"1,2,3,4,5,6,7",8/2/2026,60,0,0,True,2
Tiranë,Bajram Curri,DR42,Durrës – Rinas (Aeroport) – Durrës,ADIS,https://www.dpshtrr.al/operatoret/adis-shpk,K31412511R,Rinas Aeroport,TR-4,Durrës Stacioni i Trenit,DR-1,10:00,10:40,40.4,33.7,1,"1,2,3,4,5,6,7",8/3/2026,60,0,0,True,2
Tiranë,Bajram Curri,TR4,"Tiranë – Koman – B. Curri – Tiranë(ky itinerar realizohet pjeserisht me anije mbi liqenin e ""Fierzes"")",DRIAGONA,https://www.dpshtrr.al/operatoret/driagona-shpk,K22006002Q,Tiranë Veri-Jug,TR-2,Bajram Curri,BC-1,05:00,08:22,202.0,168.3,1,"1,2,3,4,5,6,7",8/3/2026,60,0,0,True,0
Tiranë,Bajram Curri,KU8,B. Curri -Tiranë - B. Curri (Qafa e Malit),RILINDI,https://www.dpshtrr.al/operatoret/rilindi-shpk,K49326636A,Tiranë Veri-Jug,TR-2,Bajram Curri,BC-1,05:30,09:51,261.0,217.4,1,"1,2,3,4,5,6,7",8/3/2026,60,0,0,True,0
Tiranë,Bajram Curri,TR44,Tiranë – Kukës – Krumë – B. Curri – Tiranë,SHPRESA - AL,https://www.dpshtrr.al/operatoret/shpresa-al-shpk,K31321021N,Tiranë Veri-Jug,TR-2,Bajram Curri,BC-1,05:30,10:04,274.7,228.9,1,"1,2,3,4,5,6,7",8/3/2026,60,0,0,True,0
Tiranë,Bajram Curri,TR52,Tiranë – Kukës – Morinë (AL)/Vermicë (KS) – Gjakovë – Qafë Morinë (AL)/(KS) – Bajram Curri – Tiranë,DRIAGONA,https://www.dpshtrr.al/operatoret/driagona-shpk,K22006002Q,Tiranë Veri-Jug,TR-2,Bajram Curri,BC-1,06:00,10:48,288.8,240.6,1,"1,3,5,7",8/3/2026,60,0,0,True,0
Tiranë,Bajram Curri,TR70,Kamëz – Shkodër – Kamëz,SHPRESA - AL,https://www.dpshtrr.al/operatoret/shpresa-al-shpk,K31321021N,Kamez 2,TR-00097,Shkodër,SH-15,06:00,07:43,103.2,86.0,1,"1,2,3,4,5,6,7",8/3/2026,60,0,0,True,2
Tiranë,Bajram Curri,TR70,Kamëz – Shkodër – Kamëz,SHPRESA - AL,https://www.dpshtrr.al/operatoret/shpresa-al-shpk,K31321021N,Kamez 2,TR-00097,Shkodër,SH-15,07:00,08:43,103.2,86.0,1,"1,2,3,4,5,6,7",8/3/2026,60,0,0,True,2
Tiranë,Bajram Curri,TR70,Kamëz – Shkodër – Kamëz,SHPRESA - AL,https://www.dpshtrr.al/operatoret/shpresa-al-shpk,K31321021N,Kamez 2,TR-00097,Shkodër,SH-15,08:00,09:43,103.2,86.0,1,"1,2,3,4,5,6,7",8/3/2026,60,0,0,True,2
Tiranë,Bajram Curri,TR70,Kamëz – Shkodër – Kamëz,SHPRESA - AL,https://www.dpshtrr.al/operatoret/shpresa-al-shpk,K31321021N,Kamez 2,TR-00097,Shkodër,SH-15,09:00,10:43,103.2,86.0,1,"1,2,3,4,5,6,7",8/3/2026,60,0,0,True,2
Tiranë,Bajram Curri,TR70,Kamëz – Shkodër – Kamëz,SHPRESA - AL,https://www.dpshtrr.al/operatoret/shpresa-al-shpk,K31321021N,Kamez 2,TR-00097,Shkodër,SH-15,10:00,11:43,103.2,86.0,1,"1,2,3,4,5,6,7",8/3/2026,60,0,0,True,2
Tiranë,Berat,BR29,Berat - Fier - Berat,AIDA - TRANS 02,https://www.dpshtrr.al/operatoret/aida-trans-02-shpk,K32515186K,Fier,FR-8,Berat,BR-1,11:30,12:22,52.1,43.4,1,"1,2,3,4,5,6,7",8/3/2026,60,0,0,True,2
Tiranë,Berat,TR33,Tiranë – Rinas (Aeroport) – Tiranë,Luna,https://www.dpshtrr.al/operatoret/lu-na-shpk,K31412087P,Tirane Qendër Aeroport,TR-14,Rinas Aeroport,TR-4,05:00,05:22,22.4,18.6,1,"1,2,3,4,5,6,7",8/3/2026,60,0,0,True,3
Tiranë,Berat,FR12,"Fier – Rinas – Fier (nga Ura e Dajlanit, Vorë)",EURO - ALBANIA TRAVEL,https://www.dpshtrr.al/operatoret/euro-albania-travel-shpk,L33609403Q,Rinas Aeroport,TR-4,Fier,FR-8,10:00,12:05,126.0,105.0,1,"1,2,3,4,5,6,7",8/3/2026,60,0,0,True,2
Tiranë,Berat,FR2,Fier – Berat – Fier,ÇUKO,https://www.dpshtrr.al/operatoret/cuko-shpk,J62903571K,Fier,FR-8,Berat,BR-1,12:30,13:22,52.1,43.4,1,"1,2,3,4,5,6,7",8/3/2026,60,0,0,True,2
Tiranë,Berat,FR12,"Fier – Rinas – Fier (nga Ura e Dajlanit, Vorë)",EURO - ALBANIA TRAVEL,https://www.dpshtrr.al/operatoret/euro-albania-travel-shpk,L33609403Q,Rinas Aeroport,TR-4,Fier,FR-8,11:00,13:05,126.0,105.0,1,"1,2,3,4,5,6,7",8/3/2026,60,0,0,True,2
Tiranë,Berat,TR33,Tiranë – Rinas (Aeroport) – Tiranë,Luna,https://www.dpshtrr.al/operatoret/lu-na-shpk,K31412087P,Tirane Qendër Aeroport,TR-14,Rinas Aeroport,TR-4,08:00,08:22,22.4,18.6,1,"1,2,3,4,5,6,7",8/3/2026,60,0,0,True,2
Tiranë,Berat,BR28,Berat – Lushnje - Berat,STAR TRANS OR,https://www.dpshtrr.al/operatoret/star-trans-or-shpk,L63204002T,Lushnjë,LU-1,Berat,BR-1,12:00,12:41,41.8,34.8,1,"1,2,3,4,5,6,7",8/3/2026,60,0,0,True,2
Tiranë,Berat,BR38,Berat – Kuçovë - Berat,SHQIPONJA,https://www.dpshtrr.al/operatoret/shqiponja-shpk,K23206026B,Kucove,BR-46,Berat,BR-1,12:30,12:45,15.5,12.9,1,"1,2,3,4,5,6,7",8/3/2026,60,0,0,True,2
Tiranë,Berat,VL6,Vlorë - Berat - Vlorë (me kalim nga Roskoveci),HODAJ TRANSPORT,https://www.dpshtrr.al/operatoret/sal-eri-shpk,L47306201T,Vlorë,VL-28,Berat,BR-1,06:00,07:35,95.1,79.2,1,"1,2,3,4,5,6,7",8/3/2026,60,0,0,True,1
Tiranë,Berat,TR14,Tiranë – Fier – Tiranë,KLID EKSPRESS,https://www.dpshtrr.al/operatoret/klid-ekspres-shpk,K22301004Q,Tiranë Veri-Jug,TR-2,Fier,FR-8,05:00,07:11,131.5,109.6,1,"1,2,3,4,5,6,7",8/3/2026,60,0,0,True,1
Tiranë,Berat,TR19,Tiranë – Berat – Tiranë,TIBE,https://www.dpshtrr.al/operatoret/tibe-shpk,K31327069U,Tiranë Veri-Jug,TR-2,Berat,BR-1,06:10,08:30,141.0,117.5,1,"1,2,3,4,5,6,7",8/3/2026,60,0,0,True,0
Tiranë,Berat,TR28,Tiranë – Lushnjë – Tiranë,PIKO,https://www.dpshtrr.al/operatoret/piko-shpk,K22301006J,Tiranë Veri-Jug,TR-2,Lushnjë,LU-1,06:10,07:48,98.1,81.7,1,"1,2,3,4,5,6,7",8/3/2026,60,0,0,True,1
Tiranë,Berat,BR17,Kucove – Shkoder – Kucove,ALFONS TRANS,http://dpshtrr.al,L68413101J,Shkodër,SH-15,Kucove,BR-46,12:15,15:56,221.1,184.2,1,"1,2,3,4,5,6,7",8/3/2026,60,0,0,True,2
Tiranë,Berat,BR38,Berat – Kuçovë - Berat,SHQIPONJA,https://www.dpshtrr.al/operatoret/shqiponja-shpk,K23206026B,Kucove,BR-46,Berat,BR-1,16:00,16:15,15.5,12.9,1,"1,2,3,4,5,6,7",8/3/2026,60,0,0,True,2
Tiranë,Bilisht,FR11,Fier – Durrës – Fier,KOMPAKT,https://www.dpshtrr.al/operatoret/kompakt-shpk,K23407401F,Fier,FR-8,Durrës (Plepa),DR-3,12:15,13:41,86.5,72.0,1,"1,2,3,4,5,6,7",8/3/2026,60,0,0,True,4
Tiranë,Bilisht,TR39,Tiranë – Bilisht – Tiranë,BEAM,https://www.dpshtrr.al/operatoret/beam-shpk,K22313004H,Tiranë Jug-Lindje,TR-1,Bilisht,KO-1,05:30,09:00,210.1,167.0,1,"1,2,3,4,5,6,7",8/3/2026,60,0,0,True,0
Tiranë,Bilisht,TR13,Tiranë – Korçë – Tiranë,EL ALBA 2,https://www.dpshtrr.al/operatoret/elalba-2-shpk,K21402001V,Tiranë Jug-Lindje,TR-1,Korçë,KO-2,05:45,09:00,195.6,155.8,1,"1,2,3,4,5,6,7",8/3/2026,60,0,0,True,1
Tiranë,Bilisht,TR39,Tiranë – Bilisht – Tiranë,BEAM,https://www.dpshtrr.al/operatoret/beam-shpk,K22313004H,Tiranë Jug-Lindje,TR-1,Bilisht,KO-1,07:00,10:30,210.1,167.0,1,"1,2,3,4,5,6,7",8/3/2026,60,0,0,True,0
Tiranë,Bilisht,TR39,Tiranë – Bilisht – Tiranë,BEAM,https://www.dpshtrr.al/operatoret/beam-shpk,K22313004H,Tiranë Jug-Lindje,TR-1,Bilisht,KO-1,09:30,13:00,210.1,167.0,1,"1,2,3,4,5,6,7",8/3/2026,60,0,0,True,0
Tiranë,Bilisht,VL1,Vlorë - Korçë - Vlorë,HAMZAJ,https://www.dpshtrr.al/operatoret/hamzaj-shpk,K36417206V,Vlorë,VL-28,Korçë,KO-2,05:30,10:34,304.1,253.4,1,"1,2,3,4,5,6,7",8/3/2026,60,0,0,True,2
Tiranë,Bilisht,TR20,Tiranë – Kuçovë – Tiranë,TIBE,https://www.dpshtrr.al/operatoret/tibe-shpk,K31327069U,Tiranë Veri-Jug,TR-2,Kucove,BR-46,06:30,08:45,135.9,113.2,1,"1,2,3,4,5,6,7",8/3/2026,60,0,0,True,3
Tiranë,Bilisht,TR66,Kamëz – Durrës – Kamëz,SHPRESA - AL,https://www.dpshtrr.al/operatoret/shpresa-al-shpk,K31321021N,Durrës Stacioni i Trenit,DR-1,Kamëz,TR-00096,10:30,11:16,46.3,38.6,1,"1,2,3,4,5,6,7",8/3/2026,60,0,0,True,4
Tiranë,Bulqizë,DI12,Bulqizë – Tiranë – Bulqizë,BULQIZA,https://www.dpshtrr.al/operatoret/bulqiza-shpk,K47220406W,Tiranë Veri-Jug,TR-2,Bulqizë,BZ-1,14:30,15:43,73.9,61.6,1,"1,2,3,4,5,6,7",8/3/2026,60,0,0,True,3
Tiranë,Bulqizë,TR14,Tiranë – Fier – Tiranë,KLID EKSPRESS,https://www.dpshtrr.al/operatoret/klid-ekspres-shpk,K22301004Q,Fier,FR-8,Tiranë Veri-Jug,TR-2,12:30,14:39,129.0,107.5,1,"1,2,3,4,5,6,7",8/3/2026,60,0,0,True,3
Tiranë,Bulqizë,DI12,Bulqizë – Tiranë – Bulqizë,BULQIZA,https://www.dpshtrr.al/operatoret/bulqiza-shpk,K47220406W,Tiranë Veri-Jug,TR-2,Bulqizë,BZ-1,16:00,17:13,73.9,61.6,1,"1,2,3,4,5,6,7",8/3/2026,60,0,0,True,3
Tiranë,Bulqizë,DI20,Bulqizë – Elbasan – Bulqizë,ARNES-2017,https://www.dpshtrr.al,L77002401F,"Elbasan ""Kryqezimi i Cerrikut""",EL-4,Bulqizë,BZ-1,14:00,16:02,122.3,101.9,1,"1,2,3,4,5,6,7",8/3/2026,60,0,0,True,1
Tiranë,Bulqizë,DI13,Bulqizë – Durrës – Bulqizë,BULQIZA,https://www.dpshtrr.al/operatoret/bulqiza-shpk,K47220406W,Durrës Stacioni i Trenit,DR-1,Bulqizë,BZ-1,16:00,17:54,114.0,95.0,1,"1,2,3,4,5,6,7",8/3/2026,60,0,0,True,1
Tiranë,Bulqizë,TR10,Tiranë – Bulqizë - Tiranë,DIBRA F&P,https://www.dpshtrr.al/operatoret/dibra-fp-shpk,L57312701L,Tiranë Veri-Jug,TR-2,Bulqizë,BZ-1,06:00,07:13,73.9,61.6,1,"1,2,3,4,5,6,7",8/3/2026,60,0,0,True,0
Tiranë,Bulqizë,TR11,Tiranë – Peshkopi – Tiranë,SHPRESA - AL,https://www.dpshtrr.al/operatoret/shpresa-al-shpk,K31321021N,Tiranë Veri-Jug,TR-2,Peshkopi,DI-3,05:00,07:05,125.8,104.8,1,"1,2,3,4,5,6,7",8/3/2026,60,0,0,True,1
Tiranë,Bulqizë,TR11,Tiranë – Peshkopi – Tiranë,SHPRESA - AL,https://www.dpshtrr.al/operatoret/shpresa-al-shpk,K31321021N,Tiranë Veri-Jug,TR-2,Peshkopi,DI-3,05:40,07:45,125.8,104.8,1,"1,2,3,4,5,6,7",8/3/2026,60,0,0,True,1
Tiranë,Burrel,BR40,Burrel-Shkoder-Burrel,4 ORTAKËT,https://www.dpshtrr.al/operatoret/4-ortaket-shpk,K87618901S,Shkodër,SH-15,Burrel,BZ-3,13:30,15:23,113.8,94.8,1,"1,2,3,4,5,6,7",8/3/2026,60,0,0,True,2
Tiranë,Burrel,DI8,Burrel – Tiranë – Burrel,4 ORTAKËT,https://www.dpshtrr.al/operatoret/4-ortaket-shpk,K87618901S,Tiranë Veri-Jug,TR-2,Burrel,BZ-3,15:00,16:17,78.0,65.0,1,"1,2,3,4,5,6,7",8/3/2026,60,0,0,True,3
Tiranë,Burrel,TR61,Tiranë – Klos – Tiranë,MARSONI AL TRANSPORT,https://www.dpshtrr.al/operatoret/marsoni-al-transport-shpk,L62415024Q,Tiranë Veri-Jug,TR-2,Klos,DI-101,05:30,06:26,56.9,47.4,1,"1,2,3,4,5,6,7",8/3/2026,60,0,0,True,1
Tiranë,Burrel,TR9,Tiranë – Burrel – Tiranë,MARSONI AL TRANSPORT,https://www.dpshtrr.al/operatoret/marsoni-al-transport-shpk,L62415024Q,Tiranë Veri-Jug,TR-2,Burrel,BZ-3,06:00,07:48,108.2,90.2,1,"1,2,3,4,5,6,7",8/3/2026,60,0,0,True,0
Tiranë,Corovode,VL10,Vlorë - Çorovodë - Vlorë,SKERDBES,https://www.dpshtrr.al/operatoret/skerdbes-shpk,K46817201R,Vlorë,VL-28,Corovode,BR-11,06:30,09:22,172.4,143.6,1,"1,2,3,4,5,6,7",8/3/2026,60,0,0,True,2
Tiranë,Corovode,VL12,Vlorë - Rinas(Aeroport) - Vlorë,HERMES AEROPORT,https://www.dpshtrr.al/operatoret/hermes-aeroport-shpk,L67324202E,Rinas Aeroport,TR-4,Vlorë,VL-28,11:00,13:57,177.4,147.8,1,"1,2,3,4,5,6,7",8/3/2026,60,0,0,True,3
Tiranë,Corovode,TR34,Tiranë – Çorovodë – Tiranë (pa të drejtë qëndrimi në Berat),QANI,https://www.dpshtrr.al/operatoret/qani-shpk,K31317004D,Tiranë Veri-Jug,TR-2,Corovode,BR-11,06:00,09:24,204.6,170.5,1,"1,2,3,4,5,6,7",8/3/2026,60,0,0,True,0
Tiranë,Delvine,VL40,Delvinë - Sarandë - Delvinë,TRANS - SOPOTI,https://www.dpshtrr.al/operatoret/trans-sopoti-shpk,L67101501I,Sarandë,SR-7,Delvine,GJ-31,14:30,14:49,19.9,16.6,1,"1,2,3,4,5,6,7",8/3/2026,60,0,0,True,4
Tiranë,Delvine,VL40,Delvinë - Sarandë - Delvinë,TRANS - SOPOTI,https://www.dpshtrr.al/operatoret/trans-sopoti-shpk,L67101501I,Sarandë,SR-7,Delvine,GJ-31,16:30,16:49,19.9,16.6,1,"1,2,3,4,5,6,7",8/3/2026,60,0,0,True,4
Tiranë,Delvine,VL40,Delvinë - Sarandë - Delvinë,TRANS - SOPOTI,https://www.dpshtrr.al/operatoret/trans-sopoti-shpk,L67101501I,Sarandë,SR-7,Delvine,GJ-31,17:30,17:49,19.9,16.6,1,"1,2,3,4,5,6,7",8/3/2026,60,0,0,True,4
Tiranë,Delvine,VL39,Delvinë - Tiranë - Delvinë,TRANS - SOPOTI,https://www.dpshtrr.al/operatoret/trans-sopoti-shpk,L67101501I,Tiranë Veri-Jug,TR-2,Delvine,GJ-31,13:00,18:09,310.0,258.2,1,"1,2,3,4,5,6,7",8/3/2026,60,0,0,True,3
Tiranë,Delvine,VL31,Sarandë - Delvinë - Sarandë,JONI - TRANS - SARANDA,https://www.dpshtrr.al/operatoret/joni-trans-saranda-shpk,K84824801T,Sarandë,SR-7,Delvine,GJ-31,18:00,18:19,19.9,16.6,1,"1,2,3,4,5,6,7",8/3/2026,60,0,0,True,4
Tiranë,Delvine,VL33,Sarandë - Vlorë - Sarandë ( me kalim nga Muzina ),SARANDA - TRANSPORT - 2012,https://www.dpshtrr.al/operatoret/transport-saranda-2012-shpk,L24212801F,Vlorë,VL-28,Sarandë,SR-7,14:30,17:59,209.1,174.2,1,"1,2,3,4,5,6,7",8/3/2026,60,0,0,True,3
Tiranë,Delvine,VL40,Delvinë - Sarandë - Delvinë,TRANS - SOPOTI,https://www.dpshtrr.al/operatoret/trans-sopoti-shpk,L67101501I,Sarandë,SR-7,Delvine,GJ-31,18:30,18:49,19.9,16.6,1,"1,2,3,4,5,6,7",8/3/2026,60,0,0,True,3
Tiranë,Delvine,VL31,Sarandë - Delvinë - Sarandë,JONI - TRANS - SARANDA,https://www.dpshtrr.al/operatoret/joni-trans-saranda-shpk,K84824801T,Sarandë,SR-7,Delvine,GJ-31,19:00,19:19,19.9,16.6,1,"1,2,3,4,5,6,7",8/3/2026,60,0,0,True,4
Tiranë,Delvine,VL31,Sarandë - Delvinë - Sarandë,JONI - TRANS - SARANDA,https://www.dpshtrr.al/operatoret/joni-trans-saranda-shpk,K84824801T,Sarandë,SR-7,Delvine,GJ-31,13:00,13:19,19.9,16.6,1,"1,2,3,4,5,6,7",8/3/2026,60,0,0,True,2
Tiranë,Delvine,VL31,Sarandë - Delvinë - Sarandë,JONI - TRANS - SARANDA,https://www.dpshtrr.al/operatoret/joni-trans-saranda-shpk,K84824801T,Sarandë,SR-7,Delvine,GJ-31,17:00,17:19,19.9,16.6,1,"1,2,3,4,5,6,7",8/3/2026,60,0,0,True,2
Tiranë,Delvine,VL17,Vlorë - Sarandë - Vlorë (me kalim nga Bregu),BORAKU,https://www.dpshtrr.al/operatoret/boraku-shpk,K36406218M,Vlorë,VL-28,Sarandë,SR-7,05:45,08:19,154.9,129.0,1,"1,2,3,4,5,6,7",8/3/2026,60,0,0,True,2
Tiranë,Delvine,TR18,Tiranë – Sarandë – Tiranë (me kalim nga Muzina),TISA,https://www.dpshtrr.al/operatoret/tisa-shpk,K31520093K,Tiranë Veri-Jug,TR-2,Sarandë,SR-7,05:30,10:19,289.8,280.0,1,"1,2,3,4,5,6,7",8/3/2026,60,0,0,True,1
Tiranë,Delvine,VL40,Delvinë - Sarandë - Delvinë,TRANS - SOPOTI,https://www.dpshtrr.al/operatoret/trans-sopoti-shpk,L67101501I,Sarandë,SR-7,Delvine,GJ-31,10:30,10:49,19.9,16.6,1,"1,2,3,4,5,6,7",8/3/2026,60,0,0,True,1
Tiranë,Delvine,VL31,Sarandë - Delvinë - Sarandë,JONI - TRANS - SARANDA,https://www.dpshtrr.al/operatoret/joni-trans-saranda-shpk,K84824801T,Sarandë,SR-7,Delvine,GJ-31,11:00,11:19,19.9,16.6,1,"1,2,3,4,5,6,7",8/3/2026,60,0,0,True,2
Tiranë,Delvine,VL22,Sarandë - Tiranë - Sarandë (me kalim nga Muzina),TRANS - BUTRINTI,https://www.dpshtrr.al/operatoret/trans-butrinti-shpk,K04814854U,Tiranë Veri-Jug,TR-2,Sarandë,SR-7,05:30,11:06,336.1,280.0,1,"1,2,3,4,5,6,7",8/3/2026,60,0,0,True,1
Tiranë,Delvine,VL40,Delvinë - Sarandë - Delvinë,TRANS - SOPOTI,https://www.dpshtrr.al/operatoret/trans-sopoti-shpk,L67101501I,Sarandë,SR-7,Delvine,GJ-31,11:30,11:49,19.9,16.6,1,"1,2,3,4,5,6,7",8/3/2026,60,0,0,True,1
Tiranë,Delvine,VL31,Sarandë - Delvinë - Sarandë,JONI - TRANS - SARANDA,https://www.dpshtrr.al/operatoret/joni-trans-saranda-shpk,K84824801T,Sarandë,SR-7,Delvine,GJ-31,12:00,12:19,19.9,16.6,1,"1,2,3,4,5,6,7",8/3/2026,60,0,0,True,2
Tiranë,Delvine,VL40,Delvinë - Sarandë - Delvinë,TRANS - SOPOTI,https://www.dpshtrr.al/operatoret/trans-sopoti-shpk,L67101501I,Sarandë,SR-7,Delvine,GJ-31,12:30,12:49,19.9,16.6,1,"1,2,3,4,5,6,7",8/3/2026,60,0,0,True,1
Tiranë,Delvine,TR22,"Tiranë – Delvinë – Tiranë (me kalim nga Muzina, Kardhikaq)",TISA,https://www.dpshtrr.al/operatoret/tisa-shpk,K31520093K,Tiranë Veri-Jug,TR-2,Delvine,GJ-31,07:30,12:53,323.3,269.3,1,"1,2,3,4,5,6,7",8/3/2026,60,0,0,True,0
Tiranë,Delvine,VL39,Delvinë - Tiranë - Delvinë,TRANS - SOPOTI,https://www.dpshtrr.al/operatoret/trans-sopoti-shpk,L67101501I,Tiranë Veri-Jug,TR-2,Delvine,GJ-31,10:30,15:39,310.0,258.2,1,"1,2,3,4,5,6,7",8/3/2026,60,0,0,True,0
Tiranë,Divjake,VL11,Vlorë - Lushnje - Vlorë,CIPINI,https://www.dpshtrr.al/operatoret/cipini-shpk,K36405207P,Vlorë,VL-28,Lushnjë,LU-1,06:50,08:14,84.3,70.3,1,"1,2,3,4,5,6,7",8/3/2026,60,0,0,True,3
Tiranë,Divjake,FR20,Divjakë – Tiranë – Divjakë,FAZANËT E DIVJAKËS,https://www.dpshtrr.al/operatoret/fazanet-e-divjakes-shpk,K33927402O,Tiranë Veri-Jug,TR-2,Divjake,DV-1,11:30,13:09,99.2,82.7,1,"1,2,3,4,5,6,7",8/3/2026,60,0,0,True,3
Tiranë,Divjake,FR22,Divjakë – Lushnje  – Divjakë,FAZANËT E DIVJAKËS,https://www.dpshtrr.al/operatoret/fazanet-e-divjakes-shpk,K33927402O,Lushnjë,LU-1,Divjake,DV-1,14:30,15:03,33.8,28.1,1,"1,2,3,4,5,6,7",8/3/2026,60,0,0,True,3
Tiranë,Divjake,FR42,Divjakë – Durrës – Divjakë,FAZANËT E DIVJAKËS,https://www.dpshtrr.al/operatoret/fazanet-e-divjakes-shpk,K33927402O,Durrës (Plepa),DR-3,Divjake,DV-1,14:45,15:39,54.5,45.4,1,"1,2,3,4,5,6,7",8/3/2026,60,0,0,True,4
Tiranë,Divjake,FR22,Divjakë – Lushnje  – Divjakë,FAZANËT E DIVJAKËS,https://www.dpshtrr.al/operatoret/fazanet-e-divjakes-shpk,K33927402O,Lushnjë,LU-1,Divjake,DV-1,15:30,16:03,33.8,28.1,1,"1,2,3,4,5,6,7",8/3/2026,60,0,0,True,4
Tiranë,Divjake,FR21,Divjakë – Librazhd – Divjakë,SE-AL,https://www.dpshtrr.al/operatoret/se-al-shpk,L01811504Q,Librazhd,LB-3,Divjake,DV-1,11:30,13:13,103.8,86.5,1,"1,2,3,4,5,6,7",8/3/2026,60,0,0,True,1
Tiranë,Divjake,TR45,Tiranë – Divjakë – Tiranë,META 2017,https://www.dpshtrr.al/operatoret/meta-2017-shpk,L77510901V,Tiranë Veri-Jug,TR-2,Divjake,DV-1,08:00,09:39,99.2,82.7,1,"1,2,3,4,5,6,7",8/3/2026,60,0,0,True,3
Tiranë,Divjake,TR45,Tiranë – Divjakë – Tiranë,META 2017,https://www.dpshtrr.al/operatoret/meta-2017-shpk,L77510901V,Tiranë Veri-Jug,TR-2,Divjake,DV-1,06:00,07:39,99.2,82.7,1,"1,2,3,4,5,6,7",8/3/2026,60,0,0,True,0
Tiranë,Divjake,TR45,Tiranë – Divjakë – Tiranë,META 2017,https://www.dpshtrr.al/operatoret/meta-2017-shpk,L77510901V,Tiranë Veri-Jug,TR-2,Divjake,DV-1,07:00,08:39,99.2,82.7,1,"1,2,3,4,5,6,7",8/3/2026,60,0,0,True,0
Tiranë,Divjake,TR45,Tiranë – Divjakë – Tiranë,META 2017,https://www.dpshtrr.al/operatoret/meta-2017-shpk,L77510901V,Tiranë Veri-Jug,TR-2,Divjake,DV-1,09:00,10:39,99.2,82.7,1,"1,2,3,4,5,6,7",8/3/2026,60,0,0,True,0
Tiranë,Divjake,TR45,Tiranë – Divjakë – Tiranë,META 2017,https://www.dpshtrr.al/operatoret/meta-2017-shpk,L77510901V,Tiranë Veri-Jug,TR-2,Divjake,DV-1,10:00,11:39,99.2,82.7,1,"1,2,3,4,5,6,7",8/3/2026,60,0,0,True,0
Tiranë,Dropull,VL9,Vlorë - Gjirokastër - Vlorë (ngaLevani),HAMZAJ,https://www.dpshtrr.al/operatoret/hamzaj-shpk,K36417206V,Vlorë,VL-28,Gjirokastër,GJ-1,06:30,09:01,151.8,126.5,1,"1,2,3,4,5,6,7",8/3/2026,60,0,0,True,3
Tiranë,Dropull,GJ8,Gjirokastër - Dropull - Gjirokastër,GREEN BUS,https://www.dpshtrr.al/operatoret/green-bus-travel,L81523015O,Gjirokastër,GJ-1,Dropull,GJ-11,16:00,16:24,24.3,20.3,1,"1,2,3,4,5,6,7",8/3/2026,60,0,0,True,4
Tiranë,Dropull,GJ9,Dropull - Gjirokastër - Dropull,GREEN BUS,https://www.dpshtrr.al/operatoret/green-bus-travel,L81523015O,Gjirokastër,GJ-1,Dropull,GJ-11,16:30,16:54,24.3,20.3,1,"1,2,3,4,5,6,7",8/3/2026,60,0,0,True,4
Tiranë,Dropull,GJ8,Gjirokastër - Dropull - Gjirokastër,GREEN BUS,https://www.dpshtrr.al/operatoret/green-bus-travel,L81523015O,Gjirokastër,GJ-1,Dropull,GJ-11,17:00,17:24,24.3,20.3,1,"1,2,3,4,5,6,7",8/3/2026,60,0,0,True,4
Tiranë,Dropull,GJ10,Dropull - Tiranë - Dropull,BEST TRAVEL - GJIROKASTRA,https://www.dpshtrr.al/operatoret/best-travel-gjirokastra,L63112601P,Tiranë Veri-Jug,TR-2,Dropull,GJ-11,13:45,18:41,296.1,246.6,1,"1,2,3,4,5,6,7",8/3/2026,60,0,0,True,3
Tiranë,Dropull,GJ9,Dropull - Gjirokastër - Dropull,GREEN BUS,https://www.dpshtrr.al/operatoret/green-bus-travel,L81523015O,Gjirokastër,GJ-1,Dropull,GJ-11,18:30,18:54,24.3,20.3,1,"1,2,3,4,5,6,7",8/3/2026,60,0,0,True,4
Tiranë,Dropull,GJ10,Dropull - Tiranë - Dropull,BEST TRAVEL - GJIROKASTRA,https://www.dpshtrr.al/operatoret/best-travel-gjirokastra,L63112601P,Tiranë Veri-Jug,TR-2,Dropull,GJ-11,18:00,22:56,296.1,246.6,1,"1,2,3,4,5,6,7",8/3/2026,60,0,0,True,3
Tiranë,Dropull,GJ9,Dropull - Gjirokastër - Dropull,GREEN BUS,https://www.dpshtrr.al/operatoret/green-bus-travel,L81523015O,Gjirokastër,GJ-1,Dropull,GJ-11,13:30,13:54,24.3,20.3,1,"1,2,3,4,5,6,7",8/3/2026,60,0,0,True,4
Tiranë,Dropull,GJ9,Dropull - Gjirokastër - Dropull,GREEN BUS,https://www.dpshtrr.al/operatoret/green-bus-travel,L81523015O,Gjirokastër,GJ-1,Dropull,GJ-11,17:30,17:54,24.3,20.3,1,"1,2,3,4,5,6,7",8/3/2026,60,0,0,True,2
Tiranë,Dropull,TR58,Tiranë – Dropull – Tiranë,PIKO,https://www.dpshtrr.al/operatoret/piko-shpk,K22301006J,Tiranë Veri-Jug,TR-2,Dropull,GJ-11,04:30,09:25,295.3,246.0,1,"1,2,3,4,5,6,7",8/3/2026,60,0,0,True,0
Tiranë,Dropull,TR15,Tiranë – Gjirokastër – Tiranë,TIRKA 2000,https://www.dpshtrr.al/operatoret/tirka-2000-shpk,J72027001C,Tiranë Veri-Jug,TR-2,Gjirokastër,GJ-1,05:00,09:31,271.1,225.8,1,"1,2,3,4,5,6,7",8/3/2026,60,0,0,True,1
Tiranë,Dropull,GJ8,Gjirokastër - Dropull - Gjirokastër,GREEN BUS,https://www.dpshtrr.al/operatoret/green-bus-travel,L81523015O,Gjirokastër,GJ-1,Dropull,GJ-11,11:00,11:24,24.3,20.3,1,"1,2,3,4,5,6,7",8/3/2026,60,0,0,True,2
Tiranë,Dropull,GJ8,Gjirokastër - Dropull - Gjirokastër,GREEN BUS,https://www.dpshtrr.al/operatoret/green-bus-travel,L81523015O,Gjirokastër,GJ-1,Dropull,GJ-11,13:00,13:24,24.3,20.3,1,"1,2,3,4,5,6,7",8/3/2026,60,0,0,True,1
Tiranë,Dropull,GJ8,Gjirokastër - Dropull - Gjirokastër,GREEN BUS,https://www.dpshtrr.al/operatoret/green-bus-travel,L81523015O,Gjirokastër,GJ-1,Dropull,GJ-11,14:00,14:24,24.3,20.3,1,"1,2,3,4,5,6,7",8/3/2026,60,0,0,True,1
Tiranë,Durrës,DR42,Durrës – Rinas (Aeroport) – Durrës,ADIS,https://www.dpshtrr.al/operatoret/adis-shpk,K31412511R,Rinas Aeroport,TR-4,Durrës Stacioni i Trenit,DR-1,15:30,16:10,40.4,33.7,1,"1,2,3,4,5,6,7",8/3/2026,60,0,0,True,0
Tiranë,Durrës,DR42,Durrës – Rinas (Aeroport) – Durrës,ADIS,https://www.dpshtrr.al/operatoret/adis-shpk,K31412511R,Rinas Aeroport,TR-4,Durrës Stacioni i Trenit,DR-1,17:00,17:40,40.4,33.7,1,"1,2,3,4,5,6,7",8/3/2026,60,0,0,True,0
Tiranë,Durrës,VL7,Vlorë - Durrës - Vlorë,INTERBUZ VLORA,https://www.dpshtrr.al/operatoret/interbuz-vlora-shpk,K37004203O,Vlorë,VL-28,Durrës (Plepa),DR-3,06:15,08:32,137.2,114.3,1,"1,2,3,4,5,6,7",8/3/2026,60,0,0,True,1
Tiranë,Durrës,TR31,Tiranë – Shijak – Tiranë,IRIDEST,https://www.dpshtrr.al/operatoret/iridest-shpk,K72111030I,Tiranë Veri-Jug,TR-2,Shijak,DR-16,07:00,07:35,35.4,29.5,1,"1,2,3,4,5,6,7",8/3/2026,60,0,0,True,1
Tiranë,Elbasan,DR43,Durrës – Shijak – Durrës,ANDROMEDA GROUP,https://www.dpshtrr.al/operatoret/andromeda-group-shpk,L61307527C,Durrës Stacioni i Trenit,DR-1,Shijak,DR-16,13:00,13:16,16.1,13.4,1,"1,2,3,4,5,6,7",8/3/2026,60,0,0,True,3
Tiranë,Elbasan,TR64,Tiranë – Elbasan – Tiranë (me kalim nga Tuneli),TIRANA - BUS,https://www.dpshtrr.al/operatoret/tirana-bus-shpk,L41511008N,Tiranë Jug-Lindje,TR-1,Elbasan Pallati i Sportit,EL-3,06:00,06:49,49.0,33.1,1,"1,2,3,4,5,6,7",8/3/2026,60,0,0,True,0
Tiranë,Elbasan,EL16,Elbasan – Tiranë – Elbasan,ERA TRAVEL 2013,https://www.dpshtrr.al/operatoret/era-travel-2013-shpk,L33122201P,Tiranë Jug-Lindje,TR-1,Elbasan Pallati i Sportit,EL-3,06:30,07:19,49.0,32.7,1,"1,2,3,4,5,6,7",8/3/2026,60,0,0,True,0
Tiranë,Elbasan,TR64,Tiranë – Elbasan – Tiranë (me kalim nga Tuneli),TIRANA - BUS,https://www.dpshtrr.al/operatoret/tirana-bus-shpk,L41511008N,Tiranë Jug-Lindje,TR-1,Elbasan Pallati i Sportit,EL-3,07:00,07:49,49.0,33.1,1,"1,2,3,4,5,6,7",8/3/2026,60,0,0,True,0
Tiranë,Ersekë,TR30,Tiranë – Ersekë – Tiranë,ENO,https://www.dpshtrr.al/operatoret/eno-shpk,K31705061T,Tiranë Jug-Lindje,TR-1,Ersekë,ER-1,06:00,10:04,244.8,194.0,1,"1,2,3,4,5,6,7",8/3/2026,60,0,0,True,0
Tiranë,Fier,VL4,Vlorë - Fier - Vlorë,INTERBUZ VLORA,https://www.dpshtrr.al/operatoret/interbuz-vlora-shpk,K37004203O,Vlorë,VL-28,Fier,FR-8,06:00,06:44,44.5,37.1,1,"1,2,3,4,5,6,7",8/3/2026,60,0,0,True,1
Tiranë,Fier,TR14,Tiranë – Fier – Tiranë,KLID EKSPRESS,https://www.dpshtrr.al/operatoret/klid-ekspres-shpk,K22301004Q,Tiranë Veri-Jug,TR-2,Fier,FR-8,05:30,07:41,131.5,109.6,1,"1,2,3,4,5,6,7",8/3/2026,60,0,0,True,0
Tiranë,Fier,TR14,Tiranë – Fier – Tiranë,KLID EKSPRESS,https://www.dpshtrr.al/operatoret/klid-ekspres-shpk,K22301004Q,Tiranë Veri-Jug,TR-2,Fier,FR-8,05:55,08:06,131.5,109.6,1,"1,2,3,4,5,6,7",8/3/2026,60,0,0,True,0
Tiranë,Fier,TR14,Tiranë – Fier – Tiranë,KLID EKSPRESS,https://www.dpshtrr.al/operatoret/klid-ekspres-shpk,K22301004Q,Tiranë Veri-Jug,TR-2,Fier,FR-8,06:20,08:31,131.5,109.6,1,"1,2,3,4,5,6,7",8/3/2026,60,0,0,True,0
Tiranë,Fier,FR1,Fier – Tiranë – Fier,KOMPAKT,https://www.dpshtrr.al/operatoret/kompakt-shpk,K23407401F,Tiranë Veri-Jug,TR-2,Fier,FR-8,14:00,16:11,131.5,109.6,1,"1,2,3,4,5,6,7",8/3/2026,60,0,0,True,2
Tiranë,Fushe- Arrez,ShK4,Shkodër - Rinas - Shkodër,HERMES AEROPORT,https://www.dpshtrr.al/operatoret/hermes-aeroport-shpk,L67324202E,Rinas Aeroport,TR-4,Shkodër,SH-15,11:00,12:40,100.4,83.7,1,"1,2,3,4,5,6,7",8/3/2026,60,0,0,True,2
Tiranë,Fushe- Arrez,ShK4,Shkodër - Rinas - Shkodër,HERMES AEROPORT,https://www.dpshtrr.al/operatoret/hermes-aeroport-shpk,L67324202E,Rinas Aeroport,TR-4,Shkodër,SH-15,12:30,14:10,100.4,83.7,1,"1,2,3,4,5,6,7",8/3/2026,60,0,0,True,3
Tiranë,Fushe- Arrez,TR6,Tiranë – Fushë Arrëz – Tiranë,SHPRESA - AL,https://www.dpshtrr.al/operatoret/shpresa-al-shpk,K31321021N,Tiranë Veri-Jug,TR-2,Fushe- Arrez,SH-10,05:00,07:41,161.1,134.2,1,"1,2,3,4,5,6,7",8/4/2026,60,0,0,True,3
Tiranë,Fushe- Arrez,TR6,Tiranë – Fushë Arrëz – Tiranë,SHPRESA - AL,https://www.dpshtrr.al/operatoret/shpresa-al-shpk,K31321021N,Tiranë Veri-Jug,TR-2,Fushe- Arrez,SH-10,05:30,08:11,161.1,134.2,1,"1,2,3,4,5,6,7",8/3/2026,60,0,0,True,0
Tiranë,Fushe- Arrez,TR6,Tiranë – Fushë Arrëz – Tiranë,SHPRESA - AL,https://www.dpshtrr.al/operatoret/shpresa-al-shpk,K31321021N,Tiranë Veri-Jug,TR-2,Fushe- Arrez,SH-10,06:00,08:41,161.1,134.2,1,"1,2,3,4,5,6,7",8/3/2026,60,0,0,True,0
Tiranë,Fushë-Krujë,DR48,Fushë Krujë – Tiranë – Fushë Krujë (me kalim nga Kamza),MAGIC GLOBE,https://www.dpshtrr.al/operatoret/magic-globe-shpk,L41427021C,Tiranë Veri-Jug,TR-2,Fushë-Krujë,KR-10,11:30,11:49,19.9,16.6,1,"1,2,3,4,5,6,7",8/3/2026,60,0,0,True,3
Tiranë,Fushë-Krujë,DR41,Durrës – Fushë Krujë – Durrës,LONDON EYE,https://www.dpshtrr.al/operatoret/london-eye-shpk,L81326031F,Durrës Stacioni i Trenit,DR-1,Fushë-Krujë,KR-10,13:00,13:41,41.5,34.6,1,"1,2,3,4,5,6,7",8/3/2026,60,0,0,True,2
Tiranë,Fushë-Krujë,DR48,Fushë Krujë – Tiranë – Fushë Krujë (me kalim nga Kamza),MAGIC GLOBE,https://www.dpshtrr.al/operatoret/magic-globe-shpk,L41427021C,Tiranë Veri-Jug,TR-2,Fushë-Krujë,KR-10,13:30,13:49,19.9,16.6,1,"1,2,3,4,5,6,7",8/3/2026,60,0,0,True,3
Tiranë,Fushë-Krujë,TR1,Tiranë – Fushë Krujë – Tiranë (me kalim nga Kamza),Luna,https://www.dpshtrr.al/operatoret/lu-na-shpk,K31412087P,Tiranë Veri-Jug,TR-2,Fushë-Krujë,KR-10,15:00,15:19,19.9,16.6,1,"1,2,3,4,5,6,7",8/3/2026,60,0,0,True,3
Tiranë,Fushë-Krujë,TR48,Tiranë – Fushë Krujë – Tiranë (me kalim nga Rinas dhe Qafa e Kasharit),VALGON TRAVEL,https://www.dpshtrr.al/operatoret/valgon-travel-shpk,L71304009G,Tiranë Veri-Jug,TR-2,Fushë-Krujë,KR-10,11:00,11:29,29.7,24.7,1,"1,2,3,4,5,6,7",8/3/2026,60,0,0,True,4
Tiranë,Fushë-Krujë,DR49,Fushë Krujë – Tiranë – Fushë Krujë (me kalim nga Rinasi dhe Qafa e Kasharit),MAGIC GLOBE,https://www.dpshtrr.al/operatoret/magic-globe-shpk,L41427021C,Tiranë Veri-Jug,TR-2,Fushë-Krujë,KR-10,12:00,12:29,29.7,24.7,1,"1,2,3,4,5,6,7",8/3/2026,60,0,0,True,3
Tiranë,Fushë-Krujë,DR41,Durrës – Fushë Krujë – Durrës,LONDON EYE,https://www.dpshtrr.al/operatoret/london-eye-shpk,L81326031F,Durrës Stacioni i Trenit,DR-1,Fushë-Krujë,KR-10,15:00,15:41,41.5,34.6,1,"1,2,3,4,5,6,7",8/3/2026,60,0,0,True,1
Tiranë,Fushë-Krujë,TR1,Tiranë – Fushë Krujë – Tiranë (me kalim nga Kamza),Luna,https://www.dpshtrr.al/operatoret/lu-na-shpk,K31412087P,Tiranë Veri-Jug,TR-2,Fushë-Krujë,KR-10,05:00,05:19,19.9,16.6,1,"1,2,3,4,5,6,7",8/3/2026,60,0,0,True,0
Tiranë,Fushë-Krujë,TR1,Tiranë – Fushë Krujë – Tiranë (me kalim nga Kamza),Luna,https://www.dpshtrr.al/operatoret/lu-na-shpk,K31412087P,Tiranë Veri-Jug,TR-2,Fushë-Krujë,KR-10,05:30,05:49,19.9,16.6,1,"1,2,3,4,5,6,7",8/3/2026,60,0,0,True,0
Tiranë,Fushë-Krujë,TR1,Tiranë – Fushë Krujë – Tiranë (me kalim nga Kamza),Luna,https://www.dpshtrr.al/operatoret/lu-na-shpk,K31412087P,Tiranë Veri-Jug,TR-2,Fushë-Krujë,KR-10,06:00,06:19,19.9,16.6,1,"1,2,3,4,5,6,7",8/3/2026,60,0,0,True,0
Tiranë,Fushë-Krujë,TR1,Tiranë – Fushë Krujë – Tiranë (me kalim nga Kamza),Luna,https://www.dpshtrr.al/operatoret/lu-na-shpk,K31412087P,Tiranë Veri-Jug,TR-2,Fushë-Krujë,KR-10,06:30,06:49,19.9,16.6,1,"1,2,3,4,5,6,7",8/3/2026,60,0,0,True,0
Tiranë,Fushë-Krujë,TR48,Tiranë – Fushë Krujë – Tiranë (me kalim nga Rinas dhe Qafa e Kasharit),VALGON TRAVEL,https://www.dpshtrr.al/operatoret/valgon-travel-shpk,L71304009G,Tiranë Veri-Jug,TR-2,Fushë-Krujë,KR-10,07:00,07:29,29.7,24.7,1,"1,2,3,4,5,6,7",8/3/2026,60,0,0,True,0
Tiranë,Fushë-Krujë,TR1,Tiranë – Fushë Krujë – Tiranë (me kalim nga Kamza),Luna,https://www.dpshtrr.al/operatoret/lu-na-shpk,K31412087P,Tiranë Veri-Jug,TR-2,Fushë-Krujë,KR-10,14:00,14:19,19.9,16.6,1,"1,2,3,4,5,6,7",8/3/2026,60,0,0,True,2
Tiranë,Gramsh,EL41,Gramsh – Tiranë – Gramsh,TOMKLEDE,https://www.dpshtrr.al/operatoret/tomklede-shpk,K47103803D,Tiranë Jug-Lindje,TR-1,Gramsh,EL-6,13:30,15:04,94.6,71.0,1,"1,2,3,4,5,6,7",8/3/2026,60,0,0,True,0
Tiranë,Gramsh,EL41,Gramsh – Tiranë – Gramsh,TOMKLEDE,https://www.dpshtrr.al/operatoret/tomklede-shpk,K47103803D,Tiranë Jug-Lindje,TR-1,Gramsh,EL-6,15:30,17:04,94.6,71.0,1,"1,2,3,4,5,6,7",8/3/2026,60,0,0,True,0
Tiranë,Gramsh,DR17,Durrës – Kamëz – Durrës,AUTO DUKA TRANS,https://www.dpshtrr.al/operatoret/auto-duka-trans-shpk,L62415504J,Durrës Stacioni i Trenit,DR-1,Kamëz,TR-00096,13:15,14:01,46.3,38.6,1,"1,2,3,4,5,6,7",8/3/2026,60,0,0,True,3
Tiranë,Himarë,VL15,Vlorë - Himarë - Vlorë,BREGASI,https://www.dpshtrr.al/operatoret/bregasi-shpk,L76330202K,Vlorë,VL-28,Himarë,VL-22,06:00,07:33,93.8,78.1,1,"1,2,3,4,5,6,7",8/3/2026,60,0,0,True,1
Tiranë,Himarë,TR40,Tiranë – Himarë – Tiranë,OLGENO,https://www.dpshtrr.al/operatoret/olgeno-shpk,K31825016M,Tiranë Veri-Jug,TR-2,Himarë,VL-22,05:30,10:09,279.9,233.2,1,"1,2,3,4,5,6,7",8/3/2026,60,0,0,True,0
Tiranë,Himarë,TR16,Tiranë – Vlorë – Tiranë,EL-ALBA TRANS,https://www.dpshtrr.al/operatoret/el-alba-trans-shpk,J62014003V,Tiranë Veri-Jug,TR-2,Vlorë,VL-28,05:00,08:02,183.0,152.4,1,"1,2,3,4,5,6,7",8/3/2026,60,0,0,True,1
Tiranë,Himarë,TR16,Tiranë – Vlorë – Tiranë,EL-ALBA TRANS,https://www.dpshtrr.al/operatoret/el-alba-trans-shpk,J62014003V,Tiranë Veri-Jug,TR-2,Vlorë,VL-28,05:30,08:32,183.0,152.4,1,"1,2,3,4,5,6,7",8/3/2026,60,0,0,True,1
Tiranë,Himarë,TR40,Tiranë – Himarë – Tiranë,OLGENO,https://www.dpshtrr.al/operatoret/olgeno-shpk,K31825016M,Tiranë Veri-Jug,TR-2,Himarë,VL-22,07:30,12:09,279.9,233.2,1,"1,2,3,4,5,6,7",8/3/2026,60,0,0,True,0
Tiranë,Himarë,VL19,Himarë - Tiranë - Himarë,RIVIERA,https://www.dpshtrr.al/operatoret/riviera-shpk,K36514201P,Tiranë Veri-Jug,TR-2,Himarë,VL-22,08:30,13:09,279.9,233.2,1,"1,2,3,4,5,6,7",8/3/2026,60,0,0,True,0
Tiranë,Kavajë,TR73,Kavajë – Durrës – Kavajë,ALDO TOURS,https://www.dpshtrr.al/operatoret/aldo-tours-2013-shpk,L33129802C,Durrës Stacioni i Trenit,DR-1,Kavaje (ish Agjencia),KJ-5,12:30,12:55,25.1,20.9,1,"1,2,3,4,5,6,7",8/3/2026,60,0,0,True,4
Tiranë,Kavajë,DR4,Durrës – Kavajë – Durrës,SHQIPONJA,https://www.dpshtrr.al/operatoret/shqiponja-shpk,K23206026B,Durrës Stacioni i Trenit,DR-1,Kavaje (ish Agjencia),KJ-5,14:30,14:55,25.1,20.9,1,"1,2,3,4,5,6,7",8/3/2026,60,0,0,True,4
Tiranë,Kavajë,TR73,Kavajë – Durrës – Kavajë,ALDO TOURS,https://www.dpshtrr.al/operatoret/aldo-tours-2013-shpk,L33129802C,Durrës Stacioni i Trenit,DR-1,Kavaje (ish Agjencia),KJ-5,13:30,13:55,25.1,20.9,1,"1,2,3,4,5,6,7",8/3/2026,60,0,0,True,3
Tiranë,Kavajë,DR4,Durrës – Kavajë – Durrës,SHQIPONJA,https://www.dpshtrr.al/operatoret/shqiponja-shpk,K23206026B,Durrës Stacioni i Trenit,DR-1,Kavaje (ish Agjencia),KJ-5,16:30,16:55,25.1,20.9,1,"1,2,3,4,5,6,7",8/3/2026,60,0,0,True,1
Tiranë,Kavajë,TR73,Kavajë – Durrës – Kavajë,ALDO TOURS,https://www.dpshtrr.al/operatoret/aldo-tours-2013-shpk,L33129802C,Durrës Stacioni i Trenit,DR-1,Kavaje (ish Agjencia),KJ-5,18:00,18:25,25.1,20.9,1,"1,2,3,4,5,6,7",8/3/2026,60,0,0,True,1
Tiranë,Klos,DI15,Klos – Tiranë – Klos,KLOSI - A,https://www.dpshtrr.al/operatoret/klosi-shpk,L47810901E,Tiranë Veri-Jug,TR-2,Klos,DI-101,14:00,14:56,56.9,47.4,1,"1,2,3,4,5,6,7",8/3/2026,60,0,0,True,3
Tiranë,Klos,DI16,Klos – Durrës – Klos,MARSONI AL TRANSPORT,https://www.dpshtrr.al/operatoret/marsoni-al-transport-shpk,L62415024Q,Durrës Stacioni i Trenit,DR-1,Klos,DI-101,14:00,15:37,97.0,80.9,1,"1,2,3,4,5,6,7",8/3/2026,60,0,0,True,2
Tiranë,Klos,DI17,Klos – Burrel – Klos,META 2017,https://www.dpshtrr.al/operatoret/meta-2017-shpk,L77510901V,Burrel,BZ-3,Klos,DI-101,16:00,16:21,21.1,17.6,1,"1,2,3,4,5,6,7",8/3/2026,60,0,0,True,3
Tiranë,Klos,DI15,Klos – Tiranë – Klos,KLOSI - A,https://www.dpshtrr.al/operatoret/klosi-shpk,L47810901E,Tiranë Veri-Jug,TR-2,Klos,DI-101,16:00,16:56,56.9,47.4,1,"1,2,3,4,5,6,7",8/3/2026,60,0,0,True,3
Tiranë,Konispol,VL37,Konispol - Tiranë - Konispol,YLMA KONISPOL,https://www.dpshtrr.al/operatoret/ylma-konispol-shpk,K34107820G,Tiranë Veri-Jug,TR-2,Konispol,SR-8,11:00,16:49,350.0,291.5,1,"1,2,3,4,5,6,7",8/3/2026,60,0,0,True,3
Tiranë,Konispol,VL37,Konispol - Tiranë - Konispol,YLMA KONISPOL,https://www.dpshtrr.al/operatoret/ylma-konispol-shpk,K34107820G,Tiranë Veri-Jug,TR-2,Konispol,SR-8,14:45,20:34,350.0,291.5,1,"1,2,3,4,5,6,7",8/3/2026,60,0,0,True,3
Tiranë,Konispol,VL46,Konispol – Gjirokastër – Konispol,eTransport,https://www.dpshtrr.al/operatoret-etransport,1,Gjirokastër,GJ-1,Konispol,SR-8,00:00,01:38,98.0,81.7,1,"1,2,3,4,5,6,7",8/3/2026,60,0,0,True,4
Tiranë,Konispol,TR53,Tiranë – Konispol – Tiranë,ANBASTAR,https://www.dpshtrr.al/operatoret/anbastar-shpk,L71814024A,Tiranë Veri-Jug,TR-2,Konispol,SR-8,06:30,12:19,349.2,290.9,1,"1,2,3,4,5,6,7",8/3/2026,60,0,0,True,0
Tiranë,Konispol,TR32,Tiranë – Konispol – Tiranë (nga Bregu),TISA,https://www.dpshtrr.al/operatoret/tisa-shpk,K31520093K,Tiranë Veri-Jug,TR-2,Konispol,SR-8,06:45,12:55,370.9,309.0,1,"1,2,3,4,5,6,7",8/3/2026,60,0,0,True,0
Tiranë,Koplik,ShK9,Shkodër - Koplik - Shkodër,VELIPOJA EXPRESS,https://www.dpshtrr.al/operatoret/velipoja-ekspres-shpk,K26723001H,Shkodër,SH-15,Koplik,MA-2,11:30,11:51,21.3,17.8,1,"1,2,3,4,5,6,7",8/3/2026,60,0,0,True,2
Tiranë,Koplik,ShK9,Shkodër - Koplik - Shkodër,VELIPOJA EXPRESS,https://www.dpshtrr.al/operatoret/velipoja-ekspres-shpk,K26723001H,Shkodër,SH-15,Koplik,MA-2,12:30,12:51,21.3,17.8,1,"1,2,3,4,5,6,7",8/3/2026,60,0,0,True,3
Tiranë,Koplik,ShK12,Koplik - Shkodër - Koplik,MALËSIA TRAVEL,https://www.dpshtrr.al/operatoret/malesia-travel-shpk,L67508702G,Shkodër,SH-15,Koplik,MA-2,13:00,13:21,21.3,17.8,1,"1,2,3,4,5,6,7",8/3/2026,60,0,0,True,2
Tiranë,Koplik,ShK9,Shkodër - Koplik - Shkodër,VELIPOJA EXPRESS,https://www.dpshtrr.al/operatoret/velipoja-ekspres-shpk,K26723001H,Shkodër,SH-15,Koplik,MA-2,13:30,13:51,21.3,17.8,1,"1,2,3,4,5,6,7",8/3/2026,60,0,0,True,4
Tiranë,Koplik,ShK11,Koplik - Tiranë - Koplik,KOPLIKU,https://www.dpshtrr.al/operatoret/kopliku-shpk,K37522705E,Tiranë Veri-Jug,TR-2,Koplik,MA-2,12:00,14:09,129.4,107.8,1,"1,2,3,4,5,6,7",8/3/2026,60,0,0,True,4
Tiranë,Koplik,ShK12,Koplik - Shkodër - Koplik,MALËSIA TRAVEL,https://www.dpshtrr.al/operatoret/malesia-travel-shpk,L67508702G,Shkodër,SH-15,Koplik,MA-2,14:00,14:21,21.3,17.8,1,"1,2,3,4,5,6,7",8/3/2026,60,0,0,True,4
Tiranë,Koplik,ShK9,Shkodër - Koplik - Shkodër,VELIPOJA EXPRESS,https://www.dpshtrr.al/operatoret/velipoja-ekspres-shpk,K26723001H,Shkodër,SH-15,Koplik,MA-2,14:30,14:51,21.3,17.8,1,"1,2,3,4,5,6,7",8/3/2026,60,0,0,True,4
Tiranë,Koplik,ShK12,Koplik - Shkodër - Koplik,MALËSIA TRAVEL,https://www.dpshtrr.al/operatoret/malesia-travel-shpk,L67508702G,Shkodër,SH-15,Koplik,MA-2,15:00,15:21,21.3,17.8,1,"1,2,3,4,5,6,7",8/3/2026,60,0,0,True,2
Tiranë,Koplik,ShK12,Koplik - Shkodër - Koplik,MALËSIA TRAVEL,https://www.dpshtrr.al/operatoret/malesia-travel-shpk,L67508702G,Shkodër,SH-15,Koplik,MA-2,12:00,12:21,21.3,17.8,1,"1,2,3,4,5,6,7",8/3/2026,60,0,0,True,4
Tiranë,Koplik,ShK11,Koplik - Tiranë - Koplik,KOPLIKU,https://www.dpshtrr.al/operatoret/kopliku-shpk,K37522705E,Tiranë Veri-Jug,TR-2,Koplik,MA-2,13:00,15:09,129.4,107.8,1,"1,2,3,4,5,6,7",8/3/2026,60,0,0,True,4
Tiranë,Koplik,ShK9,Shkodër - Koplik - Shkodër,VELIPOJA EXPRESS,https://www.dpshtrr.al/operatoret/velipoja-ekspres-shpk,K26723001H,Shkodër,SH-15,Koplik,MA-2,15:30,15:51,21.3,17.8,1,"1,2,3,4,5,6,7",8/3/2026,60,0,0,True,2
Tiranë,Koplik,ShK12,Koplik - Shkodër - Koplik,MALËSIA TRAVEL,https://www.dpshtrr.al/operatoret/malesia-travel-shpk,L67508702G,Shkodër,SH-15,Koplik,MA-2,16:00,16:21,21.3,17.8,1,"1,2,3,4,5,6,7",8/3/2026,60,0,0,True,1
Tiranë,Koplik,TR37,Tiranë – Koplik – Tiranë (pa të drejtë qëndrimi në Shkodër),BEAM,https://www.dpshtrr.al/operatoret/beam-shpk,K22313004H,Tiranë Veri-Jug,TR-2,Koplik,MA-2,06:30,08:39,129.4,107.8,1,"1,2,3,4,5,6,7",8/3/2026,60,0,0,True,0
Tiranë,Koplik,TR37,Tiranë – Koplik – Tiranë (pa të drejtë qëndrimi në Shkodër),BEAM,https://www.dpshtrr.al/operatoret/beam-shpk,K22313004H,Tiranë Veri-Jug,TR-2,Koplik,MA-2,07:15,09:24,129.4,107.8,1,"1,2,3,4,5,6,7",8/3/2026,60,0,0,True,0
Tiranë,Koplik,ShK12,Koplik - Shkodër - Koplik,MALËSIA TRAVEL,https://www.dpshtrr.al/operatoret/malesia-travel-shpk,L67508702G,Shkodër,SH-15,Koplik,MA-2,11:00,11:21,21.3,17.8,1,"1,2,3,4,5,6,7",8/3/2026,60,0,0,True,1
Tiranë,Kruje,DR51,Krujë – Durrës – Krujë,SHKELZENI AGJENSI,https://www.dpshtrr.al/operatoret/shkelzeni-agjensi-shpk,K41921002D,Durrës Stacioni i Trenit,DR-1,Kruje,KR-1,13:00,13:53,53.6,44.7,1,"1,2,3,4,5,6,7",8/3/2026,60,0,0,True,2
Tiranë,Kruje,DR47,Krujë – Tiranë – Krujë,A & A TRANS,https://www.dpshtrr.al/operatoret/trans-shpk,L04001204A,Tiranë Veri-Jug,TR-2,Kruje,KR-1,13:30,14:02,32.1,26.7,1,"1,2,3,4,5,6,7",8/3/2026,60,0,0,True,3
Tiranë,Kruje,DR47,Krujë – Tiranë – Krujë,A & A TRANS,https://www.dpshtrr.al/operatoret/trans-shpk,L04001204A,Tiranë Veri-Jug,TR-2,Kruje,KR-1,15:00,15:32,32.1,26.7,1,"1,2,3,4,5,6,7",8/3/2026,60,0,0,True,3
Tiranë,Kruje,TR26,Tiranë – Krujë – Tiranë,SHPRESA - AL,https://www.dpshtrr.al/operatoret/shpresa-al-shpk,K31321021N,Tiranë Veri-Jug,TR-2,Kruje,KR-1,12:00,12:32,32.1,26.7,1,"1,2,3,4,5,6,7",8/3/2026,60,0,0,True,4
Tiranë,Kruje,DR50,Krujë – Fushë Krujë – Krujë,SHKELZENI AGJENSI,https://www.dpshtrr.al/operatoret/shkelzeni-agjensi-shpk,K41921002D,Fushë-Krujë,KR-10,Kruje,KR-1,12:30,12:42,12.4,10.3,1,"1,2,3,4,5,6,7",8/3/2026,60,0,0,True,4
Tiranë,Kruje,DR51,Krujë – Durrës – Krujë,SHKELZENI AGJENSI,https://www.dpshtrr.al/operatoret/shkelzeni-agjensi-shpk,K41921002D,Durrës Stacioni i Trenit,DR-1,Kruje,KR-1,15:00,15:53,53.6,44.7,1,"1,2,3,4,5,6,7",8/3/2026,60,0,0,True,1
Tiranë,Kruje,DR50,Krujë – Fushë Krujë – Krujë,SHKELZENI AGJENSI,https://www.dpshtrr.al/operatoret/shkelzeni-agjensi-shpk,K41921002D,Fushë-Krujë,KR-10,Kruje,KR-1,13:30,13:42,12.4,10.3,1,"1,2,3,4,5,6,7",8/3/2026,60,0,0,True,3
Tiranë,Kruje,TR26,Tiranë – Krujë – Tiranë,SHPRESA - AL,https://www.dpshtrr.al/operatoret/shpresa-al-shpk,K31321021N,Tiranë Veri-Jug,TR-2,Kruje,KR-1,14:00,14:32,32.1,26.7,1,"1,2,3,4,5,6,7",8/3/2026,60,0,0,True,2
Tiranë,Kucove,BR20,Kuçovë – Berat – Kuçovë,DOLESE,https://www.dpshtrr.al/operatoret/dolese-shpk,K17621102J,Berat,BR-1,Kucove,BR-46,14:30,14:45,15.1,12.6,1,"1,2,3,4,5,6,7",8/3/2026,60,0,0,True,3
Tiranë,Kucove,BR17,Kucove – Shkoder – Kucove,ALFONS TRANS,http://dpshtrr.al,L68413101J,Shkodër,SH-15,Kucove,BR-46,11:15,14:56,221.1,184.2,1,"1,2,3,4,5,6,7",8/3/2026,60,0,0,True,1
Tiranë,Kukës,KU4,Kukës - Tiranë - Kukës,LACI KOMPANI,https://www.dpshtrr.al/operatoret/laci-kompani-shpk,L27917201V,Tiranë Veri-Jug,TR-2,Kukës,KU-1,15:00,17:41,161.1,134.2,1,"1,2,3,4,5,6,7",8/3/2026,60,0,0,True,3
Tiranë,Kukës,DR17,Durrës – Kamëz – Durrës,AUTO DUKA TRANS,https://www.dpshtrr.al/operatoret/auto-duka-trans-shpk,L62415504J,Durrës Stacioni i Trenit,DR-1,Kamëz,TR-00096,14:45,15:31,46.3,38.6,1,"1,2,3,4,5,6,7",8/3/2026,60,0,0,True,2
Tiranë,Kukës,KU3,Kukës - Kamzë - Kukës,FAT - 5,https://www.dpshtrr.al/operatoret/fat-5-shpk,K37509289U,Kamëz,TR-00096,Kukës,KU-1,16:00,18:34,154.9,129.0,1,"1,2,3,4,5,6,7",8/3/2026,60,0,0,True,2
Tiranë,Kukës,TR2,Tiranë – Laç – Tiranë,Luna,https://www.dpshtrr.al/operatoret/lu-na-shpk,K31412087P,Tiranë Veri-Jug,TR-2,Laç,LA-3,05:30,06:16,46.9,39.1,1,"1,2,3,4,5,6,7",8/3/2026,60,0,0,True,1
Tiranë,Kukës,TR5,Tiranë – Mjedë – Pukë – Tiranë,MARKAJ,https://www.dpshtrr.al/operatoret/markaj-shpk,K32313008R,Tiranë Veri-Jug,TR-2,Puke,PU-1,05:00,07:27,147.7,123.1,1,"1,2,3,4,5,6,7",8/3/2026,60,0,0,True,1
Tiranë,Këlcyrë,VL8,Vlorë - Përmet - Vlorë,CIPINI,https://www.dpshtrr.al/operatoret/cipini-shpk,K36405207P,Vlorë,VL-28,Përmet,PR-1,06:00,08:40,160.4,133.6,1,"1,2,3,4,5,6,7",8/3/2026,60,0,0,True,2
Tiranë,Laç,TR2,Tiranë – Laç – Tiranë,Luna,https://www.dpshtrr.al/operatoret/lu-na-shpk,K31412087P,Tiranë Veri-Jug,TR-2,Laç,LA-3,06:00,06:46,46.9,39.1,1,"1,2,3,4,5,6,7",8/3/2026,60,0,0,True,0
Tiranë,Laç,TR2,Tiranë – Laç – Tiranë,Luna,https://www.dpshtrr.al/operatoret/lu-na-shpk,K31412087P,Tiranë Veri-Jug,TR-2,Laç,LA-3,06:30,07:16,46.9,39.1,1,"1,2,3,4,5,6,7",8/3/2026,60,0,0,True,0
Tiranë,Lezhë,LE4,Lezhë - Durrës - Lezhë,LINDA - 80,https://www.dpshtrr.al/operatoret/linda-80-shpk,K37513530U,Durrës Stacioni i Trenit,DR-1,Lezhë (Katedralja),LE-1,14:00,15:23,83.7,69.8,1,"1,2,3,4,5,6,7",8/3/2026,60,0,0,True,2
Tiranë,Lezhë,LE15,Laç - Lezhë - Laç,LASKA 1,https://www.dpshtrr.al/operatoret/laska-1-shpk,L17709301D,Laç,LA-3,Lezhë (Katedralja),LE-1,15:30,15:54,24.2,20.2,1,"1,2,3,4,5,6,7",8/3/2026,60,0,0,True,3
Tiranë,Lezhë,LE15,Laç - Lezhë - Laç,LASKA 1,https://www.dpshtrr.al/operatoret/laska-1-shpk,L17709301D,Laç,LA-3,Lezhë (Katedralja),LE-1,13:00,13:24,24.2,20.2,1,"1,2,3,4,5,6,7",8/3/2026,60,0,0,True,4
Tiranë,Lezhë,LE4,Lezhë - Durrës - Lezhë,LINDA - 80,https://www.dpshtrr.al/operatoret/linda-80-shpk,K37513530U,Durrës Stacioni i Trenit,DR-1,Lezhë (Katedralja),LE-1,16:00,17:23,83.7,69.8,1,"1,2,3,4,5,6,7",8/3/2026,60,0,0,True,1
Tiranë,Lezhë,TR35,Tiranë – Lezhë – Tiranë,Luna,https://www.dpshtrr.al/operatoret/lu-na-shpk,K31412087P,Tiranë Veri-Jug,TR-2,Lezhë (Katedralja),LE-1,06:00,07:02,62.3,51.9,1,"1,2,3,4,5,6,7",8/3/2026,60,0,0,True,0
Tiranë,Libohovë,GJ11,Libohovë - Tiranë - Libohovë,SKENDI - 2014,https://www.dpshtrr.al/operatoret/skendi-2014-shpk,L53428602T,Tiranë Veri-Jug,TR-2,Libohovë,GJ-13,13:00,17:52,292.1,243.4,1,"1,2,3,4,5,6,7",8/3/2026,60,0,0,True,3
Tiranë,Libohovë,TR38,Tiranë – Libohovë – Tiranë,PIKO,https://www.dpshtrr.al/operatoret/piko-shpk,K22301006J,Tiranë Veri-Jug,TR-2,Libohovë,GJ-13,05:45,10:36,291.4,242.7,1,"1,2,3,4,5,6,7",8/4/2026,60,0,0,True,3
Tiranë,Librazhd,EL39,Librazhd – Elbasan – Librazhd,PRODANI,https://www.dpshtrr.al/operatoret/prodani,K27713621J,"Elbasan ""Kryqezimi i Cerrikut""",EL-4,Librazhd,LB-3,16:00,16:29,29.9,25.0,1,"1,2,3,4,5,6,7",8/3/2026,60,0,0,True,4
Tiranë,Librazhd,EL39,Librazhd – Elbasan – Librazhd,PRODANI,https://www.dpshtrr.al/operatoret/prodani,K27713621J,"Elbasan ""Kryqezimi i Cerrikut""",EL-4,Librazhd,LB-3,16:30,16:59,29.9,25.0,1,"1,2,3,4,5,6,7",8/3/2026,60,0,0,True,4
Tiranë,Lushnjë,FR23,Lushnjë – Tiranë – Lushnjë,KOHA EKSPRES,https://www.dpshtrr.al/operatoret/koha-ekspres-shpk,K34017402I,Tiranë Veri-Jug,TR-2,Lushnjë,LU-1,13:30,15:08,98.1,81.7,1,"1,2,3,4,5,6,7",8/3/2026,60,0,0,True,3
Tiranë,Lushnjë,BR28,Berat – Lushnje - Berat,STAR TRANS OR,https://www.dpshtrr.al/operatoret/star-trans-or-shpk,L63204002T,Berat,BR-1,Lushnjë,LU-1,13:00,13:41,41.4,34.5,1,"1,2,3,4,5,6,7",8/3/2026,60,0,0,True,3
Tiranë,Lushnjë,FR23,Lushnjë – Tiranë – Lushnjë,KOHA EKSPRES,https://www.dpshtrr.al/operatoret/koha-ekspres-shpk,K34017402I,Tiranë Veri-Jug,TR-2,Lushnjë,LU-1,14:00,15:38,98.1,81.7,1,"1,2,3,4,5,6,7",8/3/2026,60,0,0,True,2
Tiranë,Maliq,EL22,Elbasan – Prrenjas – Elbasan,NE-ER,https://www.dpshtrr.al/operatoret/ne-er-shpk,L52519213M,"Elbasan ""Kryqezimi i Cerrikut""",EL-4,Prrenjas,LB-5,13:15,14:02,47.0,53.2,1,"1,2,3,4,5,6,7",8/3/2026,60,0,0,True,4
Tiranë,Manëz,TR49,Tiranë – Manëz – Tiranë,GREEN BUS,https://www.dpshtrr.al/operatoret/green-bus-travel,L81523015O,Tiranë Veri-Jug,TR-2,Manëz,MA-0001,08:00,08:22,22.9,24.8,1,"1,2,3,4,5,6,7",8/3/2026,60,0,0,True,4
Tiranë,Manëz,DR38,Manëz – Tiranë – Manëz,AXHAMI,https://www.dpshtrr.al/operatoret/axhamico-shpk,K41523513A,Tiranë Veri-Jug,TR-2,Manëz,MA-0001,11:00,11:29,29.8,24.8,1,"1,2,3,4,5,6,7",8/3/2026,60,0,0,True,3
Tiranë,Manëz,TR49,Tiranë – Manëz – Tiranë,GREEN BUS,https://www.dpshtrr.al/operatoret/green-bus-travel,L81523015O,Tiranë Veri-Jug,TR-2,Manëz,MA-0001,12:00,12:22,22.9,24.8,1,"1,2,3,4,5,6,7",8/3/2026,60,0,0,True,3
Tiranë,Manëz,DR38,Manëz – Tiranë – Manëz,AXHAMI,https://www.dpshtrr.al/operatoret/axhamico-shpk,K41523513A,Tiranë Veri-Jug,TR-2,Manëz,MA-0001,13:00,13:29,29.8,24.8,1,"1,2,3,4,5,6,7",8/3/2026,60,0,0,True,3
Tiranë,Manëz,TR49,Tiranë – Manëz – Tiranë,GREEN BUS,https://www.dpshtrr.al/operatoret/green-bus-travel,L81523015O,Tiranë Veri-Jug,TR-2,Manëz,MA-0001,14:00,14:22,22.9,24.8,1,"1,2,3,4,5,6,7",8/3/2026,60,0,0,True,3
Tiranë,Manëz,DR38,Manëz – Tiranë – Manëz,AXHAMI,https://www.dpshtrr.al/operatoret/axhamico-shpk,K41523513A,Tiranë Veri-Jug,TR-2,Manëz,MA-0001,15:00,15:29,29.8,24.8,1,"1,2,3,4,5,6,7",8/3/2026,60,0,0,True,3
Tiranë,Manëz,DR38,Manëz – Tiranë – Manëz,AXHAMI,https://www.dpshtrr.al/operatoret/axhamico-shpk,K41523513A,Tiranë Veri-Jug,TR-2,Manëz,MA-0001,09:00,09:29,29.8,24.8,1,"1,2,3,4,5,6,7",8/4/2026,60,0,0,True,3
Tiranë,Manëz,TR49,Tiranë – Manëz – Tiranë,GREEN BUS,https://www.dpshtrr.al/operatoret/green-bus-travel,L81523015O,Tiranë Veri-Jug,TR-2,Manëz,MA-0001,10:00,10:22,22.9,24.8,1,"1,2,3,4,5,6,7",8/4/2026,60,0,0,True,3
Tiranë,Memaliaj,TR55,Tiranë – Memaliaj – Tiranë,GREEN BUS,https://www.dpshtrr.al/operatoret/green-bus-travel,L81523015O,Tiranë Veri-Jug,TR-2,Memaliaj,GJ-9,08:15,12:04,229.2,191.0,1,"1,2,3,4,5,6,7",8/3/2026,60,0,0,True,4
Tiranë,Memaliaj,TR55,Tiranë – Memaliaj – Tiranë,GREEN BUS,https://www.dpshtrr.al/operatoret/green-bus-travel,L81523015O,Tiranë Veri-Jug,TR-2,Memaliaj,GJ-9,07:15,11:04,229.2,191.0,1,"1,2,3,4,5,6,7",8/3/2026,60,0,0,True,2
Tiranë,Orikum,TR42,Tiranë – Orikum – Tiranë (pa të drejtë qëndrimi në Vlorë),EDEN TOURS,https://www.dpshtrr.al/operatoret/eden-tours,L31804005I,Tiranë Veri-Jug,TR-2,Orikum,VL-35,08:15,11:50,216.0,179.9,1,"1,2,3,4,5,6,7",8/3/2026,60,0,0,True,4
Tiranë,Orikum,TR42,Tiranë – Orikum – Tiranë (pa të drejtë qëndrimi në Vlorë),EDEN TOURS,https://www.dpshtrr.al/operatoret/eden-tours,L31804005I,Tiranë Veri-Jug,TR-2,Orikum,VL-35,09:50,13:25,216.0,179.9,1,"1,2,3,4,5,6,7",8/4/2026,60,0,0,True,3
Tiranë,Patos,TR56,Tiranë – Patos – Tiranë,ARJANI,https://www.dpshtrr.al/operatoret/arjani-shpk,J63208424W,Tiranë Veri-Jug,TR-2,Patos,FR-12,14:00,16:22,142.1,118.4,1,"1,2,3,4,5,6,7",8/3/2026,60,0,0,True,3
Tiranë,Patos,FR15,Fier – Roskovec – Fier,ARJANI,https://www.dpshtrr.al/operatoret/arjani-shpk,J63208424W,Fier,FR-8,Roskovec,FR-10,13:30,13:48,18.4,15.3,1,"1,2,3,4,5,6,7",8/3/2026,60,0,0,True,3
Tiranë,Patos,FR15,Fier – Roskovec – Fier,ARJANI,https://www.dpshtrr.al/operatoret/arjani-shpk,J63208424W,Fier,FR-8,Roskovec,FR-10,14:30,14:48,18.4,15.3,1,"1,2,3,4,5,6,7",8/3/2026,60,0,0,True,3
Tiranë,Patos,FR15,Fier – Roskovec – Fier,ARJANI,https://www.dpshtrr.al/operatoret/arjani-shpk,J63208424W,Fier,FR-8,Roskovec,FR-10,12:30,12:48,18.4,15.3,1,"1,2,3,4,5,6,7",8/3/2026,60,0,0,True,2
Tiranë,Patos,TR56,Tiranë – Patos – Tiranë,ARJANI,https://www.dpshtrr.al/operatoret/arjani-shpk,J63208424W,Tiranë Veri-Jug,TR-2,Patos,FR-12,04:45,07:07,142.1,118.4,1,"1,2,3,4,5,6,7",8/3/2026,60,0,0,True,0
Tiranë,Patos,TR16,Tiranë – Vlorë – Tiranë,EL-ALBA TRANS,https://www.dpshtrr.al/operatoret/el-alba-trans-shpk,J62014003V,Tiranë Veri-Jug,TR-2,Vlorë,VL-28,05:55,08:57,183.0,152.4,1,"1,2,3,4,5,6,7",8/3/2026,60,0,0,True,1
Tiranë,Patos,TR36,Tiranë – Patos – Ballsh – Tiranë,BATURBA,https://www.dpshtrr.al/operatoret/baturba-shpk,K62202003O,Tiranë Veri-Jug,TR-2,Ballsh,FR-11,06:15,08:58,163.5,136.2,1,"1,2,3,4,5,6,7",8/3/2026,60,0,0,True,1
Tiranë,Patos,FR33,Roskovec – Tiranë – Roskovec,LENTIN 2015,https://www.dpshtrr.al/operatoret/lentin-2015-shpk,L53617403M,Tiranë Veri-Jug,TR-2,Roskovec,FR-10,14:15,16:43,148.2,123.5,1,"1,2,3,4,5,6,7",8/3/2026,60,0,0,True,3
Tiranë,Peqin,EL32,Peqin – Tiranë – Peqin,FLORIAN trans 2022,https://www.dpshtrr.al,M29711101H,Tiranë Jug-Lindje,TR-1,Peqin,EL-7,13:00,14:18,78.1,57.2,1,"1,2,3,4,5,6,7",8/3/2026,60,0,0,True,0
Tiranë,Pogradec,KO12,Korçë - Pogradec - Korçë,MORAVA 93,https://www.dpshtrr.al/operatoret/morava-93-shpk,K33804004D,Korçë,KO-2,Pogradec,PG-5,16:30,17:15,45.8,38.2,1,"1,2,3,4,5,6,7",8/3/2026,60,0,0,True,4
Tiranë,Pogradec,EL40,Librazhd – Prrenjas – Librazhd,SEFA TRANS,https://www.dpshtrr.al/operatoret/sefa-trans-shpk,L47707602A,Librazhd,LB-3,Prrenjas,LB-5,12:30,12:59,29.7,28.5,1,"1,2,3,4,5,6,7",8/3/2026,60,0,0,True,4
Tiranë,Pogradec,KO12,Korçë - Pogradec - Korçë,MORAVA 93,https://www.dpshtrr.al/operatoret/morava-93-shpk,K33804004D,Korçë,KO-2,Pogradec,PG-5,11:30,12:15,45.8,38.2,1,"1,2,3,4,5,6,7",8/3/2026,60,0,0,True,2
Tiranë,Polican,BR4,Poliçan – Tiranë – Poliçan,POLICANI TRANS,https://www.dpshtrr.al/operatoret/policani-trans-shpk,K99502401C,Tiranë Veri-Jug,TR-2,Polican,SK-1,14:00,16:52,172.8,143.9,1,"1,2,3,4,5,6,7",8/3/2026,60,0,0,True,3
Tiranë,Puke,ShK31,Fushë Arrëz – Pukë – Fushë Arrëz,eTransport,https://www.dpshtrr.al/operatoret-etransport,1,Fushe- Arrez,SH-10,Puke,PU-1,00:00,00:24,24.4,20.4,1,"1,2,3,4,5,6,7",8/3/2026,60,0,0,True,3
Tiranë,Puke,TR5,Tiranë – Mjedë – Pukë – Tiranë,MARKAJ,https://www.dpshtrr.al/operatoret/markaj-shpk,K32313008R,Tiranë Veri-Jug,TR-2,Puke,PU-1,06:00,08:27,147.7,123.1,1,"1,2,3,4,5,6,7",8/3/2026,60,0,0,True,0
Tiranë,Përmet,TR21,Tiranë – Përmet – Tiranë,DHEMBELI,https://www.dpshtrr.al/operatoret/dhembeli-shpk,K11609007R,Tiranë Veri-Jug,TR-2,Përmet,PR-1,05:30,10:17,287.4,239.4,1,"1,2,3,4,5,6,7",8/3/2026,60,0,0,True,0
Tiranë,Roskovec,FR15,Fier – Roskovec – Fier,ARJANI,https://www.dpshtrr.al/operatoret/arjani-shpk,J63208424W,Fier,FR-8,Roskovec,FR-10,11:30,11:48,18.4,15.3,1,"1,2,3,4,5,6,7",8/3/2026,60,0,0,True,2
Tiranë,Roskovec,TR57,Tiranë – Roskovec – Tiranë,ARJANI,https://www.dpshtrr.al/operatoret/arjani-shpk,J63208424W,Tiranë Veri-Jug,TR-2,Roskovec,FR-10,11:30,14:00,150.0,125.0,1,"1,2,3,4,5,6,7",8/3/2026,60,0,0,True,3
Tiranë,Roskovec,FR34,Roskovec – Fier – Roskovec,SHKËLQIM DOKSANI,https://www.dpshtrr.al/operatoret/shkelqim-doksani-shpk,K93211401D,Fier,FR-8,Roskovec,FR-10,14:00,14:18,18.4,15.3,1,"1,2,3,4,5,6,7",8/3/2026,60,0,0,True,4
Tiranë,Roskovec,FR34,Roskovec – Fier – Roskovec,SHKËLQIM DOKSANI,https://www.dpshtrr.al/operatoret/shkelqim-doksani-shpk,K93211401D,Fier,FR-8,Roskovec,FR-10,12:00,12:18,18.4,15.3,1,"1,2,3,4,5,6,7",8/3/2026,60,0,0,True,3
Tiranë,Roskovec,FR33,Roskovec – Tiranë – Roskovec,LENTIN 2015,https://www.dpshtrr.al/operatoret/lentin-2015-shpk,L53617403M,Tiranë Veri-Jug,TR-2,Roskovec,FR-10,12:15,14:43,148.2,123.5,1,"1,2,3,4,5,6,7",8/3/2026,60,0,0,True,2
Tiranë,Roskovec,FR15,Fier – Roskovec – Fier,ARJANI,https://www.dpshtrr.al/operatoret/arjani-shpk,J63208424W,Fier,FR-8,Roskovec,FR-10,15:30,15:48,18.4,15.3,1,"1,2,3,4,5,6,7",8/3/2026,60,0,0,True,3
Tiranë,Rrogozhine,TR81,Rrogozhinë - Kavajë - Rrogozhinë,LU&SE TRANS,https://www.dpshtrr.al/operatoret/luse-trans,L52817801B,Kavaje (ish Agjencia),KJ-5,Rrogozhine,KJ-4,11:30,11:51,21.4,17.8,1,"1,2,3,4,5,6,7",8/3/2026,60,0,0,True,3
Tiranë,Rrogozhine,TR81,Rrogozhinë - Kavajë - Rrogozhinë,LU&SE TRANS,https://www.dpshtrr.al/operatoret/luse-trans,L52817801B,Kavaje (ish Agjencia),KJ-5,Rrogozhine,KJ-4,12:30,12:51,21.4,17.8,1,"1,2,3,4,5,6,7",8/3/2026,60,0,0,True,4
Tiranë,Rrëshen,TR8,Tiranë – Rrëshen – Tiranë,BEAM,https://www.dpshtrr.al/operatoret/beam-shpk,K22313004H,Tiranë Veri-Jug,TR-2,Rrëshen,LA-2,06:00,07:27,87.1,72.6,1,"1,2,3,4,5,6,7",8/3/2026,60,0,0,True,0
Tiranë,Sarandë,VL30,Sarandë - Tiranë - Sarandë ( me kalim nga bregu ),TRANS-BUS SARANDA,https://www.dpshtrr.al/operatoret/transbus-saranda-shpk,K83725804U,Tiranë Veri-Jug,TR-2,Sarandë,SR-7,14:00,19:41,341.0,284.1,1,"1,2,3,4,5,6,7",8/3/2026,60,0,0,True,2
Tiranë,Selenicë,VL41,Selenicë - Vlorë - Selenicë,ROBERT SINAJ,https://www.dpshtrr.al/operatoret/robert-sinaj-shpk,L76619204D,Vlorë,VL-28,Selenicë,VL-101,07:00,07:33,33.3,27.7,1,"1,2,3,4,5,6,7",8/3/2026,60,0,0,True,2
Tiranë,Selenicë,VL44,Vlorë – Selenicë – Vlorë,eTransport,https://www.dpshtrr.al/operatoret-etransport,1,Vlorë,VL-28,Selenicë,VL-101,00:00,00:33,33.5,27.9,1,"1,2,3,4,5,6,7",8/3/2026,60,0,0,True,3
Tiranë,Selenicë,VL41,Selenicë - Vlorë - Selenicë,ROBERT SINAJ,https://www.dpshtrr.al/operatoret/robert-sinaj-shpk,L76619204D,Vlorë,VL-28,Selenicë,VL-101,07:30,08:03,33.3,27.7,1,"1,2,3,4,5,6,7",8/4/2026,60,0,0,True,3
Tiranë,Selenicë,VL42,Selenicë - Tiranë - Selenicë,STAR TRANS OR,https://www.dpshtrr.al/operatoret/star-trans-or-shpk,L63204002T,Tiranë Veri-Jug,TR-2,Selenicë,VL-101,06:00,09:34,214.5,178.7,1,"1,2,3,4,5,6,7",8/4/2026,60,0,0,True,3
Tiranë,Selenicë,TR60,Tiranë – Selenicë – Tiranë,EL-ALBA TRANS,https://www.dpshtrr.al/operatoret/el-alba-trans-shpk,J62014003V,Tiranë Veri-Jug,TR-2,Selenicë,VL-101,06:45,10:19,214.5,178.7,1,"1,2,3,4,5,6,7",8/4/2026,60,0,0,True,3
Tiranë,Selenicë,VL41,Selenicë - Vlorë - Selenicë,ROBERT SINAJ,https://www.dpshtrr.al/operatoret/robert-sinaj-shpk,L76619204D,Vlorë,VL-28,Selenicë,VL-101,10:35,11:08,33.3,27.7,1,"1,2,3,4,5,6,7",8/4/2026,60,0,0,True,3
Tiranë,Selenicë,TR60,Tiranë – Selenicë – Tiranë,EL-ALBA TRANS,https://www.dpshtrr.al/operatoret/el-alba-trans-shpk,J62014003V,Tiranë Veri-Jug,TR-2,Selenicë,VL-101,07:45,11:19,214.5,178.7,1,"1,2,3,4,5,6,7",8/4/2026,60,0,0,True,3
Tiranë,Selenicë,VL41,Selenicë - Vlorë - Selenicë,ROBERT SINAJ,https://www.dpshtrr.al/operatoret/robert-sinaj-shpk,L76619204D,Vlorë,VL-28,Selenicë,VL-101,11:00,11:33,33.3,27.7,1,"1,2,3,4,5,6,7",8/4/2026,60,0,0,True,2
Tiranë,Selenicë,VL42,Selenicë - Tiranë - Selenicë,STAR TRANS OR,https://www.dpshtrr.al/operatoret/star-trans-or-shpk,L63204002T,Tiranë Veri-Jug,TR-2,Selenicë,VL-101,08:00,11:34,214.5,178.7,1,"1,2,3,4,5,6,7",8/4/2026,60,0,0,True,2
Tiranë,Shijak,DR54,Shijak – Tiranë – Shijak,ERZENI TRANS,https://www.dpshtrr.al/operatoret/erzeni-trans-shpk,K31527595W,Tiranë Veri-Jug,TR-2,Shijak,DR-16,13:30,14:01,31.2,26.0,1,"1,2,3,4,5,6,7",8/3/2026,60,0,0,True,3
Tiranë,Shijak,DR43,Durrës – Shijak – Durrës,ANDROMEDA GROUP,https://www.dpshtrr.al/operatoret/andromeda-group-shpk,L61307527C,Durrës Stacioni i Trenit,DR-1,Shijak,DR-16,15:00,15:16,16.1,13.4,1,"1,2,3,4,5,6,7",8/3/2026,60,0,0,True,2
Tiranë,Shijak,DR56,Shijak – Durrës – Shijak,SHIJAKU & CO,https://www.dpshtrr.al/operatoret/shijakuco-shpk,L62413505H,Durrës Stacioni i Trenit,DR-1,Shijak,DR-16,16:30,16:46,16.1,13.4,1,"1,2,3,4,5,6,7",8/3/2026,60,0,0,True,1
Tiranë,Shijak,DR56,Shijak – Durrës – Shijak,SHIJAKU & CO,https://www.dpshtrr.al/operatoret/shijakuco-shpk,L62413505H,Durrës Stacioni i Trenit,DR-1,Shijak,DR-16,18:30,18:46,16.1,13.4,1,"1,2,3,4,5,6,7",8/3/2026,60,0,0,True,1
Tiranë,Shijak,DR56,Shijak – Durrës – Shijak,SHIJAKU & CO,https://www.dpshtrr.al/operatoret/shijakuco-shpk,L62413505H,Durrës Stacioni i Trenit,DR-1,Shijak,DR-16,13:30,13:46,16.1,13.4,1,"1,2,3,4,5,6,7",8/3/2026,60,0,0,True,2
Tiranë,Shijak,DR54,Shijak – Tiranë – Shijak,ERZENI TRANS,https://www.dpshtrr.al/operatoret/erzeni-trans-shpk,K31527595W,Tiranë Veri-Jug,TR-2,Shijak,DR-16,14:15,14:46,31.2,26.0,1,"1,2,3,4,5,6,7",8/3/2026,60,0,0,True,2
Tiranë,Sukth,TR50,Tiranë – Sukth – Tiranë,TAGO,https://www.dpshtrr.al/operatoret/tago-shpk,L81807009O,Tiranë Veri-Jug,TR-2,Sukth,DR-2,08:00,08:33,33.2,27.7,1,"1,2,3,4,5,6,7",8/3/2026,60,0,0,True,4
Tiranë,Sukth,TR50,Tiranë – Sukth – Tiranë,TAGO,https://www.dpshtrr.al/operatoret/tago-shpk,L81807009O,Tiranë Veri-Jug,TR-2,Sukth,DR-2,11:00,11:33,33.2,27.7,1,"1,2,3,4,5,6,7",8/3/2026,60,0,0,True,3
Tiranë,Sukth,DR39,Sukth – Tiranë – Sukth,DITA TRANS,https://www.dpshtrr.al/operatoret/dita-trans-shpk,K42408501Q,Tiranë Veri-Jug,TR-2,Sukth,DR-2,11:30,12:03,33.2,27.7,1,"1,2,3,4,5,6,7",8/3/2026,60,0,0,True,3
Tiranë,Sukth,TR50,Tiranë – Sukth – Tiranë,TAGO,https://www.dpshtrr.al/operatoret/tago-shpk,L81807009O,Tiranë Veri-Jug,TR-2,Sukth,DR-2,12:00,12:33,33.2,27.7,1,"1,2,3,4,5,6,7",8/3/2026,60,0,0,True,3
Tiranë,Sukth,DR39,Sukth – Tiranë – Sukth,DITA TRANS,https://www.dpshtrr.al/operatoret/dita-trans-shpk,K42408501Q,Tiranë Veri-Jug,TR-2,Sukth,DR-2,12:30,13:03,33.2,27.7,1,"1,2,3,4,5,6,7",8/3/2026,60,0,0,True,3
Tiranë,Sukth,DR39,Sukth – Tiranë – Sukth,DITA TRANS,https://www.dpshtrr.al/operatoret/dita-trans-shpk,K42408501Q,Tiranë Veri-Jug,TR-2,Sukth,DR-2,13:30,14:03,33.2,27.7,1,"1,2,3,4,5,6,7",8/3/2026,60,0,0,True,3
Tiranë,Sukth,DR39,Sukth – Tiranë – Sukth,DITA TRANS,https://www.dpshtrr.al/operatoret/dita-trans-shpk,K42408501Q,Tiranë Veri-Jug,TR-2,Sukth,DR-2,14:00,14:33,33.2,27.7,1,"1,2,3,4,5,6,7",8/3/2026,60,0,0,True,3
Tiranë,Sukth,TR50,Tiranë – Sukth – Tiranë,TAGO,https://www.dpshtrr.al/operatoret/tago-shpk,L81807009O,Tiranë Veri-Jug,TR-2,Sukth,DR-2,15:00,15:33,33.2,27.7,1,"1,2,3,4,5,6,7",8/3/2026,60,0,0,True,3
Tiranë,Sukth,DR39,Sukth – Tiranë – Sukth,DITA TRANS,https://www.dpshtrr.al/operatoret/dita-trans-shpk,K42408501Q,Tiranë Veri-Jug,TR-2,Sukth,DR-2,09:30,10:03,33.2,27.7,1,"1,2,3,4,5,6,7",8/3/2026,60,0,0,True,3
Tiranë,Sukth,TR50,Tiranë – Sukth – Tiranë,TAGO,https://www.dpshtrr.al/operatoret/tago-shpk,L81807009O,Tiranë Veri-Jug,TR-2,Sukth,DR-2,10:00,10:33,33.2,27.7,1,"1,2,3,4,5,6,7",8/3/2026,60,0,0,True,3
Tiranë,Sukth,TR50,Tiranë – Sukth – Tiranë,TAGO,https://www.dpshtrr.al/operatoret/tago-shpk,L81807009O,Tiranë Veri-Jug,TR-2,Sukth,DR-2,13:00,13:33,33.2,27.7,1,"1,2,3,4,5,6,7",8/3/2026,60,0,0,True,3
Tiranë,Sukth,TR50,Tiranë – Sukth – Tiranë,TAGO,https://www.dpshtrr.al/operatoret/tago-shpk,L81807009O,Tiranë Veri-Jug,TR-2,Sukth,DR-2,07:00,07:33,33.2,27.7,1,"1,2,3,4,5,6,7",8/3/2026,60,0,0,True,2
Tiranë,Sukth,DR39,Sukth – Tiranë – Sukth,DITA TRANS,https://www.dpshtrr.al/operatoret/dita-trans-shpk,K42408501Q,Tiranë Veri-Jug,TR-2,Sukth,DR-2,07:30,08:03,33.2,27.7,1,"1,2,3,4,5,6,7",8/3/2026,60,0,0,True,2
Tiranë,Sukth,TR50,Tiranë – Sukth – Tiranë,TAGO,https://www.dpshtrr.al/operatoret/tago-shpk,L81807009O,Tiranë Veri-Jug,TR-2,Sukth,DR-2,06:30,07:03,33.2,27.7,1,"1,2,3,4,5,6,7",8/3/2026,60,0,0,True,0
Tiranë,Sukth,DR39,Sukth – Tiranë – Sukth,DITA TRANS,https://www.dpshtrr.al/operatoret/dita-trans-shpk,K42408501Q,Tiranë Veri-Jug,TR-2,Sukth,DR-2,08:30,09:03,33.2,27.7,1,"1,2,3,4,5,6,7",8/3/2026,60,0,0,True,0
Tiranë,Sukth,TR50,Tiranë – Sukth – Tiranë,TAGO,https://www.dpshtrr.al/operatoret/tago-shpk,L81807009O,Tiranë Veri-Jug,TR-2,Sukth,DR-2,09:00,09:33,33.2,27.7,1,"1,2,3,4,5,6,7",8/3/2026,60,0,0,True,0
Tiranë,Tepelenë,TR23,Tiranë – Tepelenë – Tiranë,TISA,https://www.dpshtrr.al/operatoret/tisa-shpk,K31520093K,Tiranë Veri-Jug,TR-2,Tepelenë,GJ-12,07:00,10:57,237.6,198.0,1,"1,2,3,4,5,6,7",8/4/2026,60,0,0,True,4
Tiranë,Vlorë,TR16,Tiranë – Vlorë – Tiranë,EL-ALBA TRANS,https://www.dpshtrr.al/operatoret/el-alba-trans-shpk,J62014003V,Tiranë Veri-Jug,TR-2,Vlorë,VL-28,06:20,09:22,183.0,152.4,1,"1,2,3,4,5,6,7",8/3/2026,60,0,0,True,0
Tiranë,Vlorë,VL3,Vlorë - Tiranë - Vlorë,INTERBUZ VLORA,https://www.dpshtrr.al/operatoret/interbuz-vlora-shpk,K37004203O,Tiranë Veri-Jug,TR-2,Vlorë,VL-28,14:00,17:02,183.0,152.4,1,"1,2,3,4,5,6,7",8/3/2026,60,0,0,True,2
Ura Vajgurore,Berat,BR41,Berat - Ura Vajgurore – Berat,TIBE,https://www.dpshtrr.al/operatoret/tibe-shpk,K31327069U,Ura Vajgurore,FR-19,Berat,BR-1,07:00,07:10,10.3,8.6,1,"1,2,3,4,5,6,7",8/3/2026,60,0,0,True,0
Ura Vajgurore,Berat,BR41,Berat - Ura Vajgurore – Berat,TIBE,https://www.dpshtrr.al/operatoret/tibe-shpk,K31327069U,Ura Vajgurore,FR-19,Berat,BR-1,08:00,08:10,10.3,8.6,1,"1,2,3,4,5,6,7",8/3/2026,60,0,0,True,0
Ura Vajgurore,Berat,BR41,Berat - Ura Vajgurore – Berat,TIBE,https://www.dpshtrr.al/operatoret/tibe-shpk,K31327069U,Ura Vajgurore,FR-19,Berat,BR-1,09:00,09:10,10.3,8.6,1,"1,2,3,4,5,6,7",8/3/2026,60,0,0,True,0
Ura Vajgurore,Berat,BR22,Ura Vajgurore - Fier - Ura Vajgurore,STAR TRANS OR,https://www.dpshtrr.al/operatoret/star-trans-or-shpk,L63204002T,Ura Vajgurore,FR-19,Fier,FR-8,08:00,08:41,41.4,34.5,1,"1,2,3,4,5,6,7",8/3/2026,60,0,0,True,1
Ura Vajgurore,Berat,BR41,Berat - Ura Vajgurore – Berat,TIBE,https://www.dpshtrr.al/operatoret/tibe-shpk,K31327069U,Ura Vajgurore,FR-19,Berat,BR-1,10:00,10:10,10.3,8.6,1,"1,2,3,4,5,6,7",8/3/2026,60,0,0,True,0
Ura Vajgurore,Berat,BR41,Berat - Ura Vajgurore – Berat,TIBE,https://www.dpshtrr.al/operatoret/tibe-shpk,K31327069U,Ura Vajgurore,FR-19,Berat,BR-1,11:00,11:10,10.3,8.6,1,"1,2,3,4,5,6,7",8/3/2026,60,0,0,True,0
Ura Vajgurore,Fier,FR2,Fier – Berat – Fier,ÇUKO,https://www.dpshtrr.al/operatoret/cuko-shpk,J62903571K,Berat,BR-1,Fier,FR-8,09:30,10:21,51.8,43.1,1,"1,2,3,4,5,6,7",8/3/2026,60,0,0,True,1
Ura Vajgurore,Fier,BR22,Ura Vajgurore - Fier - Ura Vajgurore,STAR TRANS OR,https://www.dpshtrr.al/operatoret/star-trans-or-shpk,L63204002T,Ura Vajgurore,FR-19,Fier,FR-8,10:30,11:11,41.4,34.5,1,"1,2,3,4,5,6,7",8/3/2026,60,0,0,True,0
Ura Vajgurore,Tiranë,BR21,Ura Vajgurore - Tiranë - Ura Vajgurore,STAR TRANS OR,https://www.dpshtrr.al/operatoret/star-trans-or-shpk,L63204002T,Ura Vajgurore,FR-19,Tiranë Veri-Jug,TR-2,06:00,08:07,127.8,106.5,1,"1,2,3,4,5,6,7",8/3/2026,60,0,0,True,3
Ura Vajgurore,Tiranë,EL8,Elbasan – Lushnje – Elbasan (me kalim nga Rrogozhina),LLIXHA 2001,https://www.dpshtrr.al/operatoret/llixha-2001-shpk,K13127201O,Lushnjë,LU-1,"Elbasan ""Kryqezimi i Cerrikut""",EL-4,12:00,13:13,73.8,61.5,1,"1,2,3,4,5,6,7",8/3/2026,60,0,0,True,4
Vau i Dejës,Kukës,ShK14,Vau Dejës - Tiranë - Vau Dejës,VAU DEJËS,https://www.dpshtrr.al/operatoret/nordin-shpk,J97113015J,Vau i Dejës,SH-2,Tiranë Veri-Jug,TR-2,06:00,07:42,102.1,85.1,1,"1,2,3,4,5,6,7",8/3/2026,60,0,0,True,1
Vau i Dejës,Kukës,ShK10,Shkodër - Vau i Dejës - Shkodër,VELIPOJA EXPRESS,https://www.dpshtrr.al/operatoret/velipoja-ekspres-shpk,K26723001H,Vau i Dejës,SH-2,Shkodër,SH-15,06:30,06:49,19.4,16.2,1,"1,2,3,4,5,6,7",8/3/2026,60,0,0,True,2
Vau i Dejës,Kukës,ShK17,Vau Dejës - Guri Zi - Shkodër - Vau Dejës,VAU DEJËS,https://www.dpshtrr.al/operatoret/nordin-shpk,J97113015J,Vau i Dejës,SH-2,Shkodër,SH-15,06:30,06:53,23.4,19.5,1,"1,2,3,4,5,6,7",8/3/2026,60,0,0,True,2
Vau i Dejës,Kukës,ShK16,Vau Dejës - Krye Bushat - Shkodër - Vau Dejës,VAU DEJËS,https://www.dpshtrr.al/operatoret/nordin-shpk,J97113015J,Vau i Dejës,SH-2,Shkodër,SH-15,06:30,06:56,26.4,22.0,1,"1,2,3,4,5,6,7",8/3/2026,60,0,0,True,2
Vau i Dejës,Kukës,ShK14,Vau Dejës - Tiranë - Vau Dejës,VAU DEJËS,https://www.dpshtrr.al/operatoret/nordin-shpk,J97113015J,Vau i Dejës,SH-2,Tiranë Veri-Jug,TR-2,09:00,10:42,102.1,85.1,1,"1,2,3,4,5,6,7",8/3/2026,60,0,0,True,1
Vau i Dejës,Kukës,ShK17,Vau Dejës - Guri Zi - Shkodër - Vau Dejës,VAU DEJËS,https://www.dpshtrr.al/operatoret/nordin-shpk,J97113015J,Vau i Dejës,SH-2,Shkodër,SH-15,07:00,07:23,23.4,19.5,1,"1,2,3,4,5,6,7",8/3/2026,60,0,0,True,2
Vau i Dejës,Kukës,ShK16,Vau Dejës - Krye Bushat - Shkodër - Vau Dejës,VAU DEJËS,https://www.dpshtrr.al/operatoret/nordin-shpk,J97113015J,Vau i Dejës,SH-2,Shkodër,SH-15,07:00,07:26,26.4,22.0,1,"1,2,3,4,5,6,7",8/3/2026,60,0,0,True,3
Vau i Dejës,Lezhë,ShK10,Shkodër - Vau i Dejës - Shkodër,VELIPOJA EXPRESS,https://www.dpshtrr.al/operatoret/velipoja-ekspres-shpk,K26723001H,Vau i Dejës,SH-2,Shkodër,SH-15,07:30,07:49,19.4,16.2,1,"1,2,3,4,5,6,7",8/3/2026,60,0,0,True,3
Vau i Dejës,Shkodër,ShK17,Vau Dejës - Guri Zi - Shkodër - Vau Dejës,VAU DEJËS,https://www.dpshtrr.al/operatoret/nordin-shpk,J97113015J,Vau i Dejës,SH-2,Shkodër,SH-15,08:00,08:23,23.4,19.5,1,"1,2,3,4,5,6,7",8/3/2026,60,0,0,True,0
Vau i Dejës,Shkodër,ShK16,Vau Dejës - Krye Bushat - Shkodër - Vau Dejës,VAU DEJËS,https://www.dpshtrr.al/operatoret/nordin-shpk,J97113015J,Vau i Dejës,SH-2,Shkodër,SH-15,08:00,08:26,26.4,22.0,1,"1,2,3,4,5,6,7",8/3/2026,60,0,0,True,0
Vlorë,Berat,BR32,Berat – Vlorë – Berat,LEKSI,https://www.dpshtrr.al/operatoret/leksi-or-shpk,J62904105U,Vlorë,VL-28,Berat,BR-1,11:30,13:04,94.7,78.9,1,"1,2,3,4,5,6,7",8/3/2026,60,0,0,True,0
Vlorë,Berat,BR29,Berat - Fier - Berat,AIDA - TRANS 02,https://www.dpshtrr.al/operatoret/aida-trans-02-shpk,K32515186K,Fier,FR-8,Berat,BR-1,15:45,16:37,52.1,43.4,1,"1,2,3,4,5,6,7",8/3/2026,60,0,0,True,2
Vlorë,Berat,BR27,Berat – Sarandë – Berat,NIKJORG,https://www.dpshtrr.al/operatoret/nikjorg-shpk,K32513074R,Sarandë,SR-7,Berat,BR-1,14:30,18:41,251.4,209.5,1,"1,2,3,4,5,6,7",8/3/2026,60,0,0,True,1
Vlorë,Berat,VL43,Vlorë – Delvinë – Vlorë,eTransport,https://www.dpshtrr.al/operatoret-etransport,1,Delvine,GJ-31,Vlorë,VL-28,00:00,02:43,163.4,136.1,1,"1,2,3,4,5,6,7",8/3/2026,60,0,0,True,3
Vlorë,Corovode,FR3,Fier – Vlorë  – Fier,ARJANI,https://www.dpshtrr.al/operatoret/arjani-shpk,J63208424W,Vlorë,VL-28,Fier,FR-8,00:30,01:14,44.5,37.1,1,"1,2,3,4,5,6,7",8/2/2026,60,0,0,True,1
Vlorë,Corovode,FR3,Fier – Vlorë  – Fier,ARJANI,https://www.dpshtrr.al/operatoret/arjani-shpk,J63208424W,Vlorë,VL-28,Fier,FR-8,01:30,02:14,44.5,37.1,1,"1,2,3,4,5,6,7",8/2/2026,60,0,0,True,1
Vlorë,Corovode,FR39,Ballsh – Gjirokastër – Ballsh,eTransport,https://www.dpshtrr.al/operatoret-etransport,1,Gjirokastër,GJ-1,Ballsh,FR-11,00:00,01:38,98.6,82.2,1,"1,2,3,4,5,6,7",8/3/2026,60,0,0,True,4
Vlorë,Delvine,VL31,Sarandë - Delvinë - Sarandë,JONI - TRANS - SARANDA,https://www.dpshtrr.al/operatoret/joni-trans-saranda-shpk,K84824801T,Sarandë,SR-7,Delvine,GJ-31,10:00,10:19,19.9,16.6,1,"1,2,3,4,5,6,7",8/3/2026,60,0,0,True,2
Vlorë,Delvine,VL16,Vlorë - Sarandë - Vlorë (me kalim nga Muzina),HAMZAJ,https://www.dpshtrr.al/operatoret/hamzaj-shpk,K36417206V,Vlorë,VL-28,Sarandë,SR-7,07:00,10:29,209.1,174.2,1,"1,2,3,4,5,6,7",8/3/2026,60,0,0,True,1
Vlorë,Delvine,VL16,Vlorë - Sarandë - Vlorë (me kalim nga Muzina),HAMZAJ,https://www.dpshtrr.al/operatoret/hamzaj-shpk,K36417206V,Vlorë,VL-28,Sarandë,SR-7,08:00,11:29,209.1,174.2,1,"1,2,3,4,5,6,7",8/3/2026,60,0,0,True,1
Vlorë,Durrës,VL3,Vlorë - Tiranë - Vlorë,INTERBUZ VLORA,https://www.dpshtrr.al/operatoret/interbuz-vlora-shpk,K37004203O,Vlorë,VL-28,Tiranë Veri-Jug,TR-2,04:30,07:29,179.8,149.8,1,"1,2,3,4,5,6,7",8/3/2026,60,0,0,True,1
Vlorë,Durrës,VL3,Vlorë - Tiranë - Vlorë,INTERBUZ VLORA,https://www.dpshtrr.al/operatoret/interbuz-vlora-shpk,K37004203O,Vlorë,VL-28,Tiranë Veri-Jug,TR-2,05:00,07:59,179.8,149.8,1,"1,2,3,4,5,6,7",8/3/2026,60,0,0,True,1
Vlorë,Durrës,VL3,Vlorë - Tiranë - Vlorë,INTERBUZ VLORA,https://www.dpshtrr.al/operatoret/interbuz-vlora-shpk,K37004203O,Vlorë,VL-28,Tiranë Veri-Jug,TR-2,05:30,08:29,179.8,149.8,1,"1,2,3,4,5,6,7",8/3/2026,60,0,0,True,1
Vlorë,Durrës,VL3,Vlorë - Tiranë - Vlorë,INTERBUZ VLORA,https://www.dpshtrr.al/operatoret/interbuz-vlora-shpk,K37004203O,Vlorë,VL-28,Tiranë Veri-Jug,TR-2,06:00,08:59,179.8,149.8,1,"1,2,3,4,5,6,7",8/3/2026,60,0,0,True,1
Vlorë,Durrës,VL3,Vlorë - Tiranë - Vlorë,INTERBUZ VLORA,https://www.dpshtrr.al/operatoret/interbuz-vlora-shpk,K37004203O,Vlorë,VL-28,Tiranë Veri-Jug,TR-2,06:30,09:29,179.8,149.8,1,"1,2,3,4,5,6,7",8/3/2026,60,0,0,True,1
Vlorë,Durrës,VL3,Vlorë - Tiranë - Vlorë,INTERBUZ VLORA,https://www.dpshtrr.al/operatoret/interbuz-vlora-shpk,K37004203O,Vlorë,VL-28,Tiranë Veri-Jug,TR-2,07:00,09:59,179.8,149.8,1,"1,2,3,4,5,6,7",8/3/2026,60,0,0,True,1
Vlorë,Durrës,VL3,Vlorë - Tiranë - Vlorë,INTERBUZ VLORA,https://www.dpshtrr.al/operatoret/interbuz-vlora-shpk,K37004203O,Vlorë,VL-28,Tiranë Veri-Jug,TR-2,07:30,10:29,179.8,149.8,1,"1,2,3,4,5,6,7",8/3/2026,60,0,0,True,1
Vlorë,Durrës,VL7,Vlorë - Durrës - Vlorë,INTERBUZ VLORA,https://www.dpshtrr.al/operatoret/interbuz-vlora-shpk,K37004203O,Vlorë,VL-28,Durrës (Plepa),DR-3,09:15,11:32,137.2,114.3,1,"1,2,3,4,5,6,7",8/3/2026,60,0,0,True,0
Vlorë,Durrës,TR22,"Tiranë – Delvinë – Tiranë (me kalim nga Muzina, Kardhikaq)",TISA,https://www.dpshtrr.al/operatoret/tisa-shpk,K31520093K,Delvine,GJ-31,Tiranë Veri-Jug,TR-2,15:00,20:19,319.9,266.5,1,"1,2,3,4,5,6,7",8/3/2026,60,0,0,True,3
Vlorë,Durrës,TR12,Tiranë – Durrës – Tiranë,EL ALBA - 1,https://www.dpshtrr.al/operatoret/elalba-1-shpk,K12202003J,Tiranë Veri-Jug,TR-2,Durrës Stacioni i Trenit,DR-1,20:30,21:12,42.4,35.3,1,"1,2,3,4,5,6,7",8/3/2026,60,0,0,True,3
Vlorë,Durrës,VL22,Sarandë - Tiranë - Sarandë (me kalim nga Muzina),TRANS - BUTRINTI,https://www.dpshtrr.al/operatoret/trans-butrinti-shpk,K04814854U,Sarandë,SR-7,Tiranë Veri-Jug,TR-2,17:00,22:32,332.7,277.2,1,"1,2,3,4,5,6,7",8/3/2026,60,0,0,True,2
Vlorë,Durrës,FR28,Lushnjë – Sarandë – Lushnjë,BLEXH.SH SHARRA TRAVEL,https://www.dpshtrr.al/operatoret/blexhsh-sharra-travel-shpk,L14527402D,Sarandë,SR-7,Lushnjë,LU-1,15:00,18:34,214.8,179.0,1,"1,2,3,4,5,6,7",8/3/2026,60,0,0,True,2
Vlorë,Durrës,DR61,Durrës – Lushnje – Durrës,eTransport,https://www.dpshtrr.al/operatoret-etransport,1,Lushnjë,LU-1,Durrës (Plepa),DR-3,00:00,00:53,53.2,44.3,1,"1,2,3,4,5,6,7",8/3/2026,60,0,0,True,2
Vlorë,Elbasan,TR18,Tiranë – Sarandë – Tiranë (me kalim nga Muzina),TISA,https://www.dpshtrr.al/operatoret/tisa-shpk,K31520093K,Sarandë,SR-7,Tiranë Veri-Jug,TR-2,09:30,15:02,332.7,277.2,1,"1,2,3,4,5,6,7",8/3/2026,60,0,0,True,3
Vlorë,Fier,FR3,Fier – Vlorë  – Fier,ARJANI,https://www.dpshtrr.al/operatoret/arjani-shpk,J63208424W,Vlorë,VL-28,Fier,FR-8,02:30,03:14,44.5,37.1,1,"1,2,3,4,5,6,7",8/3/2026,60,0,0,True,0
Vlorë,Fier,VL17,Vlorë - Sarandë - Vlorë (me kalim nga Bregu),BORAKU,https://www.dpshtrr.al/operatoret/boraku-shpk,K36406218M,Sarandë,SR-7,Vlorë,VL-28,14:30,17:04,154.4,128.7,1,"1,2,3,4,5,6,7",8/3/2026,60,0,0,True,2
Vlorë,Fier,FR3,Fier – Vlorë  – Fier,ARJANI,https://www.dpshtrr.al/operatoret/arjani-shpk,J63208424W,Vlorë,VL-28,Fier,FR-8,17:30,18:14,44.5,37.1,1,"1,2,3,4,5,6,7",8/3/2026,60,0,0,True,2
Vlorë,Himarë,VL21,Himarë - Sarandë - Himarë,CITY HIMARA,https://www.dpshtrr.al/operatoret/city-himara-shpk,L73731801D,Sarandë,SR-7,Himarë,VL-22,18:00,19:01,61.2,51.0,1,"1,2,3,4,5,6,7",8/3/2026,60,0,0,True,1
Vlorë,Korçë,KO3,Korçë - Tiranë - Korçë,START BUS KORCA,https://www.dpshtrr.al/operatoret/start-bus-korca-shpk,K24722001V,Tiranë Jug-Lindje,TR-1,Korçë,KO-2,19:00,22:15,195.6,155.3,1,"1,2,3,4,5,6,7",8/3/2026,60,0,0,True,3
Vlorë,Kucove,BR12,Kuçove – Fier  – Kuçove,INTERBAN K,https://www.dpshtrr.al/operatoret/interban-k-shpk,L57508102P,Fier,FR-8,Kucove,BR-46,16:20,17:06,46.8,39.0,1,"1,2,3,4,5,6,7",8/3/2026,60,0,0,True,2
Vlorë,Librazhd,EL37,Librazhd – Vlorë – Librazhd,HAKA TRAVEL,https://www.dpshtrr.al/operatoret/haka-travel-shpk,K87718601D,Vlorë,VL-28,Librazhd,LB-3,13:20,16:16,176.6,147.1,1,"1,2,3,4,5,6,7",8/3/2026,60,0,0,True,0
Vlorë,Librazhd,EL31,Belsh – Elbasan – Belsh,LIQENI EXPRES SHPK,https://www.dpshtrr.al/operatoret/liqeni-express-shpk,L63622202S,"Elbasan ""Kryqezimi i Cerrikut""",EL-4,Belsh,El-23,19:00,19:36,36.5,30.4,1,"1,2,3,4,5,6,7",8/3/2026,60,0,0,True,3
Vlorë,Librazhd,EL62,Belsh – Librazhd – Belsh,eTransport,https://www.dpshtrr.al/operatoret-etransport,1,Belsh,El-23,Librazhd,LB-3,00:00,01:00,60.7,50.6,1,"1,2,3,4,5,6,7",8/3/2026,60,0,0,True,3
Vlorë,Lushnjë,VL11,Vlorë - Lushnje - Vlorë,CIPINI,https://www.dpshtrr.al/operatoret/cipini-shpk,K36405207P,Vlorë,VL-28,Lushnjë,LU-1,08:30,09:54,84.3,70.3,1,"1,2,3,4,5,6,7",8/3/2026,60,0,0,True,0
Vlorë,Lushnjë,FR26,Lushnjë – Vlorë – Lushnjë,TRANSUDHËTARE,https://www.dpshtrr.al/operatoret/transudhetare-shpk,J64103414M,Vlorë,VL-28,Lushnjë,LU-1,13:00,14:24,84.3,70.3,1,"1,2,3,4,5,6,7",8/3/2026,60,0,0,True,0
Vlorë,Lushnjë,FR32,Lushnjë – Fier – Lushnjë,TRANSUDHËTARE,https://www.dpshtrr.al/operatoret/transudhetare-shpk,J64103414M,Fier,FR-8,Lushnjë,LU-1,15:30,16:03,33.5,28.0,1,"1,2,3,4,5,6,7",8/3/2026,60,0,0,True,2
Vlorë,Lushnjë,TR18,Tiranë – Sarandë – Tiranë (me kalim nga Muzina),TISA,https://www.dpshtrr.al/operatoret/tisa-shpk,K31520093K,Sarandë,SR-7,Tiranë Veri-Jug,TR-2,17:00,22:32,332.7,277.2,1,"1,2,3,4,5,6,7",8/3/2026,60,0,0,True,2
Vlorë,Përmet,GJ36,Përmet – Berat – Përmet,eTransport,https://www.dpshtrr.al/operatoret-etransport,1,Berat,BR-1,Përmet,PR-1,00:00,02:02,122.5,102.1,1,"1,2,3,4,5,6,7",8/3/2026,60,0,0,True,2
Vlorë,Rinas Aeroport,VL12,Vlorë - Rinas(Aeroport) - Vlorë,HERMES AEROPORT,https://www.dpshtrr.al/operatoret/hermes-aeroport-shpk,L67324202E,Vlorë,VL-28,Rinas Aeroport,TR-4,01:30,04:27,177.9,148.2,1,"1,2,3,4,5,6,7",8/2/2026,60,0,0,True,0
Vlorë,Rinas Aeroport,VL12,Vlorë - Rinas(Aeroport) - Vlorë,HERMES AEROPORT,https://www.dpshtrr.al/operatoret/hermes-aeroport-shpk,L67324202E,Vlorë,VL-28,Rinas Aeroport,TR-4,03:30,06:27,177.9,148.2,1,"1,2,3,4,5,6,7",8/3/2026,60,0,0,True,0
Vlorë,Rinas Aeroport,VL12,Vlorë - Rinas(Aeroport) - Vlorë,HERMES AEROPORT,https://www.dpshtrr.al/operatoret/hermes-aeroport-shpk,L67324202E,Vlorë,VL-28,Rinas Aeroport,TR-4,06:00,08:57,177.9,148.2,1,"1,2,3,4,5,6,7",8/3/2026,60,0,0,True,0
Vlorë,Shkodër,VL13,Vlorë - Shkodër - Vlorë,GEA,https://www.dpshtrr.al/operatoret/gea-shpk,K47428201Q,Vlorë,VL-28,Shkodër,SH-15,06:45,11:16,271.6,226.3,1,"1,2,3,4,5,6,7",8/3/2026,60,0,0,True,0
Vlorë,Shkodër,ShK1,Shkodër - Tiranë - Shkodër,ROZAFA ORTAKËT,https://www.dpshtrr.al/operatoret/rozafa-ortaket-shpk,K26702001R,Tiranë Veri-Jug,TR-2,Shkodër,SH-15,18:00,19:48,108.2,90.2,1,"1,2,3,4,5,6,7",8/3/2026,60,0,0,True,3
Vlorë,Shkodër,ShK4,Shkodër - Rinas - Shkodër,HERMES AEROPORT,https://www.dpshtrr.al/operatoret/hermes-aeroport-shpk,L67324202E,Rinas Aeroport,TR-4,Shkodër,SH-15,22:15,23:55,100.4,83.7,1,"1,2,3,4,5,6,7",8/3/2026,60,0,0,True,4
Vore,Durrës,TR78,Vorë - Shijak - Vorë,ANDROMEDA GROUP,https://www.dpshtrr.al/operatoret/andromeda-group-shpk,L61307527C,Vore,TR-3,Shijak,DR-16,06:30,06:44,14.3,11.9,1,"1,2,3,4,5,6,7",8/3/2026,60,0,0,True,1
Vore,Durrës,TR77,Vorë - Durrës - Vorë,ALTI 07,https://www.dpshtrr.al/operatoret/alti-07-shpk,L01929003C,Vore,TR-3,Durrës Stacioni i Trenit,DR-1,07:00,07:25,25.4,21.1,1,"1,2,3,4,5,6,7",8/3/2026,60,0,0,True,0
Vore,Durrës,DR34,Durrës – Vorë  – Durrës,RIKI TRANS,https://www.dpshtrr.al/operatoret/riki-trans-shpk,L71309505G,Vore,TR-3,Durrës Stacioni i Trenit,DR-1,07:45,08:10,25.4,21.1,1,"1,2,3,4,5,6,7",8/3/2026,60,0,0,True,0
Vore,Durrës,TR77,Vorë - Durrës - Vorë,ALTI 07,https://www.dpshtrr.al/operatoret/alti-07-shpk,L01929003C,Vore,TR-3,Durrës Stacioni i Trenit,DR-1,08:30,08:55,25.4,21.1,1,"1,2,3,4,5,6,7",8/3/2026,60,0,0,True,0
Vore,Durrës,DR34,Durrës – Vorë  – Durrës,RIKI TRANS,https://www.dpshtrr.al/operatoret/riki-trans-shpk,L71309505G,Vore,TR-3,Durrës Stacioni i Trenit,DR-1,09:15,09:40,25.4,21.1,1,"1,2,3,4,5,6,7",8/3/2026,60,0,0,True,0
Vore,Durrës,TR77,Vorë - Durrës - Vorë,ALTI 07,https://www.dpshtrr.al/operatoret/alti-07-shpk,L01929003C,Vore,TR-3,Durrës Stacioni i Trenit,DR-1,10:00,10:25,25.4,21.1,1,"1,2,3,4,5,6,7",8/3/2026,60,0,0,True,0
Vore,Durrës,DR34,Durrës – Vorë  – Durrës,RIKI TRANS,https://www.dpshtrr.al/operatoret/riki-trans-shpk,L71309505G,Vore,TR-3,Durrës Stacioni i Trenit,DR-1,10:45,11:10,25.4,21.1,1,"1,2,3,4,5,6,7",8/3/2026,60,0,0,True,0
Bajram Curri,Durrës,TR52,Tiranë – Kukës – Morinë (AL)/Vermicë (KS) – Gjakovë – Qafë Morinë (AL)/(KS) – Bajram Curri – Tiranë,DRIAGONA,https://www.dpshtrr.al/operatoret/driagona-shpk,K22006002Q,Bajram Curri,BC-1,Tiranë Veri-Jug,TR-2,06:00,10:51,291.2,242.6,1,"2,4,6",8/8/2026,60,0,0,True,1
Bajram Curri,Durrës,TR52,Tiranë – Kukës – Morinë (AL)/Vermicë (KS) – Gjakovë – Qafë Morinë (AL)/(KS) – Bajram Curri – Tiranë,DRIAGONA,https://www.dpshtrr.al/operatoret/driagona-shpk,K22006002Q,Bajram Curri,BC-1,Tiranë Veri-Jug,TR-2,08:00,12:51,291.2,242.6,1,"2,4,6",8/8/2026,60,0,0,True,1
Durrës,Bajram Curri,KU11,BAJRAM CURRI - QAFË MORINË (AL) / (KS) / GJAKOVË - PRIZREN - VERMICË (KS) / MORINË (AL) - KUKËS - TIRANË - BAJRAM CURRI,RILINDI,https://www.dpshtrr.al/operatoret/rilindi-shpk,K49326636A,Tiranë Veri-Jug,TR-2,Bajram Curri,BC-1,08:00,12:50,290.9,242.3,1,"2,4,6",8/8/2026,60,0,0,True,1
Durrës,Bajram Curri,KU11,BAJRAM CURRI - QAFË MORINË (AL) / (KS) / GJAKOVË - PRIZREN - VERMICË (KS) / MORINË (AL) - KUKËS - TIRANË - BAJRAM CURRI,RILINDI,https://www.dpshtrr.al/operatoret/rilindi-shpk,K49326636A,Tiranë Veri-Jug,TR-2,Bajram Curri,BC-1,10:00,14:50,290.9,242.3,1,"2,4,6",8/8/2026,60,0,0,True,1
Durrës,Bajram Curri,KU11,BAJRAM CURRI - QAFË MORINË (AL) / (KS) / GJAKOVË - PRIZREN - VERMICË (KS) / MORINË (AL) - KUKËS - TIRANË - BAJRAM CURRI,RILINDI,https://www.dpshtrr.al/operatoret/rilindi-shpk,K49326636A,Tiranë Veri-Jug,TR-2,Bajram Curri,BC-1,12:00,16:50,290.9,242.3,1,"2,4,6",8/8/2026,60,0,0,True,2
Tiranë,Bajram Curri,KU11,BAJRAM CURRI - QAFË MORINË (AL) / (KS) / GJAKOVË - PRIZREN - VERMICË (KS) / MORINË (AL) - KUKËS - TIRANË - BAJRAM CURRI,RILINDI,https://www.dpshtrr.al/operatoret/rilindi-shpk,K49326636A,Tiranë Veri-Jug,TR-2,Bajram Curri,BC-1,15:00,19:50,290.9,242.3,1,"2,4,6",8/8/2026,60,0,0,True,3
Tiranë,Bajram Curri,KU11,BAJRAM CURRI - QAFË MORINË (AL) / (KS) / GJAKOVË - PRIZREN - VERMICË (KS) / MORINË (AL) - KUKËS - TIRANË - BAJRAM CURRI,RILINDI,https://www.dpshtrr.al/operatoret/rilindi-shpk,K49326636A,Tiranë Veri-Jug,TR-2,Bajram Curri,BC-1,06:00,10:50,290.9,242.3,1,"2,4,6",8/8/2026,60,0,0,True,0
